id,codeunive3,nbunive3,proverbtype,name,missing,code,nb,ref,specificref,levinneisyys
148214,A1a,13,Water will stand in a hollow,unive3-a1a-1,-i,A1a,13,"F1b,K1j",,"F,Ew,Ee,A,O"
148215,A1a,14,Let things take their course / Man muß den Dingen ihren Lauf lassen / Il faut laisser couler l'eau,unive3-a1a-2,,A1a,14,,,"F,E,I"
148219,A1a,17,"Fire is a good servant but a bad master / L'acqua e il fuoco son buoni servitori, ma cattivi padroni",unive3-a1a-3,,A1a,17,,K2k 21,"F,E,I,O"
148239,A1b,17,"Praise the sea, but keep on land / Schön ist das Meer vom Ufer aus/ Fida terra, infidum mare (Latin) / Loue la mer, et tiens-toi à la terre",unive3-a1b-4,,A1b,17,H4b,,E
148242,A1b,19,"Let him that knows not how to pray, go to sea / Wer nicht beten kann, werde ein Schiffsmann / Das Meer lehrt beten / Qui nescit orare, pergat ad mare (Latin)",unive3-a1b-5,,A1b,19,,H5h 16,"F,E"
148250,A1c,11,"Where there's muck there's money / Wo stinkt, da klingt / Negro es el carbonero, pero blanco su dinero",unive3-a1c-6,,A1c,11,,,"F,En,Ew"
148265,A1e,10,"Heat breaks no bones / Wärme bringt Leben, Kälte Tod",unive3-a1e-7,,A1e,10,,,"F,Ew,Ee"
148281,A2a,14,A woman hath nine lives like a cat / eine Katze hat neun Leben / les chats ont neuf vies / gatos tienen siete vidas / gatti hanno nove vite,unive3-a2a-8,,A2a,14,,,"F,E,I"
148336,A2b,19,"An evening red and a morning grey are sure signs of a fair day / Abendrot gut Wetter bot, Morgenrot bringt Wind und Kot / Sera rossa e negro mattino allegra il pellegrino",unive3-a2b-9,,A2b,19,,,F
148345,A3a,12,The east wind won't cease before it rains and a wife's scolding won't cease before she cries trl. Finnish,unive3-a3a-10,-a,A3a,12,"H7d,G4c,D2a,D2c,G5f",,"F,Ew,I,O"
148358,A3a,23,"A rainbow in the morning is the shepherd's warning; a rainbow at night is the shepherd's delight /arc-en-ciel du matin, pluie sans fin; arc-en-ciel du soir, il faut voir",unive3-a3a-11,,A3a,23,,,O
148360,A3a,25,When it rains and the sun shines...,unive3-a3a-12,-i,A3a,25,,,"F,Ew,Ee,A,O"
148371,A3b,12,"Men worship the rising not the setting sun / Die Morgensonne hat mehr Anbeter als die Abendsonne / Plures adorant solem orientem quam occidentem (Latin) / Si stima più il sole levante, che l'occidente",unive3-a3b-13,,A3b,12,,,E
148372,A3b,13,The morning hour has gold in its mouth / Morgenstunde hat Gold im Munde / Aurora musis amica (Latin) / L'aurore a de l'or dans la bouche,unive3-a3b-14,,A3b,13,T1a,,"F,E,O"
148375,A3b,14,"Get a name to rise up early and you may lie all day / Qui a bruit de se lever matin, peut dormir jusqu'au soir",unive3-a3b-15,,A3b,14,,,"Ew,Es"
148379,A3b,18,For a morning rain leave not your journey/Frühregen und Frühgäste bleiben selten über Nacht /Non multum metuas matutinum hospitem et imbrem(Latin)/Vent de soir et pluie du matin n'étonnet paslePèlerin,unive3-a3b-16,,A3b,18,,,"F,E"
148394,A3c,10,Rain in spring is as precious as oil trl. Chinese,unive3-a3c-17,-i,A3c,10,,,"F,Ee,Es,A,O"
148396,A3c,12,April and May are the keys of the year / April und Mai sind die Schlüssel zum ganzen Jahr,unive3-a3c-18,,A3c,12,"T3c,T4b,T1b,T3c",,"F,En,Ee,I,O"
148398,A3c,13b,"April weather, rain and sunshine both together / Mann soll den Tag nicht vor dem Abend loben",unive3-a3c-19,,A3c,13b,,,O
148420,A3c,31,"Wen der Herrgott nass macht, den macht er auch wieder trocken",unive3-a3c-20,-a,A3c,31,,,"F,Ew,Ee,I,O"
148428,A3c,38,"A snow year, a rich year / Schneejahr, reich Jahr / Anno di neve, anno di bene",unive3-a3c-21,,A3c,38,,,"F,E,O"
148431,A3c,41,An age to an age is not a brother trl. Lithuanian,unive3-a3c-22,-o,A3c,41,B2c,,"F,Ew,Es,A,I"
148434,A3c,42,"Fields require three things: a fair weather, sound seed and good husbandman / Das Jahr bringt Getreid und der Acker / Annus producit, non ager (Latin) /",unive3-a3c-23,,A3c,42,,,E
148442,A3d,15,"April snow breeds grass / A bushel of March dust and a shower in May makes the corn green and the field gay / Avril pleut aux hommes, mai pleut aux bêtes",unive3-a3d-24,,A3d,15,,,E
148444,A3d,17,Good folks do not marry in May / Im Mai gehen Huren und Buben zur Kirche / Mense malas Maio nubere vulgus ait (Latin) / Nel maggio non si fanno nozze,unive3-a3d-25,,A3d,17,,,E
148505,B1a,10,Everything is possible for God / Cuncta potest facere deus (Latin) / Dio può tutto,unive3-b1a-26,,B1a,10,,,"F,E"
148509,B1a,14,God sends men cold as they have clothes on / To a close-shorn sheep God gives wind by measure / Pro ratione deus dispertit frigora vestis (Latin),unive3-b1a-27,,B1a,14,,,"E,I"
148510,B1a,15,"Whom God teaches not, man cannot / Rien ne réussit si Dieu n'y donne sa bénédition (Latin) / Quando Dio aiuta, ogni cosa riesce / Nic bez Boga (Polish)",unive3-b1a-28,,B1a,15,,,"F,E,O"
148511,B1a,16,"Man proposes, God disposes / Der mensch denkt, Gott lenkt / Homo proponit, Deus disponit (Latin)",unive3-b1a-29,,B1a,16,,,G
148518,B1a,19,The sun rises on good and bad alike / Die Sonne geht auf über Gute und Böse / Le soleil brille partout / El sol sale para todo el mundo,unive3-b1a-30,,B1a,19,,,"E,A"
148521,B1a,22,God strikes not with both hands / Jede Sünde findet Vergebung / No hiere Dios con dos manos,unive3-b1a-31,,B1a,22,"F1a,H1a",,"Ew,Es"
148527,B1b,13,Good fortune comes to some people while they are asleep / Gott gibt's den Seinen im Schlafe / La fortune vient en dormant,unive3-b1b-32,,B1b,13,,,E
148528,B1b,14,"He who serves God has a good master / Wer auf Gott vertraut, ist schon auferbaut / Spes confisa deo, nuncuam confusa recedit (Latin)",unive3-b1b-33,,B1b,14,,,"G,E"
148531,B1b,16,"He that sends mouths sends meat / Wer Zähne gab, gibt auch Brot / Dio manda l'agnoletto e'l pascoletto",unive3-b1b-34,,B1b,16,G3d,,"F,E,I,O"
148536,B1b,22,"The Lord gives and the Lord takes away / Bóg bierze, Bóg daje (Polish)",unive3-b1b-35,,B1b,22,,,"F,E"
148537,B1b,23,He who has no friend has God trl. Egyptian,unive3-b1b-36,-e,B1b,23,"G1b,H3i",,"F,A,I"
148544,B1c,10,"Whom the Lord loves he reproves / Wen Gott lieb hat, den züchtigt er / Quem enim diligit Dominus, corripit (Latin)",unive3-b1c-37,,B1c,10,,,"F,E"
148547,B1c,13,"God suits the back to the burden / Gott gibt nicht mehr Frost als Kleider / Ultra posse viri, non vult Deus ulla recuiri",unive3-b1c-38,,B1c,13,,,"F,E,I"
148553,B1c,17,"God's mill grinds slow but sure / God waits long but hits hard / Der Götter Mühlen mahlen langsam aber mahlt fein / Vindicta Dei tarda, sed gravis (Latin)",unive3-b1c-39,,B1c,17,,,"F,E,I"
148564,B1d,12,"God sees all things, himself unseen / Gott sieht alles / Noli peccare, deus videt (Latin) / Dieu voit tout / Non peccare, Dio ti vede / Pan Bóg stary gospodarz (Polish)",unive3-b1d-40,,B1d,12,,,"Ew,Eb,O,P"
148570,B1e,10,The fear of the Lord is the beginning of wisdom / Initium sapientiae timor Domini (Latin) / El principio de la sabiduría es temer a Dios,unive3-b1e-41,,B1e,10,K2h,,"F,E,I"
148572,B1e,11,Faith alone makes happy / Glaube macht selig / Il n'y a que la foi qui sauve,unive3-b1e-42,,B1e,11,,,"F,Ew"
148573,B1e,12,"Man is a creature who lives not upon bread alone, but principally by catchwords / Non in solo pane vivit homo (Latin)",unive3-b1e-43,,B1e,12,,,"F,E"
148579,B1e,15b,"Who spits against the wind, it falls in his face / Wer den Stein über sich wirft, dem fällt er auf den Kopf / Qui crache contre le ciel, il lui retombe sur le visage",unive3-b1e-44,,B1e,15b,,,E
148585,B1e,18,"Remember that you must die / Bedenke, daß du sterben mußt / Memento mori (Latin)",unive3-b1e-45,,B1e,18,,,"F,E"
148586,B1e,19,Pray and work / Bete und arbeite! / Ora et labora (Latin) / Trabajar es orar,unive3-b1e-46,,B1e,19,,,"Ew,Es"
148587,B1f,07,"Pray to God, but keep the hammer going",unive3-b1f-47,,B1f,07,,H2e 12,"Ew,I"
148591,B1f,11,"God gives us hands, but does not build bridges for us",unive3-b1f-48,-a,B1f,11,,,"Ew,O,P"
148595,B1f,13,A wonder lasts but nine days / Niuna maraviglia dura più che tre giorni,unive3-b1f-49,,B1f,13,,,"E,A,O"
148597,B1f,14,"What a man desires he easily believes / Der Wunsch ist der Vater des Gedankens / Libenter homines quod volunt credunt (Latin) / A lo que se quiere, se cree",unive3-b1f-50,,B1f,14,T3c,,E
148614,B1g,17,"Bells call to church but do not enter / Die Glocke ruft zur Kirche, geht aber selbst nicht hinein / Non entra a messa la campana e ognun ci chiama",unive3-b1g-51,,B1g,17,J1h,,"F,E,I"
148615,B1g,18,"Do as I say, not as I do / Tut nach meinen Worten und nicht nach meinen Werken / Fais comme je dis, non comme j'agis",unive3-b1g-52,,B1g,18,J1h,,"F,E,I"
148619,B1g,20,The nearer the church the farther from God / Proximus ecclesiae semper vult ultimus esse (Latin),unive3-b1g-53,,B1g,20,E1l,,"F,E,I"
148624,B2a,10,The day will dawn even without the rooster trl.Armenian,unive3-b2a-54,G,B2a,10,A3b,,G
148625,B2a,11,All rivers run into the sea / Alle Flüsse laufen ins Meer / Les fleuves retournement à la mer,unive3-b2a-55,,B2a,11,,A1b 21,E
148628,B2a,12,"What must be, must be / No flying from fate / Wie's kommen soll, so kommt's / Sarà quel che sarà / Inevitable est fatum (Latin)",unive3-b2a-56,,B2a,12,,,"F,E,O"
148633,B2a,14,The fated will happen / No fence against ill fortune / Seinem Schicksal kann niemand entgehen / Inevitable est fatum (Latin),unive3-b2a-57,,B2a,14,J1h,,G
148639,B2a,18,"He that is born to be hanged shall never be drowned / Was am Galgen vertrocknen soll, ersäuft nicht im Wasser / Qui est né pour la gibet, ne se noiera jamais",unive3-b2a-58,,B2a,18,,,"F,E,I"
148646,B2a,24,"Talk of the wolf and his tail appears / Call not a devil, he will come fast enough / Lupus in fabula (Latin) / Hablando de Roma, el Papa se asoma",unive3-b2a-59,,B2a,24,"J1g,J1n,M1e",M4c 16,G
148647,B2a,25,"Nothing is so certain as the unexpected / Der Schlag kommt immer dann, wenn man ihn am wenigsten erwartet / Quid quisque vitet, nunquam homini satis cautum est in horas (Latin)",unive3-b2a-60,,B2a,25,,,E
148649,B2b,10,Count your blessings,unive3-b2b-61,,B2b,10,,,"F,Ew,O"
148655,B2b,13,"What can't be cured must be endured /Gnaw the bone which is fallen to thy lot / We must take the world as we find it / Wer keinen Kalk hat, muss mit Lehm mauern / Tempori aptari decet (Latin)",unive3-b2b-62,,B2b,13,"M6c,H7h",C1a 29,"E,I"
148660,B2b,17,"The goat must bleat where she is tied / Die Ziege muß grasen, wo sie angebunden ist / Où la chèvre est attachée, il faut qu'elle broute",unive3-b2b-63,,B2b,17,,,"F,E,A,O"
148662,B2b,19,It is hard to kick against the pricks / Es ist hart gegen den Stachel auszuschlagen / Durum est contra stimulum calcitrare (Latin),unive3-b2b-64,,B2b,19,B1a,,"F,E,I"
148671,B2b,25,"Those that God loves do not live long / Only the good die young / Die Guten sterben jung / Quem dii diligunt, adolescens moritus (Latin) / Morte fura prima i migliori e lascia stare i rei",unive3-b2b-65,,B2b,25,G8d,,"E,I"
148675,B2b,29,"Who hath no horse may ride on a staff / Hast du kein Pferd, so brauche den Ese / Faute de bœuf contente-toi d'un âne / A falta de bueyes, labra con burros",unive3-b2b-66,,B2b,29,,,"F,E"
148677,B2b,31,Every man has his cross to bear / Jeder hat sein Kreuz zu tragen / Crux est generis omnis (Latin) / À chacun sa croix,unive3-b2b-67,,B2b,31,,,"F,E"
148678,B2b,32,The sun cannot be hidden by a hand trl. Lebanese,unive3-b2b-68,-a,B2b,32,,,"Eb,I,O,P"
148679,B2b,33,"You must take the world as you find it / Nimm die Welt wie sie ist, nicht wie sie sein sollte / Tempora tempore tempra (Latin) / Cual el tiempo, tal el tiento",unive3-b2b-69,,B2b,33,T3b,,E
148683,B2b,36,"After me the deluge / Nach mir die Sintflut/ Après nous le déluge / Después de mí, diluvio",unive3-b2b-70,,B2b,36,"G2c,H2c,M6a,T3c,T4c",,"E,I,O"
148687,B2c,13,"A blind man may, by fortune, catch a hare / Auch ein blindes Huhn findet mal ein Körnlein / Tal volta un ciero trova un ferro di cavallo / I matti hanno sempre un santo che li protegge",unive3-b2c-71,,B2c,13,,B2e 11,"F,Ew,Ee,A,O"
148688,B2c,14,A blind man may perchance hit the mark,unive3-b2c-72,G,B2c,14,,,"F,Ew,I"
148689,B2c,15,"I today, you tomorrow /Everyone in his turn / Heute mir, morgen dir / Hodie mihi, cras tibi (Latin)",unive3-b2c-73,,B2c,15,D1d,,G
148692,B2c,17,"Unlucky gambler, lucky lover / Glück in der Liebe, Unglück im Spiel / Fortuna al gioco, sfortuna in amore",unive3-b2c-74,,B2c,17,,,"F,E"
148696,B2c,20,With a lucky man all things are lucky / In beato omnia beata (Latin),unive3-b2c-75,,B2c,20,,,"F,Ew,Es,O"
148698,B2c,20c,Fortune is blind / Das Glück ist blind / Fortuna caeca est (Latin) / La fortune est aveugle / La fortuna es ciega /,unive3-b2c-76,,B2c,20c,,,E
148699,B2c,21,"Evil comes to us by ells and goes away by inches / Böses kommt geritten, geht aber weg mit Schritten / Il male vien a cavallo e se ne va a piedi",unive3-b2c-77,,B2c,21,,,E
148700,B2c,22,"Today a man, tomorrow a mouse / Heute rot, morgen tot / Irus est subito qui modo Croesus erat (Latin) / Oggi mercante, domani servitore",unive3-b2c-78,,B2c,22,,,"F,E,A"
148704,B2c,23c,"Whom fortune wishes to destroy, she first makes mad / Wem das Glück zu wohl will, den macht es zum Narren /Stultum facit fortuna, quem vult perdere (Latin)",unive3-b2c-79,,B2c,23c,,,Ew
148707,B2c,24,Fortune's wheel is never stopped / Das Glüksrad geht um / Fortunae rotam pertimescebat (Latin),unive3-b2c-80,,B2c,24,T2a,T2a 19,"F,E,I,O"
148713,B2c,24g,After night comes the day / Jede Nacht bringt einen Morgen,unive3-b2c-81,,B2c,24g,,,"Ew,A"
148717,B2c,27,Trouble never comes crying trl. Livonian,unive3-b2c-82,-o,B2c,27,,,"F,E,A,I"
148722,B2c,33,One is not so soon healed as hurt,unive3-b2c-83,-i,B2c,33,"G7d,C4c,C4d,H7j",,"F,Ew,Ee,A,O"
148735,B2d,14,Misfortunes never come alone / Troubles never come alone / Bad things come in threes /Es kommt kein Unglück allein / Nulla calamitas sola (Latin),unive3-b2d-84,,B2d,14,,,G
148739,B2d,16,If we go forward we die; if we go backward we die; better go forward and die trl. Zulu/Afr.,unive3-b2d-85,-i,B2d,16,,,"F,E,A,O"
148740,B2d,17,To leap out of the frying pan into the fire / Aus dem Regen in die Traufe kommen / Incidis in Scyllam cupiens vitare Charybdim (Latin) / Huyendo del toro cayó en el arroyo,unive3-b2d-86,,B2d,17,,,G
148742,B2d,18,He would fall on his back and break his nose,unive3-b2d-87,G,B2d,18,,,G
148746,B2d,20,"Fortune never turns the key to the poor / An unlucky man would be drowned in a teacup / Wer Pech hat, bricht sich den Finger in der Nase / Cui fortuna negat, laedit vel stramine crura (Latin)",unive3-b2d-88,,B2d,20,,,"F,Ew,A"
148753,B2e,10,To kill two birds at one shot / Zwei Fliegen mit einer Klappe schlagen / In saltu uno duos capere capros (Latin) / Matar dos pájaros de un tiro,unive3-b2e-89,,B2e,10,,,"E,I,O"
148754,B2e,11,Fortune favors fools / The biggest fools have the best luck /,unive3-b2e-90,,B2e,11,,B2c 13,E
148756,B2e,13,A drop of luck rather than a cask of wisdom / Glück geht über Witz / Fortuna plus homini quam consilium valet (Latin) / Bonheur passe mérite,unive3-b2e-91,,B2e,13,,,"E,I"
148760,B2e,16,"Fortune gains the bride / Wer's Glück hat , führt die Braut heim / Cui fortuna favet, sponsa perita manet [venit] (Latin)",unive3-b2e-92,,B2e,16,,,E
148762,B2e,19,"Whom God loves, his bitch brings forth pigs / Wer's Glück hat, dem legt der Hahn Eier /Dum fortuna favet, parit et taurus vitulum (Latin) /À qui la fortune est belle, son bœuf vêle",unive3-b2e-93,,B2e,19,,,"F,Ew,Ee"
148764,B2e,21,"He dances merrily whom fortune pipes to / Wem das Glück pfeift, der tanzt wohl / Facile est dare vela secundis (Latin)",unive3-b2e-94,,B2e,21,,,E
148771,B2e,29,La fortune rit aux sots,unive3-b2e-95,-a,B2e,29,"G3a,D1b,M3a,H3i",,"F,E,I,O"
148776,B2f,10,"It's a small world / Friends may meet but mountains never greet / Die Welt ist ein Dorf / Berg und Tal kommen nicht zusammen, aber Menschen wohl / Occurrunt homines, nequeunt occurrere montes (Latin)",unive3-b2f-96,,B2f,10,"H5g,H5d,H7m",,G
148777,B2f,13,All roads lead to Rome /Alle Wege führen nach Rom /Mille viae ducunt homines per saecula Romam (Latin) / Todo camino va a Roma,unive3-b2f-97,,B2f,13,"E1k,H4a",,G
148787,B2g,17,Death and sleep are brothers / Der Schlaf ist das Bild des Todes / Somnus est frater mortis,unive3-b2g-98,,B2g,17,"C5a,M4c",,"F,Ew,Ee"
148788,B2g,17b,Sleep is brother to death,unive3-b2g-99,G,B2g,17b,"G8b,G8e",,G
148792,C1a,10,"Nature her custom holds / What will be will be / Was muss sein, das trifft ein / Che sarà, sarà",unive3-c1a-100,,C1a,10,,,"F,E,I,O"
148794,C1a,11,Nature passes nurture / Natura rerum humana arte non vincitur (Latin),unive3-c1a-101,,C1a,11,"C1c,M9a",,"F,E,I"
148795,C1a,12,Nature draws more than ten oxen / Natur zieht stärker denn sieben Pferde / Natura plus trahit quam septem boves (Latin) / Plus tire nature que cent chevaux /Más tire moza que soga,unive3-c1a-102,,C1a,12,D3b,,E
148799,C1a,16,There is no sin but stupidity / Mori morantur quocumque sub axe morantur (Latin),unive3-c1a-103,,C1a,16,M3f,,"F,E"
148810,C1a,20,"The wolf must die in his own skin / Der Wolf stirbt in seiner Haut / Le loup est toujours loup, et mourra dans sa peau",unive3-c1a-104,,C1a,20,,,E
148815,C1a,24,You cannot wash charcoal white / Einem Mohren kann man nichts weiss machen / Aethiops non albescit (Latin),unive3-c1a-105,,C1a,24,"J1k,H3i,C6e,M3e",,"F,E,I,O,P"
148817,C1a,25b,"Fire is the test of gold, adversity of friendship / Das Gold bewährt sich im Feuer, der Freund in der Not / Ignis aurum probat, miseria fortes viros (Latin)",unive3-c1a-106,,C1a,25b,C1b,,"F,E,O"
148819,C1a,27,"He's the rock, the oak, not to be wind-shaken (Shakespeare)",unive3-c1a-107,G,C1a,27,M6d,,G
148827,C1a,32,A leopard cannot change his spots,unive3-c1a-108,G,C1a,32,F1a,,G
148828,C1a,33,"Wolves lose their teeth but not their memory / The fox may grow grow grey, but never good / Der Wolf stirbt in seiner Haut",unive3-c1a-109,,C1a,33,"C6c,M1e,M9a",C1d 15,"F,E,I"
148841,C1b,11,"Boys will be boys / Children will do like children / Jugend hat keine Tugend / Juventus, ventus (Latin)",unive3-c1b-110,,C1b,11,"G3c,M3f,M5d",,G
148844,C1b,14,An ape is never so like an ape as when he wears a doctor's cape / Jack will never make a gentleman,unive3-c1b-111,,C1b,14,"C6e,K1j",,G
148852,C1b,20,"Wenn der Edelstein auch in den Koth fällt, so bleibt er doch ein Edelstein",unive3-c1b-112,-a,C1b,20,"F1a,H1e,C6d",,"F,Ew,I,O"
148859,C1b,27,"Every little helps / All is fish that comes to his net/ Alles zählt, auch das Geringste / Tutto fa numero",unive3-c1b-113,,C1b,27,G3d,,"F,E"
148863,C1b,31,"No fine cloth can hide the clown / The pouch will always smell of the herring / Bauer bleibt Bauer, auch wenn er schläft bis Mittag / Rustica gens nulla genus arte domabile (Latin)",unive3-c1b-114,,C1b,31,H3i,,"F,E"
148866,C1c,10,An old fox needs not to be taught tricks / Non si insegna a nuotare ai pesci,unive3-c1c-115,,C1c,10,D3b,G6d 09,"F,E,A,O"
148875,C1c,17,The things passed off like water from a duck's back,unive3-c1c-116,G,C1c,17,"M3f,M9c",J1l 29,G
148878,C1c,19,"Never went out ass, and came home horse / Cut off a dog's tail and he will be a dog still / Ein Aff bleibt ein Aff, er mag König werden oder Pfaff / Lupus pilum mutat, non mentem (Latin)",unive3-c1c-117,,C1c,19,C1a,H4d 21,"F,E,I,O,P"
148888,C1c,25,It is not the healthy that need a doctor / Der Gesunde bedarf des Arztes nicht / Il sano non ha bisogno del medico,unive3-c1c-118,,C1c,25,,,"F,E,O"
148890,C1c,26,"Do not cast your pearls before swine / A turd is as good for a sow as a pancake / Asinus stramenta mavult, quam aurum (Latin) / Nolite mittere margaritas ante porcos (Latin)",unive3-c1c-119,,C1c,26,,,G
148895,C1d,09,It will be all the same a thousand years hence,unive3-c1d-120,-i,C1d,09,"G2a,L1e",,"F,E,A,O"
148901,C1d,13,"Custom is a second nature / Jung gewohnt, alt getan / El lobo viejo a la tarde aulla",unive3-c1d-121,,C1d,13,,,"F,E,I,O"
148909,C1d,16,"First love, last love / True love never grows old / Alte Liebe rostet nicht / Antiquus amor cancer est",unive3-c1d-122,,C1d,16,H6a,,"F,E"
148910,C1d,17,Old dogs will learn no new tricks / An old dog cannot alter his way of barking,unive3-c1d-123,,C1d,17,"M9c,G6f",,"F,E,O"
148912,C1d,18,"Trust not a woman even when dead / Mulieri ne mortuae quidem credendum est (Latin) / Il ne faut pas se fier à femme morte / De la mala mujer te guarda, y de la buena no fíes nada",unive3-c1d-124,,C1d,18,,,"F,E,I,O"
148915,C1d,19,"An old ox makes a straight furrow / Mit altem Hunde sicherste Jagd / Bue vecchio, solco diritto",unive3-c1d-125,,C1d,19,"G6f,G6b,G6a",,G
148919,C1d,21c,"Old habits die hard / What youth is used to, age remembers / Jung gewohnt, alt getan / Cui puer assuescit, maior dimittere nescit (Latin)",unive3-c1d-126,,C1d,21c,,,"F,E,O"
148921,C1d,23,Sus magis in caeno gaudet quam fonte sereno (Latin),unive3-c1d-127,,C1d,23,,H5e 18b,"F,Ew,Ee"
148938,C2b,10,"As you sow, you shall mow / As you brew, so you must drink / Du hast den Brei gekocht, iss ihn aus / Qui a tiré le vin, le boit",unive3-c2b-128,,C2b,10,"C3a,G3c,K1j",,G
148940,C2b,10c,"Sow thin, shear thin / Böse Saat trägt böse Früchte / Neglectis urenda filix innascitur agris (Latin) / Quien mal siembra, mal coge",unive3-c2b-129,,C2b,10c,,,Ew
148942,C2b,11,He that sows the wind will reap the whirlwind / Wer Wind sät wird Sturm ernten / Ventum seminabant et turbinent metent (Latin),unive3-c2b-130,,C2b,11,"C4c,H7b,G2a",,G
148945,C2b,13b,"Early sow, early mow / Frühe Saat trägt oft, späte nimmer / Siembra temprano y cogerás paja y grano",unive3-c2b-131,,C2b,13b,,,"E,O"
148948,C2b,16,"There comes nothing out of the sack, but what is in it / Aus einem Mahlsack kann man keine Kohlen holen / Quod supra nos, nihil ad nos (Latin) / Il ne peut sortir du sac que ce qu'il y a",unive3-c2b-132,,C2b,16,C3a,,"E,I"
148950,C2b,16c,Frogs breed frogs / Disteln tragen keine Trauben / Il leggio non fa olive,unive3-c2b-133,,C2b,16c,,,"E,I"
148952,C2b,18,"Hot soup, hot swallow / Die Suppe, sie man sich einbrockt, muss man auch auslöffeln / Tute hoc intristi, tibi omne est exedendum (Latin)",unive3-c2b-134,,C2b,18,"M6a,C3e",,"F,E"
148962,C2c,10b,"Who breaks, pays / Wer die Schuld hat, bezahlt / Qui casse les œufs, les paie / Quien la haga, que la pague",unive3-c2c-135,,C2c,10b,M6a,,"E,O"
148970,C2c,14,"As you make your bed, so must you lie / Wie man sich bettet, so schläft man / Comme on fait son lit, mal couche et gît",unive3-c2c-136,,C2c,14,"M6b,F1b",,G
148983,C2c,21,"As the pay, so the work / Wie der Lohn, so die Arbeit / As the work, so the pay / Wie die Arbeit, so die lohn / Opera pro pecunia",unive3-c2c-137,,C2c,21,M7a,,"F,E,A,O"
148994,C2d,10,"A great ship asks deep waters. / Grosses vogel, grosses Nest / Tel navire, tel eau",unive3-c2d-138,,C2d,10,,,"E,I"
149000,C2d,13,Every sore has its salve,unive3-c2d-139,-a,C2d,13,"G7b,E1i",K1l 28,"E,I"
149008,C2d,17,"A little bird is content with a little nest / Little things amuse little minds / À petit trou, petit cheville / Quale l'uccello, tale il nido",unive3-c2d-140,,C2d,17,,,"F,E"
149022,C2d,23,"If the cap fits, you wear it / Wem der Rock passt, mag ihn anziehen",unive3-c2d-141,,C2d,23,K1j,,"Ee,O"
149024,C2d,25,"To each foot its own shoe / Every shoe fits not every foot / Jedem Tierchen sein Pläsierchen /À chaque pied, son soulier",unive3-c2d-142,,C2d,25,,,"F,E,O"
149025,C2d,25b,"As the wind blows, you must set your sails / Wait for the cat to jump / Die Fahne nach dem Wind drehen",unive3-c2d-143,,C2d,25b,,,E
149027,C2d,26,A fish out of water,unive3-c2d-144,-i,C2d,26,,,"F,E,A,O"
149042,C2e,20,"He who wishes a fire must put up with the smoke / Qui veut du feu, supporte la fumée / Chi fuol fuoco, ha da patir il fumo",unive3-c2e-145,,C2e,20,D1b,,"F,E"
149053,C2f,10,The biter must be bit / Teufel muss man mit Teufeln austreiben / Extremis malis extrema remedia (Latin),unive3-c2f-146,,C2f,10,"E1k,H3i,H7k",,"F,E,I,O"
149054,C2f,13,One nail drives another,unive3-c2f-147,-a,C2f,13,"H3a,G5f,D2d,T2b",,"F,E,I,O"
149059,C3a,10,"Out of nothing, nothing is made / You can't skin a flint / Qui n'a rien, rien ne doit / Ubi nihil est, Caesar iure suo excidit (Latin) / Non si può cavar sangue da una rapa",unive3-c3a-148,,C3a,10,"G8d,K1a",C3h 12,"F,Ew,Ee"
149061,C3a,11,"It's no use pumping a dry well / Nothing for nothing / Von nichts kommt nichts / De rien, rien ne sort",unive3-c3a-149,,C3a,11,"M5d,C3b",,G
149071,C3a,20,It's very hard to shave an egg,unive3-c3a-150,G,C3a,20,K2k,,"F,E,I,O"
149076,C3b,10,All dreams are lies / Dreams are like bubbles / Träume sind Schäume / tous songes sont mensonges /,unive3-c3b-151,,C3b,10,"M7c,J1h,T2a,D1a",,"F,E"
149078,C3b,12,What matters if we drink milk in a dream out of bellmetal or gold? trl. Telugu/Indian,unive3-c3b-152,-i,C3b,12,"M7c,J1h,M7a",,"F,E,A,O,P"
149079,C3b,13,Wishers and woulders are never good householders,unive3-c3b-153,G,C3b,13,"T3c,C3f,H5c,T3b",,G
149080,C3b,13b,"Too much hope deceives / O fallacem hominum spem! (Latin) / Quien espera, desespera",unive3-c3b-154,,C3b,13b,,,E
149086,C3b,15,"Too much hope deceives/ As the fool thinks, so the bell clinks / Hoffen und harren macht manchen zum Narren / Cabeza loca no quiere toca",unive3-c3b-155,,C3b,15,"M3b,B1f",,"E,I,O"
149088,C3b,15c,"He that lives on hope will die fasting / Wer von Hoffnung lebt, stirbt am Fasten / Chi si pasce di speranza, muore di fame",unive3-c3b-156,,C3b,15c,,,"Ew,Es,I"
149095,C3b,20,"If 'ifs' and 'ans' were pots and pans there's be no work for tinkers' hands / Wenn das Wörtchen 'Wenn' nicht wär', wär' mancher Millionär / Si 'sed' non esset, paradisus mundus hic esset (Latin)",unive3-c3b-157,,C3b,20,,,"F,E"
149096,C3b,21,If my aunt had been a man she'd have been my uncle.,unive3-c3b-158,-a,C3b,21,,,"F,E,I,O"
149098,C3b,23,"If the sky falls, we shall catch larks / Wenn der Himmel zusammen fällt, so sind alle Vögel gefangen / Si le ciel tombait, il y aurait bien des alouettes prises",unive3-c3b-159,,C3b,23,,,E
149102,C3b,25,Almost' never killed a fly / 'Beinahe' bringt keine Mücke um / May-bee was ne'er a gude honey bee SCOTTISH / ´Beinahe' bringt keine M'ucke um / 'Nästen' slår ingen man av hästen,unive3-c3b-160,,C3b,25,T4c,,"E,A"
149107,C3b,29,Money doesn’t grow on trees,unive3-c3b-161,,C3b,29,"L2a,M7a",,"F,En,Ew,I"
149111,C3c,11,Better an egg today than a hen tomorrow /Besser heute ein Ei als morgen ihrer drei / Ad praesens ova cras pullis sunt meliora (Latin) / È meglio oggi l'uovo che domani la gallina,unive3-c3c-162,,C3c,11,"T1d,T3a",,"F,E,I,O"
149114,C3c,12,"A bird in the hand is worth two in the bush / A sparrow in hand is better than a pigeon on the roof / Besser ein kleiner Fisch, als gar nicht auf dem Tisch",unive3-c3c-163,,C3c,12,,H2b 24,G
149119,C3c,15,Strech your legs according to your coverlet / Make not your tail broader than your wings /Cut your coat according to your cloth / Strecke dich nach der Decke / Selon le drap la robe,unive3-c3c-164,,C3c,15,"C2b,B2b,K1j",,"F,E,I,O,P"
149125,C3c,20,"Catch the bear before you sell the skin / First catch your hare, then cook it / Vender l'ucello sulla frasca",unive3-c3c-165,,C3c,20,,,G
149128,C3c,22,Catch not a shadow and lose the substance / Ein Gewiss ist besser als zehn Ungeviss / Mal si lascia il certo per l'incerto,unive3-c3c-166,,C3c,22,,,E
149129,C3d,10,Time and tide wait for no man / Time past never returns / Die Zeit steht nicht still / Vorbei ist vorbei / Perditum non redit tempus (Latin),unive3-c3d-167,,C3d,10,"T3c,H7h,T1e",,"F,E,A,I"
149137,C3d,15,"Let bygones be bygones / Das gehört schon der Vergangenheit an / Lo pasado, pasado está",unive3-c3d-168,,C3d,15,,,"F,E,O"
149145,C3d,20,"It's no use crying over spilt milk / Hin ist hin, getan ist getan / Ce qui est fait est fait / Post factum nullum consilium (Latin)",unive3-c3d-169,,C3d,20,G5f,,G
149156,C3e,10,A man cannot live by air /Man kann nicht von der Luft leben / Non si campa d'aria,unive3-c3e-170,,C3e,10,,,"F,E"
149164,C3e,18,You cannot make velvet of a sows ear / It is ill to make a blown horn of a tod's tail / Man kann aus Kieselstein keinen diamanten schleifen / Cornu de cauda non fit potale canina (Latin),unive3-c3e-171,,C3e,18,"M5c,M6c",,G
149165,C3e,19,You can't milk a bull / Den Bock melken / Pedir leche de gallina,unive3-c3e-172,,C3e,19,,,"En,Ee,I"
149167,C3e,22,It's like drawing blood from a stone / Aus einem Stein ist schwer Öl pressen / Hircum mulgere (Latin) /Tirer de l'huile d'un mur / Cavar sangue dalla rapa,unive3-c3e-173,,C3e,22,,D3g 36,G
149170,C3e,24,"An injury graves itself in metal, but a benefit writes itself in water / Injuries we write in marble, kindnesses in dust / Böses schreibt man in Stein, Gutes in Sand",unive3-c3e-174,,C3e,24,,G6c 11,"E,I,O"
149171,C3e,25,Building upon the sand,unive3-c3e-175,G,C3e,25,T3c,,G
149176,C3f,11,Hard words break no bones / Worte schlagen die Leute nicht / Les paroles ne tuent pas,unive3-c3f-176,,C3f,11,"J1a,J1p",J1a 17,"F,E,A"
149178,C3f,15,"Good words fill no sack / Kurze Predigt, lange Bratwurst / Verba non implent marsupium (Latin)",unive3-c3f-177,,C3f,15,"J1h,C3b,D2c,M7f,K2a",C3a 14,G
149181,C3f,18,Keep your thanks to feed your chickens / Take thanks to feed your cats / Mit Dank schmalzt man keine Suppe / I discorsi non fanno farina,unive3-c3f-178,,C3f,18,H5h,,"F,E"
149186,C3f,22,The wolf eats counted and uncounted sheep / Lupus ovium non curat numerum (Latin),unive3-c3f-179,,C3f,22,,,G
149191,C3g,10,"Seeing is believing; feeling is the naked truth / Manus nostrae sunt oculatae, credunt quod vident (Latin)",unive3-c3g-180,,C3g,10,,,"F,Ew,Ee"
149203,C3h,13,"No cows, no care / Wenig Kühe, wenig Mühe / Peu de bien, peu de soin / Poca hacienda, poco cuidado / Chi ha terra, ha guerra / Chudoba bezpecná, a proto vesela",unive3-c3h-181,,C3h,13,K2k,,"F,E,O"
149204,C3h,14,"He that has nothing can never be bankrupt / Little gain, little pain / Qui n'a rien, ne craint rien",unive3-c3h-182,,C3h,14,"K2k,D3e",D3a 29,"F,E,I,O,P"
149210,C4a,09,"One body is no body / Einer ist keiner / Unus vir, nullus vir (Latin) / Uno y ninguno, todo es uno",unive3-c4a-183,,C4a,09,,,"E,O"
149211,C4a,10,Once is no rule / Une fois ne compte pas / Una volta non fa usanza,unive3-c4a-184,,C4a,10,,T4e 19,"F,E"
149217,C4a,12d,One hand will not clasp / It takes two to tango,unive3-c4a-185,G,C4a,12d,"H3b,G5a,G5g,G5f,H7h,L2a,M6d",,G
149223,C4a,15,The frog burst when it tried to make itself as big as a bull,unive3-c4a-186,-i,C4a,15,"K1i,K1m",,"E,O,P"
149229,C4a,19,It's like looking for a needle in a bottle of hay / Eine Nadel in Heu suchen / Acuum in meta faeni quaerere (Latin) / Cercare un ago in un pagliaio,unive3-c4a-187,,C4a,19,,,"E,O"
149238,C4a,24,A bald head is soon shaven. / A short tale is soon told / Kurzes Lied ist bald gesungen / exigui caballo curta strigilis (Latin),unive3-c4a-188,,C4a,24,C3e,,"F,Ew,Ee"
149240,C4a,26,There is the sea - and who shall drain it dry? (Aischylos),unive3-c4a-189,G,C4a,26,"G5e,J1m",,G
149241,C4a,27,A little sheep always seems young / Kleine Hunde bleiben lange jung / Petite belette reste toujours jeunette,unive3-c4a-190,,C4a,27,,,"F,E"
149249,C4b,14,"Small is beautiful / An inch is as good as an ell / Klein, aber fein /Peu et bien",unive3-c4b-191,,C4b,14,L2c,,"F,Ew,Ee"
149255,C4b,19,Small rain allays a great wind / Little strokes fell great oaks/ Kleiner Regen schlägt grossen Wind nieder / Viele Streiche fällen die Eiche / Muchos golpes derriban un robe,unive3-c4b-192,,C4b,19,M7i,,"E,I,P"
149260,C4b,24,There is no little enemy / A worm will turn / Auch die Mücke hat ihre Milz / Inimicum quamvis humilem docti est metuere (Latin),unive3-c4b-193,,C4b,24,M1e,M1e 27,E
149270,C4c,13,The tree is crooked but its fruit sweet / Krumme Bäume tragen auch Früchte / Spesso sotto rozza fronde suave frutto si nasconde,unive3-c4c-194,,C4c,13,"M8a,C4e",,"F,E,A,O"
149273,C4c,17,Tall oaks from little acorns grow / D'un petit gland sourd provient un grand chêne,unive3-c4c-195,,C4c,17,"M6c,M8b",,G
149276,C4c,18,A little more breaks the horse's back,unive3-c4c-196,,C4c,18,G3c,,G
149277,C4c,19,"The last drop makes the cup run over / es ist der letzte Tropfen, der den Eimer überfließen läßt /la última gota colma la copa",unive3-c4c-197,,C4c,19,,,E
149278,C4c,20,Hair by hair old heads go bare / Paulatim evellitur cauda equina (Latin) / L'âge n'est que pour les chevaux,unive3-c4c-198,,C4c,20,,,"E,I"
149279,C4c,21,Large streams from little fountains flow / Alle kleinen Bäche laufen in die grossen / Flumina pauca vides magnis de fontibus orta (Latin) / I piccoli ruscelli fanno i grandi fiumi,unive3-c4c-199,,C4c,21,M6c,,G
149280,C4c,22,From a little seed may spring a great stock / Les petits ruisseaux font les grandes rivières,unive3-c4c-200,,C4c,22,,,"F,Ee,A,I,P"
149281,C4c,24,A small spark may make a great fire / Aus einem kleinen Funken wird oft ein grosses Feuer,unive3-c4c-201,,C4c,24,"H7k,J1f",J1a 33,G
149282,C4c,25,"He that steals an egg will steal an ox / Wer ein Kalb stiehlt, stielhlt eine Kuh / Qui vitulun tollit, taurum subduxerit idem (Latin)",unive3-c4c-202,,C4c,25,"C5c,L1d,C1d",M8a 20,G
149284,C4c,28,"Give a clown your finger and he'll take your whole hand / Gib man ihn einen Finger, nimmt er die ganze Hand / Si digitum porrexeris, manum invadet (Latin)",unive3-c4c-203,,C4c,28,F1c,D3h 27,"F,E,I,P"
149288,C4c,31,"Men trip not on mountains, they stumble over stones trl. Hindustani/Indian",unive3-c4c-204,-i,C4c,31,,,"Ew,A,O"
149293,C4d,10,"Sheep follow sheep / Ein Schaf geht voraus, und alle folgen ihn / Una ove praeunte omnes sequntur (Latin)",unive3-c4d-205,,C4d,10,H1g,,G
149294,C4d,11,One fool makes a hundred / Fools go in crowds / Ein Narr macht hundert Narren / Unius dementia dementes efficit multos (Latin) / Uno loco hace ciento,unive3-c4d-206,,C4d,11,H1e,,"E,O"
149299,C4d,15,A fool may throw a stone into a well which a hundred wise men cannot pull out / Un fol émeut ce que quarante sages ne pourraient apaiser,unive3-c4d-207,,C4d,15,,J1l 23,"E,I,O"
149303,C4d,20,One rotten apple will spoil the whole barrel / Ein faules Ei verdirbt den ganzen Brei / Pomum compunctum cito corrumpit sibi iunctum (Latin) / Une pomme gâtée en gâte cent,unive3-c4d-208,,C4d,20,,,"F,E"
149304,C4d,21,"A bug in the butter, Eine Fliege verdirbt den ganzen Brei / A scabbit sheep files all the flock",unive3-c4d-209,,C4d,21,E1b,,G
149306,C4e,10,Don't spoil the ship for a halfpennyworth of tar / Man kann über einen Strohhalm stolpern / Per un punto Martin perse la cappa,unive3-c4e-210,,C4e,10,,,Ew
149310,C4e,14,"A storm in a teacup / All talk and no cider / Great cry and little wool / Much bruit and little fruit / Great smoke, little roast",unive3-c4e-211,,C4e,14,C5e,,"F,E,O"
149316,C4f,12,"Penny-wise, pound-foolish",unive3-c4f-212,G,C4f,12,"M8c,M3d",,"F,Ew,Es"
149322,C4g,10,"One flower makes no garland / One man does not make a team / Ein Mann macht keinen Tanz, eine Blume keinen Kranz / Unus homo non facit choream (Latin) / Una spiga non fa manna -  独木不成林 One Tree Does Not Make a Forest",unive3-c4g-213,,C4g,10,"H3b,K2d",,"F,E,A,O"
149328,C4h,11,You can't flay the same ox twice / Einen Ochsen schindet man nicht zweimal / Ab uno bove bina pellis non trahitur (Latin),unive3-c4h-214,,C4h,11,"C3e,L1b",,G
149332,C4h,14,Mit der Nadel gräbt man keinen Brunnen,unive3-c4h-215,G,C4h,14,,,"E,A,I"
149335,C4h,17,Einen Bären schlägt man nicht mit einem Strochhalm,unive3-c4h-216,-i,C4h,17,,,"F,Ew,O"
149348,C4i,13,Take not a musket to kill a butterfly / Don't crack eggs with a sledgehammer / Mit Kanonen nach Spatzen schiessen / Tirer sa poudre aux moineaux,unive3-c4i-217,,C4i,13,,,"E,O"
149349,C4i,14,Eagles catch no flies / Löwen fangen keine Mäuse / Les Lions n'inquiètent pas les papillons,unive3-c4i-218,,C4i,14,K1j,,"F,E,I,O"
149354,C4i,19,The cure is worse than the disease / Die Medizin ist schlechter als die Krankheit / Peggiore il remedio che il male,unive3-c4i-219,,C4i,19,G7b,,"E,O"
149357,C5a,10,"Where the horse lies down, there some hair will be found",unive3-c5a-220,-i,C5a,10,,,"F,E,A,O"
149363,C5a,16,If there is no wind the trees do not quiver trl. Malayan,unive3-c5a-221,-a,C5a,16,"K1l,J1m",,"Ew,Ee,I,O"
149364,C5a,17b,"Love, cough and itch cannot be hid / Husten, Rauch und Liebe kann man nich verbergen / Amor tussisque non celatur (Latin)",unive3-c5a-222,,C5a,17b,,,Ew
149365,C5a,18,There is no smoke without fire / Nil sine causa (Latin),unive3-c5a-223,,C5a,18,"J1m,C6b,H7b,J1e",,G
149368,C5a,21,"Someone died, someone cried trl. Tamil/Indian",unive3-c5a-224,-e,C5a,21,H5c,,"A,I,O"
149375,C5b,10,"The bird is known by its note, the man by his words / Den Vogel am Gesange, den Hafen am Klange / Al cantare l'uccello, al parlare il cervello",unive3-c5b-225,,C5b,10,M6e,J1o 15,"F,E"
149376,C5b,11,A bird is known by its flight / As the man is so is his talk / Den Fuchs erkennt man an den Ohren / Avis a cantu dignoscitur (Latin),unive3-c5b-226,,C5b,11,M6e,,"F,En,Ee"
149378,C5b,12b,One knows a man by his trade even if it is drinking beer trl. Hausa/Afr.,unive3-c5b-227,G,C5b,12b,,,"Ew,A,O"
149380,C5b,13,The lion is known by his claws / You may know the fox by his tail /An der Klaue erkennt man den Löwen / Ex ungue leonem (Latin) / Dall'unghia si conosce il leone,unive3-c5b-228,,C5b,13,"M6e,K1j",,"F,E,A"
149395,C5b,25,It will be a forward cock that crows in the shell,unive3-c5b-229,,C5b,25,"G2a,G4a,C1a,C1c,C5b,F1a",,"E,A,I,O"
149396,C5b,26,"The true nettle stings when it is young / Was zur Nessel werden will, brennt in der Jugend / Urit mature urtica vera (Latin)",unive3-c5b-230,,C5b,26,"G3a,J1m,G6c,M3a",,"E,I,O"
149397,C5b,27,It is soon apparent which trees will bear fruit,unive3-c5b-231,G,C5b,27,"G3a,G6f,B2g,G2a",,G
149402,C5b,31,"Cold hand, warm heart / Froides mains, chauds amours / Mani fredde e cuore caldo",unive3-c5b-232,,C5b,31,E1k,,"F,E"
149406,C5b,34,"He that will lie will steal /Wer lügt, der stiehlt / Les voleurs sont des menteurs",unive3-c5b-233,,C5b,34,"J1j,C1d,L1b",,"F,E,O"
149407,C5b,35,"Quick at meat, quick at work / Hurtig zum Imbiß, hurtig zur Arbeit / Celui qui est lent à manger est lent à travailler /",unive3-c5b-234,,C5b,35,"D4d,M7i",M7a 14,"F,E,A,O"
149409,C5c,10,"Give a dog a bad name and hang him / Wer einmal einen Ruf hat, verliert ihn so leicht nicht / Buena fama hurto encubre",unive3-c5c-235,,C5c,10,"C1d,T4e,J1e,J1j,L1d",,"F,E,P"
149417,C5c,14,"Once a thief, always a thief / Once a knave, always a knave / Wer einmal stiehlt heisst immer ein Dieb / Qui semel est furans, furis nomen sibi durans (Latin) / El que roba una vez, ladrón es",unive3-c5c-236,,C5c,14,"C1d,T4e,L1d",,E
149429,C5d,16,It is easy to be brave from a safe distance / Hinter dem Ofen ist gut Krieger sein / Molti son bravi quando l'inimico fugge,unive3-c5d-237,,C5d,16,"J1h,M4a,F2c",,"E,I,O"
149432,C5d,17,"Gold is proved in the fire, and acceptable men in the furnace of humiliation",unive3-c5d-238,-a,C5d,17,"C5d,D3a,D3h,D5d,J1k",H6b 24,"E,I,O"
149438,C5e,10,Beware of a silent dog and still water / Stille Hunde und stille Wasser sind gefährlich / A cane muto et aqua silente cave tibi (Latin),unive3-c5e-239,,C5e,10,"M1e,H7g,C4b",,G
149441,C5e,13,Many kiss the child for the nurse's sake / Das Kind Streicheln und die Mutter meinen / Oscula nutrici pueri dant eius amici (Latin) / Por la madre se pesa al infante,unive3-c5e-240,,C5e,13,"H7i,E1l",J1d 30,G
149444,C5e,18,"He that makes himself an ass must not take it ill if men ride him / Make yourself a sheep and the wolf will eat you / Esel dulden stumm, allzu gut ist dumm / Qui se fait bête, le loup le mange",unive3-c5e-241,,C5e,18,"C2c,K1j,H7i,M4d,J1j",,"F,E,I"
149445,C5e,20,"Make yourself all honey and the flies will devour you / Wer sich zu Honig macht, den benaschen die Fliegen / Fatti di miele e ti mangeranno le mosche",unive3-c5e-242,,C5e,20,"C2c,J1j,H5d,E1j",,"F,E,I"
149447,C5e,23,"A honey tongue, a heart of gall / An iron hand in a velvet glove / Mel in ore, fel in corde (Latin) / bouche de roses et cœur puant",unive3-c5e-243,,C5e,23,"C6e,J1j,C6b",,"F,E,I,O"
149451,C5e,26,"A saint's words and a cat's claws / The cross on his breast and the devil in his heart / Worte eines Heiligen, Klauen einer Katze",unive3-c5e-244,,C5e,26,"C6e,J1j,K1g",,"F,E,I"
149452,C5e,27,"Fair words and foul deeds / Fine words dress ill deeds / Samtweiche Worte, harte Taten / Bella promessa lega il matto",unive3-c5e-245,,C5e,27,"E1l,J1i,C6c,J1j",,E
149458,C5e,31b,The eye is the mirror of the soul / The face is the index of the heart / Das Auge ist des Seele Spiegel / Oculi sunt in amore duces (Latin) / Les yeux sont les messagers du cœur,unive3-c5e-246,,C5e,31b,"H1d,M3a,H1a",,G
149461,C5e,33,The heart is weeping and the mouth is smiling trl. Swedish,unive3-c5e-247,-i,C5e,33,"D2b,E1l,D2b,E1i,J1d",,"F,E,A"
149467,C6a,10b,"Tone makes music / It is not what you do, but the way that you do it / Der Ton macht die Musik / C'est l'air qui fait la chanson / El tono hace la música / Z pieśni słowa nie wyrzucić (Polish)",unive3-c6a-248,,C6a,10b,,,"Ew,Es"
149466,C6a,10,Clothes make the man / Nine tailors make a man,unive3-c6a-249,,C6a,10,"H1f,K1j,C5b",,"F,E,A,O"
149475,C6a,16,Fine feathers make fine birds,unive3-c6a-250,G,C6a,16,"J1j,C1c,K1i,K2a",,G
149500,C6a,36,"Red hair, devil's hair / Schwarzer Haar und roter Bart sind Zeichen einer bösen Art / Rufus homo raro bonus (Latin)",unive3-c6a-251,,C6a,36,H1f,,"F,E,I"
149508,C6a,42,"He that hath a beard is more than a youth; and he that hath no beard is less than a man / Der Bart macht den Mann / Barba decet virum (Latin)/ A las barbas con dineros, honra hacen los caballeros",unive3-c6a-252,,C6a,42,"C5b,G4a,G6a",,"F,E"
149514,C6a,47,"If the beard were all, the goat might preach / Nicht jeder, der einem Bart trägt, ist ein Philosoph",unive3-c6a-253,,C6a,47,"C6c,C1b,C1a,G6a,M3a",,G
149519,C6b,12,Beauty and chastity seldom meet / Beauty and honesty seldom agree / Bellezza e follia sovente in compagnia,unive3-c6b-254,,C6b,12,D3b,,"E,O"
149523,C6b,14,Better to be than to seem good / Besser sein als scheinen / Meglio essere che sembrare / Wisdom sometimes walks in clouted shoes / Beau noyau gît sous faible écorce,unive3-c6b-255,,C6b,14,"K1j,K2a",C6c 21,E
149525,C6b,15,Appearances are deceptive / Do not judge by appearances / Clothes do not make a the man / Beauty is but skin-deep / Das Kleid macht keinen Mönch / L'habit ne fait pas le moine,unive3-c6b-256,,C6b,15,"H1a,K2a",,"F,E,O"
149531,C6b,18,"Fair is not fair, but that which pleases / Ce qui me plaît est bon / Bello è chi bello fa",unive3-c6b-257,,C6b,18,"G5e,H2d",,"E,I"
149536,C6b,21,"No rose without a thorn / Keine Rose ohne Dornen / Urticae proxima saepe rosa est (Latin) / Não há rosa sem espinhos, nem mel sem abelha, nem formosa sem senão (Portuguese)",unive3-c6b-258,,C6b,21,"M1e,E1b,C5e",,"F,E,I,O"
149537,C6b,23,The beauty is only a skin deep (...but a skin deep; within is filth an putrefaction),unive3-c6b-259,G,C6b,23,"C5e,M1e,T2c",,G
149540,C6b,25,The fairest silk is soonest stained,unive3-c6b-260,-a,C6b,25,"F1f,C6d,K2k,G5e,B2c",,"E,I"
149544,C6b,25e,"A handsome hostess is bad for the purse / Je schöner die Wirtin, je schwerer die Zeche / Ostessa bella, conto caro",unive3-c6b-261,,C6b,25e,,,Ew
149545,C6b,26,"Beauty is a blossom / Charm is a delusion, and beauty fleeting / Rosen verblühn, die Dornen bleiben / La grazia è cosa fallace, e la bellezza è cosa vana",unive3-c6b-262,,C6b,26,"T2b,B2c,G6a",,"E,I,O"
149549,C6c,10,All that glitters is not gold / es ist nicht alles Gold was glänzt /non teneas aurum totum quod splendet ut aurum (Latin) / no todo es oro lo que brilla,unive3-c6c-263,,C6c,10,M3b,,G
149554,C6c,14,Every reed will not make a pipe / Man kann nicht aller Holz zu Bolzen drehen / Tout bois n'est pas bon à faire flèche,unive3-c6c-264,,C6c,14,D1c,,Ew
149559,C6c,17,All are not cooks that carry long knives / All are not saints who go to the church / Non omnes sancti qui calcant limina templi (Latin),unive3-c6c-265,,C6c,17,"M5a,K1j,C1c",,"F,E,I,O"
149564,C6c,20,A long nose never spoiled a handsome face / Un bel naso fa un bell'uomo,unive3-c6c-266,,C6c,20,C6a,,"F,E"
149565,C6c,21,There is more than one ass at the fair called Martin / Es heißen viele Hans / Multi sunt asini nunquam saccis onerati (Latin) / Hay más de un burro del mismo pelo,unive3-c6c-267,,C6c,21,"M1c,C5e,G5e",,"F,E,A,O,P"
149566,C6c,22,There are more maids than Maukin and more men than Michael,unive3-c6c-268,G,C6c,22,M1c,,"F,Ew"
149575,C6c,28,A wolf in sheep's clothing / Wolves in lambskins / Inter canem et lupum (Latin) / Ein Wolf im Schafspelz / Lupo in pelle d'agnello,unive3-c6c-269,,C6c,28,J1j,,"F,E,I,O,P"
149580,C6c,31,"A young saint, an old devil / Jung' Engel, alt' Teufel / Angelicus iuvenis senibus satanizat in annis (Latin) / De jeune ermite, vieux diable",unive3-c6c-270,,C6c,31,"G5e,H2d,E1k,G5f",,"F,E,A,O"
149585,C6c,35,A woman's tears and a dog's limping are not real / Der Weiber Weinen ist ein heimliches Lachen / Mulieris lacrima condimentum est malitiae (Latin) / Pleur de femme crocodile semble,unive3-c6c-271,,C6c,35,"J1j,M1e,F1c",,"Ew,Ee"
149588,C6d,10,Beauty will buy no beef / Schönheit nähret nicht / Non est forma satis (Latin),unive3-c6d-272,,C6d,10,"M7a,M8a",C3e 11,"F,E,A,P"
149596,C6d,15,You cannot know wine by the barrel / Don’t judge a book by its cover,unive3-c6d-273,G,C6d,15,"C6b,C1a,G3a,M7a",,"F,E,O"
149601,C6d,19,The hand which touches bran will touch money trl. Telugu/Indian,unive3-c6d-274,-i,C6d,19,M7a,M7c 21,"F,Ew,A,O"
149609,C6d,24,"Black earth yields white bread / Where there's muck there's money / Wo stinkt, da klingt / Schwarzer Grund trägt gute Frucht / La tierra negra buen pan lleva",unive3-c6d-275,,C6d,24,"D4c,G2b,M8a",,"Ew,Es"
149612,C6e,10,"Keep smiling / Keep a stiff upper lip / Ein kecker mut ist der beste Harnisch / Ut melius, quidquid erit, pati (Latin)",unive3-c6e-276,,C6e,10,"J1j,E1l,H1a",D2a 13,E
149615,C6e,12,"Beads about the neck, and the devil in the heart / In sight one is like silk; out of sight one is like a wolf",unive3-c6e-277,-a,C6e,12,"J1j,M1e,C6c",C1a 13,"F,E,I,O"
149625,C6f,12,"A tall man lacks wisdom / Lange Menschen, selten weise / Amens longus (Latin)",unive3-c6f-278,,C6f,12,C6d,,"F,E"
149627,C6f,13,"A big head and little wit / Breite Stirn, wenig Hirn / Grosse tête, peu de sens",unive3-c6f-279,,C6f,13,"C4a,M3a,C5c",,"F,E,I,O"
149629,C6f,15,"The bigger they are, the harder they fall",unive3-c6f-280,,C6f,15,"E1j,K2k",,"F,Ew,Ee"
149640,D1a,10,Truth is stranger than fiction / Das Leben schreibt die besten Romane / La realidad es más fuerte que la ficción,unive3-d1a-281,,D1a,10,B2f,,"F,Ew,Es,I"
149646,D1a,14,"All the world's a stage, and all the men and women merely players / Teatro è il mondo e l'uomo è marionetta",unive3-d1a-282,,D1a,14,"M9a,E1k,B2c,G8a,J1j,K1j",,G
149653,D1a,17,Nature is content with little / Natur ist mit wenigem zufrieden / Contentus parvo (Latin) / Di poco si contenta natura,unive3-d1a-283,,D1a,17,,,E
149657,D1b,12,Life is not a bed of roses /Life is not all cakes and ale / Im Leben ist nicht alles rosig / Tout n'est pas la rose dans la vie / La vita non è tutta rose e fiori,unive3-d1b-284,,D1b,12,D2b,,E
149659,D1b,12c,Youth once gone is gone / Nur einmal blüht im Jahr der Mai / Los años no se pasan en balde,unive3-d1b-285,,D1b,12c,,,"E,O"
149664,D1b,14,"We are born crying, live complaining, and die disappointed / Das Leben beginnt und schließt mit Weinen / Nascimur in lacrimis, lacrimablie ducimus aevum (...) (Latin)",unive3-d1b-286,,D1b,14,G7e,,"F,E"
149684,D1b,25,The life of man is as spotted as woodpecker's coat trl. Lettish,unive3-d1b-287,-a,D1b,25,M9a,,"F,Ew,Ee,I,O"
149686,D1b,26,"A pot oft sent to the well is broken at last / Tant va la cruche à l'eau qu'à la fin elle se brise / Vaso che va spesso al fonte, ci lascia il manico o la fronte",unive3-d1b-288,,D1b,26,"B2a,G8b,M1e,H7b",,G
149698,D1c,14,All the fingers are not alike / Die fünf Finger der Hand gleichen nicht einander / Tutte le dita non sono pari,unive3-d1c-289,,D1c,14,"G2b,B2b",,G
149700,D1c,16,"All men are not alike / There are no two people alike /Kein Mensch gleicht dem anderen / Wenn zwei das Gleiche tun, ist es nicht das Gleiche",unive3-d1c-290,,D1c,16,"B2b,G2b",,"E,O"
149701,D1c,16b,It take all sorts to make a world /Unser Herrgott hat seltsame Kostgänger/Quisque modi genus hominum(Latin)/Il faut de tout pour faire un monde / Hay de todo en la viña del Señor / Il mondo è bello...,unive3-d1c-291,,D1c,16b,G2b,,"E,O"
149704,D1c,17,All men cannot do all things / Ciascun non pùo far tutto,unive3-d1c-292,,D1c,17,"M5a,B2b,H1d",,"F,E"
149711,D1c,21,Every man has his own style like his own nose / Der Stil ist der Mensch selbst / Stylus virum arguit (Latin) / Le style est l'homme même,unive3-d1c-293,,D1c,21,H1d,,"F,E,O"
149720,D1c,24,There are men and men / Es gibt so'ne und solche /Il y a gens et gens,unive3-d1c-294,,D1c,24,F1e,,"F,E"
149729,D1c,28,Every ass loves to hear himself to bray / Every man has his hobby-horse / Chacun à sa marotte,unive3-d1c-295,,D1c,28,"M3d,E1k",,"F,E,O"
149735,D1c,33,Every man to his trade,unive3-d1c-296,G,D1c,33,"K1j,K1e",,G
149737,D1c,35,"Many are called but few are chosen / Viele sind berufen, aber wenige sind auserwählt / Multi sunt vocati, pauci vero electi (Latin) / Molti son i chiamati, ma pochi gli eletti",unive3-d1c-297,,D1c,35,"F1a,K1j,K1e",,E
149739,D1c,37,"Variety is the spice of life / Always the same dish is tiresome /  Abwechslung erfreut / Diversité, c'est ma devise / La varietà piace",unive3-d1c-298,,D1c,37,"M1f,T2b,M7g",,"E,I,O"
149741,D1d,10,"The cat and dog may kiss, yet are none the better friends / Sie leben wie Katze und Hund / Ils s'accordent comme chien et chat / Stanno d'accordo come cani e gatti",unive3-d1d-299,,D1d,10,,,G
149742,D1d,11,Fire and flax agree not / Fire is not to be quenched with tow,unive3-d1d-300,,D1d,11,,,"F,E,A,O,P"
,D1d,16b,"The camel has his plans, and the camel-driver has his plans",unive3-d1d-301,,,,,,None
149754,D1d,22,Man is a wolf to man / Dog eat dog / Lupus est homo homini (Latin) / Un diavolo caccia l'altro,unive3-d1d-302,,D1d,22,,,"F,E,A"
149757,D1d,25,"Gifts from enemies are dangerous / Feindes Geschänke haben Ränke / Hostium munera, non munera (Latin)",unive3-d1d-303,,D1d,25,M1b,,"Ew,Es"
149758,D1d,26,"He that has a fox for his mate, has need of a net at his girdle / Halte Freundschaft mit dem Bären, halte aber auch die Axt bereit / Habes commercium cum vulpe? dolos cave",unive3-d1d-304,,D1d,26,M1b,,"F,E"
149760,D2a,10,It is better to laugh than to cry trl. Maltese,unive3-d2a-305,G,D2a,10,"G5e,H7c",,"F,En,Es,O"
149765,D2a,13b,"Music hath charms to soothe the savage breast / Wo man singt, da laß' dich ruhig nieder, böse Menschen kennen keine Lieder / La musique adoucit les mœurs / Donde hay música no puede haber cosa mala",unive3-d2a-306,,D2a,13b,"F1b,G7b",,"E,O"
149768,D2a,14b,"To the happy, time is swift / Dem Glüglichen schlägt keine Stunde / Las personas felices no miran las horas",unive3-d2a-307,,D2a,14b,"E1k,D3c",,"E,O"
149769,D2a,14c,Love is swift of foot / Where your will is ready your feet are light / Williges Herz macht leichte Füsse / Nullus difficilis cupienti labor (Latin),unive3-d2a-308,,D2a,14c,,,"E,O"
149773,D2a,17,A merry heart lives long,unive3-d2a-309,,D2a,17,"G7b,J1p",,"F,E"
149778,D2a,20,Care killed the cat / Cura facit canos (Latin) / Les soucis font blanchir les cheveux de bonne heure,unive3-d2a-310,,D2a,20,"G7d,D4b",,"F,E,O"
149780,D2a,21,"Rost frisst Eisen, Sorge den Weisen / Rdza trawi zelano, troska cz#lowieka (Polish)",unive3-d2a-311,,D2a,21,"H7k,H7c",H7c 11,"F,E,I,P"
149782,D2a,23,Sorrow will pay no debt / Hundert Phund Sorge bezahlt kein Lot Schulden / La mélancolie ne paie pas de dettes,unive3-d2a-312,,D2a,23,"M6c,T3c,E1j",,"Ew,Es"
149784,D2a,25,Crying will not mend matters / Mit Tränen stillt man keine Not / Lágrimas no quitan penas,unive3-d2a-313,,D2a,25,"M6c,E1j,D2d",,"F,E,O"
149798,D2b,10b,"War, hunting and love, for one pleasure bring a thousand pains / De chiens, d'oiseaux, d'armes, d'amours, pour un plaisir mille douleurs / Guerra, caza y amores, por un placer mil dolores",unive3-d2b-314,,D2b,10b,E1l,,"E,O"
149800,D2b,11b,"One day of pleasure is worth two of sorrow/Eine selige Stunde wiegt ein Jahr Schmerzen auf/Qui a une heure de bien, il n'est pas toujours malheureux/Una hora de contento paga cien años de tormento",unive3-d2b-315,,D2b,11b,,,"E,O"
149801,D2b,12,"After joy comes sorrow / Af Lachen folgt weinen / Ingen glädje utan sorg / Aujourd'hui en fleurs, demain en pleurs",unive3-d2b-316,,D2b,12,"E1j,B2c,C2e,D1a,D1b,D1j,D2c,D5e,E1i,T3c",,G
149803,D2b,14,"He that laughs in the morning weeps at night / Den Vogel, der zu früh singt, frisst die Katze / Risus profundior, lacrimas parit (Latin)",unive3-d2b-317,,D2b,14,"E1j,D1b,B2c,B2g",,"F,E"
149815,D2c,13,A fool is ever laughing / Am Lachen erkennt man den Toren / Per risum multum debes cognoscere stultum (Latin),unive3-d2c-318,,D2c,13,"J1c,C5b,M3f",,"F,E,I,O"
149821,D2c,18,"It is hard to lift a full cup without spilling / Wenn dem Esel zu wohl ist, geht er aufs Eis tanzen",unive3-d2c-319,,D2c,18,"E1j,M3f,H7c,B2c",,"Ew,A"
149822,D2c,19,"Long jesting was never good / Better lose a jest than a friend / Spassen, aber nicht über die Massen",unive3-d2c-320,,D2c,19,"T3c,D5e,D3i,E1j,G7b",,G
149828,D2d,10,I gran dolori sono muti,unive3-d2d-321,,D2d,10,J1d,,E
149829,D2d,11,He who conceals his grief dies of it trl. Maltese,unive3-d2d-322,-o,D2d,11,"J1d,G7d,J1k",,"E,A,I"
149833,D2d,13b,To weep is to make less the depth of grief / Weinen ist eine Erleichterung / Habet lacrimas magna voluptas (Latin),unive3-d2d-323,,D2d,13b,,,E
149838,D3a,11,"Need makes the naked man run / Der Hunger lehrt geigen / Besoin fait vieille trotter, et l'endormi réveiller / Il bisogno fa trottar la vecchia",unive3-d3a-324,,D3a,11,,,"F,E"
149843,D3a,16,Hunger drives the wolf out of the woods / Der Hunger treibt den Wolf ins Dorf / Fames pellit lupum e silvis (Latin) / El hambre echa al lobo del monte,unive3-d3a-325,,D3a,16,,,G
149848,D3a,18b,A baited cat may grow as fierce as a lion,unive3-d3a-326,-a,D3a,18b,,,"Ew,I,O,P"
149852,D3a,19,"A hungry man, an angry man",unive3-d3a-327,-a,D3a,19,,,"F,Ew,I,O"
149854,D3a,20,"Play, women and wine undo men laughing",unive3-d3a-328,-a,D3a,20,G5g,,"F,Ew,Es,I,O"
149855,D3a,21,"The empty leech sucks sore / Hungrige Fliegen stechen scharf / Macilenti pediculi acrius mordent (Latin) / Mosche e pulci magre, son le più affamate",unive3-d3a-329,,D3a,21,,,"F,Ew"
149856,D3a,22,"Poverty is the mother of crime / Aus Armut stiehlt man, aus Not lügt man / Paupertas meretrix (Latin) / La pobreza es madre de picardía",unive3-d3a-330,,D3a,22,,,"F,E,A,O"
149860,D3a,23,Need knows no law / Not hat kein Gebot / Necessitas caret legibus (Latin) / Necessità non conosce legge,unive3-d3a-331,,D3a,23,L1c,,"F,E,I,O"
149862,D3a,24,Necessity is the mother of invention / Poverty is the mother of all the arts / Armut ist aller Künste Meister / Artis magistra necessitas (Latin),unive3-d3a-332,,D3a,24,,,"F,E,I,O"
149866,D3a,26,Hunger is the teacher of all arts / Hunger ist der Künste meister / Artificia docuit fames (Latin),unive3-d3a-333,,D3a,26,M9a,,"F,E,A"
149868,D3a,27,"When it thunders, the thief becomes honest / Ist der Teufel krank, so will er ein Mönch werden / Vitium impotens virtus vocatur (Latin) / Después de viejo el diablo se hizo fraile",unive3-d3a-334,,D3a,27,B1e,,"F,E,O"
149869,D3a,28,Hunger breaks stonewalls / Necessity breaks iron / Not bricht Eisen /Necessitas ferrum frangit (Latin),unive3-d3a-335,,D3a,28,,,"Ew,Ee"
149872,D3a,30,When times are hard even the male will cub,unive3-d3a-336,-a,D3a,30,,,"F,E,I,O"
149878,D3b,10,Love will find out the way /Alla forza d'amore soggiace ogni valore,unive3-d3b-337,,D3b,10,,,"F,Ew,Es,A"
149881,D3b,12,Baghdad is not remote to a lover,unive3-d3b-338,-i,D3b,12,,H3b 27,"F,Ew,Ee,A,O"
149886,D3b,15,A fair face is half a portion / Ein schön' Gesicht ist halbe Mitgift / A good face is a letter of recommendation,unive3-d3b-339,,D3b,15,,,"F,Ew,Es,I"
149890,D3b,17,Beauty opens all doors,unive3-d3b-340,G,D3b,17,"C6a,K2c",,G
149898,D3b,20,Where there is butter there are flies,unive3-d3b-341,G,D3b,20,,,G
149900,D3b,21,"No larder but hath its mice / Wo Speise, da Mäuse / Ubi mures, ibi fures (Latin) /",unive3-d3b-342,,D3b,21,,,"F,E,I,O"
149903,D3b,24,"Where one feels pain, there will he keep his hand / Die Zunge geht dahin, wo der Zahn schmerzt / Ubi dolor, ibi manus (Latin) / Allá va lengua, do duele la muela",unive3-d3b-343,,D3b,24,,,"F,E,A,O"
149912,D3b,32b,Give a sprat to catch a herring / Butta una fardola per pigliar un luccio,unive3-d3b-344,,D3b,32b,C2b,L2a 26,A
149923,D3b,41,"Where the carcass is, the ravens will gather / Wo ein Aas ist, da sammeln sich die Geier / Ubi cadaver, ibi aquila (Latin) / Donde hay carroña, hay cuervos",unive3-d3b-345,,D3b,41,"J1g,C1d",,G
149931,D3c,10,"Love is stronger than death /Love conquereth all / Liebe überwindet alles / Omnia vincit amor, et nos cedamus amori (Latin) / Amour vainc tout / Tutto vince amor",unive3-d3c-346,,D3c,10,,,E
149933,D3c,12,Perfect love casts out fear / Die völlige Liebe treibt die Furcht aus / La compiuta carità caccia fuori la paura,unive3-d3c-347,,D3c,12,,,E
149934,D3c,13,All is fair in love and war / In amore e in guerra tutto è lecito,unive3-d3c-348,,D3c,13,,,"Ew,Es,O"
149939,D3c,17,"Love and a cough (smoke, an itch) cannot be hid",unive3-d3c-349,-a,D3c,17,"F2c,J1d,K2j",,"F,E,I,O"
149940,D3c,20,Love is blind / Fancy passes beauty / Liebe macht blind / Nemo in amore videt (Latin) / L'amore è cieco,unive3-d3c-350,,D3c,20,,B2c 20,G
149941,D3c,21,Beauty is in the eye of the beholder / Beauty lies in lovers' eyes / Handsome is that handsome does / Liebes geht über Schönes / Tout ce quon aime paraît beau,unive3-d3c-351,,D3c,21,"E1k,L2d",,G
149944,D3c,24,Love makes all equal / Gleichheit ist der Liebe Band / L'amour égalise toutes les conditions / Amor tutti eguagia,unive3-d3c-352,,D3c,24,,,"Ew,Es,A"
149946,D3c,24c,Love lives in cottages as well as in courts / Raum ist in der kleinsten Hütte für ein sich liebend' Paar,unive3-d3c-353,,D3c,24c,,,"F,E"
149948,D3c,25,"Knowledge and love, altogether cotton not / In der Liebe ist Narrheit Weisheit / Amantes, amentes (Latin) / Afición ciega razón",unive3-d3c-354,,D3c,25,,,"Ew,Es,A,I"
149950,D3c,26,Love's malady without a cure / L'amour est la seule maladie dont on n'aime pas à guérir / Ei mihi quod nullis amor est sanabilis herbis (Latin),unive3-d3c-355,,D3c,26,,,"E,O"
149954,D3d,12,A cat dreams of mice,unive3-d3d-356,-a,D3d,12,C1c,,"F,E,I,O"
149955,D3d,13,"Who goes to bed supperless, all night tumbles and tosses / Wer ohne Essen zu Bett geht, der wird leicht am Schlaf verhindert /Semper vacuos nox sobria torquet (Latin)",unive3-d3d-357,,D3d,13,,,"F,Ew,Eb,I"
149960,D3d,18,The ass dreams of thistles / He who has lost his oxwn is always hearing bells / Der Hungrige denkt nur ans Essen / Un affamato non pensa she al pane,unive3-d3d-358,,D3d,18,,,"F,E,I"
149964,D3d,21,A watched kettle never boils / Beim Wartem wird die Zeit Lang / Pentola guardiata non bolle mai,unive3-d3d-359,,D3d,21,,,"F,E,O"
149967,D3d,23,To the place where the heart loves the feet will carry you,unive3-d3d-360,-o,D3d,23,,,"F,E,A,I"
149969,D3e,10,A good hunger is the best sauce / A good appetite needs no sauce / Cibi condimentum esse fames (Latin) /L'appétit est le meilleur assaisonnement /Appetito non vuol salsa,unive3-d3e-361,,D3e,10,,,"F,E,A,I"
149971,D3e,12,"Hunger makes hard beans sweet / Der Hunger macht die Speisen süss / À la faim, tout est pain",unive3-d3e-362,,D3e,12,K2i,,G
149974,D3e,14,"Better some of the pudding than none of a pie / Any port in a storm / In der Not frisst der Teufel Fliegen / Faute de grives, on mange des merles",unive3-d3e-363,,D3e,14,E1e,,G
149975,D3e,15,"When hungry, any food is fit for a while",unive3-d3e-364,G,D3e,15,E1e,,"F,Ew,Ee,O"
149978,D3e,17,"If you have not a capon, feed on onion / Man muss sich mit Brot behelfen, bis man Fleisch bekommt / Insectantes minora, ubi maiora non suppetunt (Latin)",unive3-d3e-365,,D3e,17,E1e,,E
149982,D3e,20b,Villano affamato è mezzo arrabbiato,unive3-d3e-366,,D3e,20b,,,E
149983,D3e,21,"When the mouse has had enough, the meal is bitter / To a full belly all meat is bad / Wenn das Maus satt ist, schmect das Mehl bitter / Satietas parit nauseam (Latin)",unive3-d3e-367,,D3e,21,K2j,M3d 26,"F,E,A,O"
149989,D3e,27,"Fat bellies make empty skulls / A fat belly, a lean brain / ein voller Bauch erzeugt keinen witzigen Gedanken / ebrius atque satur stomachus male philosophitum (Latin)",unive3-d3e-368,,D3e,27,,,"E,O"
149997,D3f,14,The bear that is hungry never dances,unive3-d3f-369,G,D3f,14,,,"F,Ew,A"
150008,D3f,20,Content is more than a kingdom / Contentment is the greatest wealth / Der Zufriedene nur ist glücklich / Chi si contenta gode,unive3-d3f-370,,D3f,20,,,"E,I,O"
150010,D3g,10,"Long absent, soon forgotten /L'absence est l'ennemie de l'amour / Out of sight, out of mind / Liebe ohne Gesicht, gar leicht zerbricht / Procul ex oculis, procul ex mente (Latin)",unive3-d3g-371,,D3g,10,H1a,H3e 19,G
150013,D3g,13,Loving comes by looking / die Augen sind der Liebe Boten/ Quod video id credo mihi(Latin)/ L'amour naît du regard / El amor entra por los ojos / L'occhio attira l'amore / Oko w milosci wodzem (Polish),unive3-d3g-372,,D3g,13,,,"F,E,A"
150018,D3g,17,Better fill a glutton's belly than his eye,unive3-d3g-373,G,D3g,17,"K2k,M8c,G8f",,G
150020,D3g,18,Covetousness is the root of all evil / Geiz ist aller Laster Mutter / L'avarice est la mère de tous les maux,unive3-d3g-374,,D3g,18,,M7h 27,"E,A,I"
150025,D3g,23,You give the wolf the wether to keep,unive3-d3g-375,G,D3g,23,,,G
150026,D3g,24,Don't set the wolf to keep the sheep / Send not a cat for lard / Dem Wolf die Schafe befehlen / Lupum ovem commisisti (Latin),unive3-d3g-376,,D3g,24,G5e,,G
150033,D3g,29,What's got over the devil's back is bent under his belly,unive3-d3g-377,-o,D3g,29,,,"F,E,A,I,P"
150034,D3g,30,"A dog will not cry, if you beat him with a bone / Den Krebs straft man nicht mit Ersäufen",unive3-d3g-378,,D3g,30,,,"F,En,Ee,A,O"
150035,D3g,32,"While the hound gnaws bone, companions will be none / wenn der Hund am Bein nagt, so kennt er keinen Freund / Dum canis os rodit, sociari pluribus odit (Latin)",unive3-d3g-379,,D3g,32,H5d,,"F,E,A,O"
150038,D3g,33c,No man is content with his lot / Niemand ist mit seinem Schicksal zufrieden / Nemo sua sorte contentus (Latin) / Nadie está contento con su suerte,unive3-d3g-380,,D3g,33c,,,"E,O"
150049,D3h,10,Better fill a glutton's belly than his eye / One's eyes are bigger than one's belly / Die Augen sind grösser als der Magen / Avoir les yeux grands que le ventre,unive3-d3h-381,,D3h,10,K2k,,G
150050,D3h,11,They are greedy dogs which can never have enough / Geiz ist bodenlos / Orco sive mari mens aequiparatur avari (Latin),unive3-d3h-382,,D3h,11,,,"F,E,I"
150052,D3h,13,A beggar's purse is bottomless / Bettelsack ist bodenlos / Mendicorum loculi semper inanes (Latin),unive3-d3h-383,,D3h,13,,,E
150055,D3h,15,Much would have more,unive3-d3h-384,G,D3h,15,,D4b 23,"F,E,A,O"
150066,D3h,23,"All covet, alla lose / Wer zuviel erhofft, fängt nichts / Nusquam est, qui ubique est (Latin) / den Geizhals und ein fettes Schwein sieht man im Tod erst nützlich sein",unive3-d3h-385,,D3h,23,E1j,,"E,I"
150069,D3h,25,"All covet, all lose",unive3-d3h-386,G,D3h,25,"M6c,E1j",T4d 16,"F,E,A,I"
150071,D3h,27,"No pride like that of an enriched beggar / Gut macht Übermut, Übermut tut selten gut / Ubi uber, ibi tuber (Latin)",unive3-d3h-387,,D3h,27,"F1c,K1i,H3i,H5e",C4c 28,"F,E,A,O"
150074,D3h,30,"A curst dog must be tied short / Böse Hunde muss man kurz anbinden / Ubi canis mordax, ibi baculus sit (Latin) / A cattivo cane, corto legame",unive3-d3h-388,,D3h,30,,,Ew
150077,D3i,11,"Moderation in all things/ The best physicians are Dr Diet, Dr Quiet and Dr Merryman / Alles mit Mass / Vita quieta, mente lieta, moderata dieta / De mensa sobrius esto (Latin)",unive3-d3i-389,,D3i,11,,,"F,E,O"
150088,D3i,17,Extremes are dangerous / omne nimium non bonum (Latin),unive3-d3i-390,,D3i,17,,E1j 10,"E,I,O"
150090,D3i,18,Greediness bursts the bag / Geiz zerreisst den Sack / Aviditas malum facit (Latin),unive3-d3i-391,,D3i,18,,,E
150093,D3i,20,More die by food than famine / Multo plures satietas quam fames perdidit viros / De hambre nadie vi morir de mucho comer a cien mil,unive3-d3i-392,,D3i,20,,,"Ew,Es,A,I"
150096,D3i,21,Too much honey cloys the stomach / Zu viel Honig ist bitter / Habet et mel satiatem,unive3-d3i-393,,D3i,21,,,"F,E"
150099,D3i,24,To bite off more than one can chew,unive3-d3i-394,G,D3i,24,,,G
150101,D3i,26,Let not your tongue cut your throat,unive3-d3i-395,G,D3i,26,,,G
150103,D3i,28,"Live not to eat, but eat to live / Wir leben nicht, um zu essen; wir essen, um zu leben / Si deve mangiar per vivere, non vivere per mangiare",unive3-d3i-396,,D3i,28,D4a,,"F,E,I"
150112,D3j,10,He is rich who is satisfied,unive3-d3j-397,G,D3j,10,M8b,,"F,Ew"
150114,D3j,12,"A fat kitchen is near to poverty  / Fette Küche, nahe Armut",unive3-d3j-398,,D3j,12,M8b,,"F,E,A"
150129,D4a,14,"A good dinner is worth more than a fine coat / Erst der Magen, dann der Kragen",unive3-d4a-399,,D4a,14,,,"F,E,O"
150143,D4a,27,It's by the mouth of the cow that the milk comes / Die Kühe melkt man durch den Hals /Le galline fanno l'uova dal becco,unive3-d4a-400,,D4a,27,,,"F,E"
150144,D4a,28,It is hard for an empty bag to stand upright / Sacco vuoto non sta ritto,unive3-d4a-401,,D4a,28,J1m,,G
150149,D4b,11,The proof of the pudding is in the eating / A good wine needs no sign / À bon vin ne faut point d'enseigne,unive3-d4b-402,,D4b,11,C5d,,"E,I,O"
150155,D4b,15,"A white loaf and hard cheese never shames the master / Luftig Brot, schwärer Käs / Pane alluminato e cacio cieco",unive3-d4b-403,,D4b,15,,,"Ew,Es"
150162,D4b,21,The stomach is an eye easily blinded trl. Ovambo/Afr.,unive3-d4b-404,-i,D4b,21,,,"F,A"
150164,D4b,23,Appetite comes with eating / Der Appetit kommt beim Essen / L'appétit vient en mangeant /El apetito viene con la comida,unive3-d4b-405,,D4b,23,,D3h 15,"F,E"
150167,D4b,24,Fair words butter no parsnips / An empty belly hears nobody / Ein hungriger Magen hat keine Ohren / Le ventre n'a point d'oreilles,unive3-d4b-406,,D4b,24,,C3a 14,"F,E"
150168,D4b,25,"Back may trust, but belly won't / Venter farcitus ludit, non veste pulitus (Latin)",unive3-d4b-407,,D4b,25,,,"F,Ew,Es,A"
,D4c,11,A hut of reeds with mirth therein is better than a palace with grief therein trl. Chinese,unive3-d4c-408,-a,,,,,None
150184,D4c,17b,Butter verdirbt keine Kost / Molto burro non guasta minestra,unive3-d4c-409,,D4c,17b,,,"Ew,Es"
150223,D4d,19,"Light supper makes long life / Much meat, much malady / Chi va a letto senza cena, tutta la notte si dimena",unive3-d4d-410,,D4d,19,,,"E,I"
150246,D5a,15,Wine is old men's milk / Guten Wein ist der alten Milch / Vinum lac senum (Latin) Bonum vinum laetificat cor hominis (Latin) /Dijo Salomón que el buen vino alegra el corazón,unive3-d5a-411,,D5a,15,,,E
150252,D5b,10,"Ever drunk, ever dry / Dem Trinker kommt der Durst / Qui a bu, boira",unive3-d5b-412,,D5b,10,,,"F,E,A"
150266,D5c,12,"When the drink goes in, the wit goes out / Wo Wein geht ein, geht Witz aus / Dum vinum entrat, exit sapientia (Latin) / Do entra beber, sale saber",unive3-d5c-413,,D5c,12,,,"F,E,O"
150272,D5d,10,Drunkenness reveals what soberness conceals / Trunkener Mund spricht aus Herzens Grund / Le vin délie la langue,unive3-d5d-414,,D5d,10,,,"F,E"
150274,D5d,11,In wine is truth / Im Wein liegt Wahrheit / In vino veritas / La vérité est dans le vin / En el vino está la verdad,unive3-d5d-415,,D5d,11,,J1k 11,G
150299,D5e,15,Wine has drowned more than the sea / Im Wein und Bier ertrinken mehr denn im Wasser / Plures crapula quam ensis (Latin),unive3-d5e-416,,D5e,15,,,"F,E,O"
150307,E1a,10,There is nothing blessed in every respect / Es gibt kein vollkommenes Glück / Nihil est ab omni parte beatum (Latin) /,unive3-e1a-417,,E1a,10,,,"E,A,O"
150310,E1a,13,Nobody is perfect / Every man has his hobby-horse / Jeder hat seinen Splitter / Niuno è savio d'ogni tempo,unive3-e1a-418,,E1a,13,H1b,,"F,E,O"
150311,E1a,14,"The fox knows many tricks, but the hedgehog one great one / Molto sa il ratto, ma più il gatto",unive3-e1a-419,,E1a,14,"H7c,K1j",,"F,E,A,O"
150312,E1a,15,Never is a long term / Man soll niemals 'nie' sagen,unive3-e1a-420,,E1a,15,"B2g,T3a",,Ew
150314,E1a,16,Jupiter laughs at the perjuries of lovers / Ein Eid von Freier ist nicht teuer,unive3-e1a-421,,E1a,16,"B2g,T3a",,E
150315,E1a,16b,"It happens in an hour that happens not in seven years / Ein Tag kann bringen, was ein Jahr nicht bringen mag / Accidit in puncto, quod non contingit in anno (Latin)",unive3-e1a-422,,E1a,16b,,,E
150317,E1a,18,The exception proves the rule / Ausnahmen bestätigen die Regel / Exceptio probat regulam (Latin) /Chaque exception confirme la règle / L'eccezione conferma la regola,unive3-e1a-423,,E1a,18,C4b,,E
150320,E1a,20,Comparisons are odious / No simile runs on all fours / Jeder Vergleich hinkt / Omne simile claudiat (Latin) / Toute comparaison cloche / Toda comparación es coja,unive3-e1a-424,,E1a,20,"D1c,H1d",,E
150325,E1a,23,"A fool may give a wise man counsel / If the counsel is good, no matter who gave it / Interdum stultus bene loquitur (Latin)",unive3-e1a-425,,E1a,23,"E1d,B2e",B2c 13,"F,Ew,I,O"
150332,E1b,13,To err is human / Errors are always excepted / Irren ist menschlich / Erreur n'est pas crime / Errore non è frodo,unive3-e1b-426,,E1b,13,"F1a,B1d",,G
150334,E1b,15,"We are all Adam's children, but silk makes the difference /Every man has his faults / Die Menschen sind alle gleich / Iam vix sunt visi qui caruere nisi (Latin)",unive3-e1b-427,,E1b,15,"H1b,C6b",,"F,E,A,O"
150339,E1b,19,"No garden without its weed/ Every path has a puddle / Vor jedem Haus liegt ein Stein, ist er nicht gross, so ist er klein / A cada parte hay tres leguas de mal camino",unive3-e1b-428,,E1b,19,G2b,,"E,I,O"
150343,E1b,22,Black sheep occur in every family / in jeder Herde findet sich ein schwarzes Schaf / le fruit pourri ne pourrit pas l'arbre / nunca falta una oveja negra en la majada,unive3-e1b-429,,E1b,22,"G2b,G1a",,"F,E,O"
150344,E1b,23,Every bean has its black / Every grain has its bran / Jeder Wein hat seine Hefe / Nemo sine crimine vivit (Latin) / Ogni farina ha crusca,unive3-e1b-430,,E1b,23,G2b,,"F,E,I,O"
150345,E1b,24,There's no fish without bones / Kein Fleisch ohne Knochen / Il n'y a pas de viande sans os,unive3-e1b-431,,E1b,24,"C6d,J1k",,"F,E,I,O"
150350,E1b,29,"The spirit is willing, but the flesh is weak / Der Geist ist willig, aber das Fleisch ist schwach / Spiritus promptus est, caro autem infirma (Latin) /",unive3-e1b-432,,E1b,29,D3b,,Ew
150354,E1c,10,Even Homer sometimes nods / Aliquando dormitat Homerus (Latin),unive3-e1c-433,,E1c,10,B1d,,"E,O"
150356,E1c,12,The best cloth may have a moth in it,unive3-e1c-434,G,E1c,12,"B1d,M3b,B2e,M3f",,G
150360,E1c,16,The best horse stumbles / A horse stumbles that has four legs / Das beste Pherd stolpert und hat vier Beine,unive3-e1c-435,,E1c,16,J1f,J1f 18,G
150364,E1c,20,"Good swimmers at last are drowned / Die besten schwimmer ertrinken / Optimi natatores submengutur meliores, sic et scansores collum fragunt meliores (Latin)",unive3-e1c-436,,E1c,20,M1a,,"E,I,O"
150367,E1c,23,Not every ball hits / Nicht alle Kugeln treffen / Non tutte le ciambèlle riescono col buco,unive3-e1c-437,,E1c,23,,,"E,O"
150370,E1d,10,A little  is better than none / Etwas ist besser als gar nichts / È meglio qualche cosa che niente,unive3-e1d-438,,E1d,10,"C4b,C3a,D3e",,G
150372,E1d,12,Better one small fish than an empty dish / A louse is better than no meat / È meglio tale che senza nulla stare,unive3-e1d-439,,E1d,12,"M8a,D3e",,"F,E,A,I"
150374,E1d,14,Better half an egg than an empty shell / In der Not frisst der Teufel Fliegen,unive3-e1d-440,,E1d,14,"M8a,E1e",,"F,E"
150375,E1d,15,Better some of pudding than none of a pie / Besser Laus im Kohl als gar kein Fleisch,unive3-e1d-441,,E1d,15,"D3e,E1e",,"F,E"
150377,E1d,17,A little stream will quench a great thirst / An kleinem Brunnen löscht man auch den Durst,unive3-e1d-442,,E1d,17,"D3e,E1e",,"F,E,A"
150379,E1d,19,Better a clout than a hole out,unive3-e1d-443,,E1d,19,E1e,,"F,Ew,A"
150381,E1d,20b,"There is no hair so small but has its shadow / es ist kein Busch so klein, daß er nicht Schatten gäbe / il n'est si petit buisson qui ne porte son ombre",unive3-e1d-444,,E1d,20b,,,F
150383,E1d,22,Better one-eyed than stone-blind / Besser scheel als blind,unive3-e1d-445,,E1d,22,"C6d,G5e,D1e,H1a",G5d 11,G
150384,E1d,23,A bad bush is better than no shelter,unive3-e1d-446,,E1d,23,G5a,,Ee
150387,E1d,27,Better lose much than lose more / Better lose the saddle than the horse / Besser ein Arm als den Hals gebrochen / Meglio perdere un dito che la mano,unive3-e1d-447,,E1d,27,,,E
150388,E1d,28,Better late than never / It is never too late to mend / Zur Bässerung ist es nie zu spät / Mai troppo tardi per far bene /Potius sero quam nunquam (Latin),unive3-e1d-448,,E1d,28,T1g,,"F,E,I,O"
150389,E1e,10,"We never know the value of water till the well is dry / Den Brunnen schätzt man erst, wenn er kein Wasser mehr gibt / Quand le puits est sec, on sait ce que vaut l'eau",unive3-e1e-449,,E1e,10,"D3e,G2c",,"F,E,I,O"
150391,E1e,10c,"The cow does not know what her tail is worth until she has lost it / L'asino non conosce la coda, se non qundo non l'ha più",unive3-e1e-450,,E1e,10c,,,"E,A"
150393,E1e,11b,Any port in a storm / Any water in the desert / Post tot naufragia portum (Latin),unive3-e1e-451,,E1e,11b,,,E
150399,E1e,16,"When there is no fish in the river, shrimps are valued trl.Chinese",unive3-e1e-452,-a,E1e,16,"G4a,D3e,L2c",,"Ew,Ee,I,O"
150405,E1e,21,A drowning man plucks at a straw / As sure to hold as an eel by the tail / Piglia l'anguilla per la coda,unive3-e1e-453,,E1e,21,D3e,,G
150413,E1e,26,In the kingdom of the blind the one-eyed is king / Im Reiche der Blinden ist der Einäugige König / Inter caecos unoculus rex est (Latin),unive3-e1e-454,,E1e,26,H4d,,G
150416,E1f,11,"A great ceremony for a small saint / To every saint his candle / Nach dem Manne brät man die Wurst / Selon le saint, l'encens",unive3-e1f-455,,E1f,11,"C1a,F2a",,E
150419,E1f,13,None is too old for love /An old cat laps as much milk as a young kitten / Old pottage is sooner heated than the new made / Le cœur ne vieillit pas,unive3-e1f-456,,E1f,13,"D3b,C1a,D3a,G5c,G6a",,"F,E,I,O"
150422,E1f,16,Even a fly has its spleen / La fourmi a sa colère,unive3-e1f-457,,E1f,16,"C6f,C4b,H7b",,"F,E,O"
150435,E1g,11,We are all Adam's children,unive3-e1g-458,-i,E1g,11,"K1j,G4c,B1a",,"E,O,P"
150437,E1g,12,The sun shines upon all alike,unive3-e1g-459,-i,E1g,12,"K2k,K1f,B1a,B1b",D20k 42,"F,E,A,O"
150439,E1g,13,The sun will shine on our side of the fence / Auch unser Weizer wird einmal blühen / Every dog has his day / Tôt ou tard la fortune nous sourit,unive3-e1g-460,,E1g,13,"B2e,K1f",,"F,E,O"
150440,E1g,14,Every heart has his own ache,unive3-e1g-461,G,E1g,14,"H3g,D1b,D2a,H4a,K2k",H1a 15,G
150444,E1g,16b,"From a great hight a great fall / De grande montée, grande chute",unive3-e1g-462,,E1g,16b,,,"Ew,A"
150445,E1g,17,"A cat may look at a king / A crow may cry Ave Caesar without any rebuke / ein Hund bellt den Bischof an, wenn er ihn nicht kennt / Adspicit et felis magna corpora regum (Latin)",unive3-e1g-463,,E1g,17,"K1j,M3f",,"F,E,A"
150451,E1g,20b,"Death makes equal the high and low / Arm und reich, der Tod macht alles gleich / La mort frappe sans respect",unive3-e1g-464,,E1g,20b,G8d,,"E,O"
150452,E1g,21,Every hair casts its shadow / Auch ein Haar hat seinen Schatten / Cada mosca tiene su sombra / Ogni pelo ha la sua ombra,unive3-e1g-465,,E1g,21,C4b,,E
150453,E1g,22,"Kein Vogel fliegt so hoch, er kommt wieder auf die Erde",unive3-e1g-466,-i,E1g,22,H4a,,"E,A,O,P"
150462,E1g,28,The world is a wide parish /People are the same everywhere / All bread is baken in the oven/ Hinter dem Berge wohnen auch Leute,unive3-e1g-467,,E1g,28,H3i,,"F,E,I"
150467,E1h,11,Crooked logs make straight fires / Krummes Hoz gibt auch gerades Feuer / Anche la legna storta dà fuogo diritto,unive3-e1h-468,,E1h,11,"C6d,K1l",,"E,I,O"
150478,E1i,10,"Where God has a church the devil will have his chapel / Wo eine Kirche ist, da baut der Teufel eine Kapelle daneben / D'un costé Dieu poingt, de l'autre il vingt",unive3-e1i-469,,E1i,10,B1g,,"F,E,O"
150479,E1i,11,"God sends the corn and the devil mars the sack / Gibt Gott Fleisch, so will's der Teufel braten / Dio ci manda la carne, ma il diavolo cuochi",unive3-e1i-470,,E1i,11,"M1e,B2c",,"Ew,Es,O"
150482,E1i,13,Behind the cross there is the devil / Hinter dem Kreuz versteckt sich gern der Teufel / Il diavolo si nasconde dietro la croce,unive3-e1i-471,,E1i,13,C6c,,E
150488,E1i,17,Where there is an advantage there is also a disadvantage trl. Japanese,unive3-e1i-472,-a,E1i,17,"M4a,L2a",,"Ew,Ee,I,O"
150495,E1i,22,"Many a true word is spoken in jest / Im Spass gesagt, im Ernst gemeint / En moquant dit on bien vrai",unive3-e1i-473,,E1i,22,"J1p,J1k",,G
150499,E1i,24,There is but one step from the sublime to the ridiculous / vom Erhabenen zum Lächerlichen ist es nur ein Schritt / Le ridicule touche au sublime / de lo sublime a lo ridículo no hay más que un paso,unive3-e1i-474,,E1i,24,"J1p,F2c",,E
150501,E1i,25,"Folly and learning often dwell together / Kein weiser Mann ward je genannt, an dem man nicht eine Torheit fand / Nullum magnum ingenium sine mixtura dementiae fuit (Latin)",unive3-e1i-475,,E1i,25,"M3a,M9c",,"E,A,O"
150502,E1i,25b,Sweetest wine makes sharpest vinegar / Süßer Wein gibt sauren Essig / Del buen vino sale el mejor vinagre,unive3-e1i-476,,E1i,25b,,,"Ew,Es,O"
150508,E1i,26d,"Love is full of fear / Qui aime, craint / Chi ama, teme",unive3-e1i-477,,E1i,26d,,,E
150510,E1i,28,"What goes up must come down / Je höher der Berg, desto tiefer das Tal / A gran salida gran caída",unive3-e1i-478,,E1i,28,"F2d,C2a,B2c",,"E,O"
150514,E1i,30,Extremes meet / Gegensätze ziehen sich an / Gli extremi si toccano,unive3-e1i-479,,E1i,30,E1j,,"Ew,Ee"
150525,E1j,10,Plenty is no dainty / Too much pudding may choke a dog / Allzuviel ist ungesund / Copia nauseam parit (Latin) /Il troppo stroppia / La abundancia trae fastidio,unive3-e1j-480,,E1j,10,"D3i,D4c,L1a",D3i 17,"F,E,I,O,P"
150533,E1j,12c,All are not friends that speak us fair / glaube nimmer dreist einem jedem Geist / ne omnibus crede nec cito credideris (Latin),unive3-e1j-481,,E1j,12c,"C6e,H5e",,O
150539,E1j,15,"Keep the golden mean / Keep in the middle of the road / Mittelweg, sicherer Weg / Aurea mediocritas (Latin) / Le milieu est le meilleur / La virtù tien la via di mezzo",unive3-e1j-482,,E1j,15,H7h,,"E,I,O"
150547,E1j,18,Better is the enemy of good / Das bessere tötet das Gute / Le mieux est l'ennemi du bien / Il meglio è nemico del bene,unive3-e1j-483,,E1j,18,"F2a,T1j",,E
150548,E1j,18b,You must take the bad with the good / You must take the rough with the smooth / Man muss das Gute mit dem Schlehten in Kauf nehmen / Hay que estar a las duras y a las maduras,unive3-e1j-484,,E1j,18b,L2a,,"Ew,Es"
150550,E1j,20,Contraries are cured by contraries / Contraria contrariis curantur (Latin),unive3-e1j-485,,E1j,20,G5e,,E
150557,E1j,24,Among evils choose the least / There is small choice between rotten apples / Minima de malis / De deux maux il faut choisir la moidre,unive3-e1j-486,,E1j,24,"F1c,D3e,M6d",,E
150562,E1j,26,A little pot is soon hot / Ein kleiner Topf kocht bald über/ Olla chiquita se calienta luego,unive3-e1j-487,,E1j,26,H7g,,E
150571,E1j,29,"Do not cry for the moon / Look high and fall low / Greife nicht nach den Sternen / Wer stets zu den Sternen aufblickt, wird bald auf der Nase liegen / Il ne faut pas demander la lune",unive3-e1j-488,,E1j,29,"D3h,T3c",,"F,E,I,O"
150572,E1j,30,"His reach exceeding his grasp / Qui nimis capit, parum stringit (Latin) / Faire le pas plus long que la jambe / Es un huevo duro de pelar / Fare il passo più lungo della gamba",unive3-e1j-489,,E1j,30,F2a,D3h 23,"F,E"
150575,E1j,32,"Hasty climbers have sudden falls / Hohe Steiger fallen tief / Quanto altior est ascensus, tanto durior descensus (Latin)",unive3-e1j-490,,E1j,32,"F2a,K2k,M4a",,"F,E,I"
150577,E1j,34,"A man can do no more than he can / Do as you may if you can't do as you would / You can't skin a flint! / Kein Zwang geht über die Unmöglichkeit / Qui n'a rien, rien ne doit",unive3-e1j-491,,E1j,34,,E1j 18,E
150578,E1j,35,There is a limit to everything / Extremes are dangerous / You can't skin a flint! / Alles hat sein Mass / Kein Zwang geht über die Unmöglichkeit / En toute chose mesure / Est modus in rebus (Latin),unive3-e1j-492,,E1j,35,"D3i,J1p",,"F,E,O"
150586,E1k,12,"Every rope has two ends, and tomorrow is yet to come trl. Chinese",unive3-e1k-493,-i,E1k,12,"M1f,T3c",,"F,E,A,O"
150588,E1k,13,Every medal has its reverse / Every light has its shadow / Jedes Ding hat zwei Seiten  / Das ist die Kehrseite der Medaille / Bastone a due capi,unive3-e1k-494,,E1k,13,C6e,,"F,E,O"
150589,E1k,14,"So many men, so many minds; so many dogs, so many kinds / Viele Köpfe, viele Sinne / Tanti capi, tanti sentenze",unive3-e1k-495,,E1k,14,"D1c,H7h,M6e",,"F,E,A,O,P"
150591,E1k,15c,No vice but hath its patron / Jeder Fehler hat seine Ausrede / Sceleri nunquam deficit ratio (Latin) / Ogni vizio ha la sua scusa,unive3-e1k-496,,E1k,15c,,,"Ew,Es"
150594,E1k,18,The dew to the ant is a flood trl. Kasmiri/Indian,unive3-e1k-497,-a,E1k,18,"H1c,M9a",,"Ee,I,O"
150603,E1k,23,"The ass was invited to a wedding to carry wood or water / Man lädt den Esel nicht zu Hof, denn daß er Säcke trage / Asinus in aula fovetur solum propter saccos portandos (Latin)",unive3-e1k-498,,E1k,23,K1f,,"F,E,I"
150606,E1k,25,"One man's death is another man's breath / Des einen Tod, des andern Brot / Mors tua, vita mea (Latin)",unive3-e1k-499,,E1k,25,"H2c,G8g",,"F,E,A,O,P"
150607,E1k,26,"Des Einen Glück, des Andern Unglück",unive3-e1k-500,G,E1k,26,"H2c,B2c,E1l",,G
150611,E1k,29,About tastes there is no disputing / Geschmack ist verschieden / Aliis alia placent (Latin) / Chacun à ses goûts,unive3-e1k-501,,E1k,29,H7h,,"E,I,O"
150615,E1k,31,"There is good in everything, even in misfortune / Jedes Unglück ist zu etwas gut",unive3-e1k-502,,E1k,31,"B2c,T3b,E1i,D1b",,"F,E"
150617,E1k,31c,Better an ass that carries us than a horse that throws us,unive3-e1k-503,,E1k,31c,,,"Ew,Es"
150620,E1k,32,"No great loss without some gain / No book was so bad, but some good might be got out of it /Nullus est liber tam malus, ut non aliqua parte prosit (Latin)",unive3-e1k-504,,E1k,32,"T3b,D1b",,"F,E,O"
150640,E1k,47,Make a virtue of necessity / Aus der Not eine Tugend machen / Facere de necessitate virtutem (Latin),unive3-e1k-505,,E1k,47,"F1a,T3b",,E
150641,E1k,48,He that loses anything and gets wisdom by it gains by the loss,unive3-e1k-506,-a,E1k,48,"F1a,M9d,M9f",,"E,I,O"
150647,E1k,53,All cats are grey in the dark / Bei Nacht sind alle Kühe schwarz / Dans la nuit tous les chats sont gris / Al buio tutte le gatte sono bigie,unive3-e1k-507,,E1k,53,"C6d,E1g,C6c,G5e",,"F,E,P"
150650,E1k,55,"All cats are alike in the dark / At night all cats are grey / Bei Nacht sind alle Katzen grau / Nocte latent mendae, vitioque ignoscitur omni (Latin) / Candil muerto, todo es prieto",unive3-e1k-508,G,E1k,55,"E1g,A3b",,G
150653,E1l,10,"Neither fish nor flesh, nor good red herring",unive3-e1l-509,-a,E1l,10,H1e,,"E,I,O,P"
150658,E1l,12,Like the cow that gives a good pail of milk and then kicks it over / Die Kuh stürzt ihre Milch um,unive3-e1l-510,,E1l,12,C5b,,"F,E,I,O"
150661,E1l,14,To steal the goose and give the giblets in alms,unive3-e1l-511,-a,E1l,14,"F1a,B1e,H5c",,"Ew,I,O"
150663,E1l,16,"Give a thing and take a thing, that's an old man's plaything / Geschenkt ist geschenkt  / Quae recte data sunt, non licet rursus eripi (Latin)",unive3-e1l-512,,E1l,16,"H5b,J1i",,"F,E,I"
150664,E1l,17,"The left hand doesn't know what the right hand is doing /Do not let your l.h. know what y.r.h.d. /Lass deine linke Hand nicht wissen, was die rechte tut /La tua sinistra ignori quel che fa la destra",unive3-e1l-513,,E1l,17,"J1i,F1a",,"F,E,O"
150667,E1l,18,To give a thing and take a thing is fit for the devil's darling,unive3-e1l-514,G,E1l,18,"H5d,J1i",,G
150669,E1l,19,"The heart has reasons of which reason has no knowledge / Dein Urteil kann sich irren, nicht dein Herz /Bon cœur ne peut mentir / Il cuor non sbaglia",unive3-e1l-515,,E1l,19,"H5c,D3c,G3c",D2a 32,"E,O"
150685,E1l,25,"The cat would eat fish and would not wet her paws / Die Katze frißt gern Fische, sie will aber nicht ins Wasser /Felis amat piscem, sed aquas intrare recusat (Latin)",unive3-e1l-516,,E1l,25,M7a,,"F,E,I,O"
150687,E1l,25c,"Honey is sweet, but the bee has a sting / Neque mel, neque apes (Latin) / Le miel est doux, mais l'abeille pique",unive3-e1l-517,,E1l,25c,,,E
150702,E1l,32,Absence makes the heart grow fonder / Chose rarement vue est plus chère,unive3-e1l-518,,E1l,32,"H7d,D3d,G5f,H2a",T2b 20c,"F,En,Ee,A,O"
150703,E1l,33b,"Sorrows remembered sweeten present joy / Unglück wird angenehm in der Erinnerung / Dulcis malorum praeteritorum memoria (Latin) / Ce qui est grief à supporter, est après doux à raconter",unive3-e1l-519,,E1l,33b,,,E
150712,F1a,12,"It's virtue, and not birth, that makes us noble / Tugend ist der beste Adel / Nobilis est ille quem nobilat sua virtus (Latin) / Dalla virtù la nobiltà procede",unive3-f1a-520,,F1a,12,"M6e,G2b,M4a,H7j,F2b,K1j",,"E,O"
150715,F1a,13,Noblesse oblige / Adel verpflichtet / Nobleza obliga,unive3-f1a-521,,F1a,13,"M4a,K1j,G2c,H3a,M4b",,"E,I"
150720,F1a,16,"A good conscience is a soft pillow / ein reines Gewissen, ein gutes Ruhekissen / une bonne conscience est un doux oreiller / una buena conciencia es una buena almohada",unive3-f1a-522,,F1a,16,"C6a,D3d,J1k,L1e,M4c",,G
150723,F1a,16d,"A guilty conscience is a self-accuser / Bös' Gewissen, böser Gast, weder Ruhe, weder Rast / Qui s'excuse, s'accuse / Chi si scusa, s'accusa",unive3-f1a-523,,F1a,16d,,,"F,E,O"
150724,F1a,17,Better a good name than riches / Virtue is its own reward / Ein guter Name ist besser als Silber und Gold / L'honneur vaut mieux que l'argent,unive3-f1a-524,,F1a,17,"K2k,K2e,C6c,H2f,L1d,M6e",,"F,E,I,O"
150727,F1a,19,Better a good name than riches / Melius est nomen bonum quam divitiae multae (Latin),unive3-f1a-525,,F1a,19,"K2k,F2b",,"F,E,I,O"
150735,F1a,23,"An honest death is preferable to a dishonest life / Besser gut gestorben, als übel gelebt / Honestam mortem vitae turpi praefero (Latin)",unive3-f1a-526,,F1a,23,"H1g,G8d,M6e,K2e,H7j",,"E,I,O"
150736,F1a,23b,"If you do good, good will be done to you / Guter Dienst bleibt unverloren / À beau jeu, beau retour",unive3-f1a-527,,F1a,23b,"B1b,T3c,M4b",,"Ew,O"
150742,F1a,26,Honour follows him who flees from it / Honor sequitur fugientem (Latin),unive3-f1a-528,,F1a,26,"E1l,F2a,M6e",,Ew
150743,F1a,27,"Do what you ought, let come what may / Tue Recht und scheue niemand / Recte faciendo neminem timeas (Latin)",unive3-f1a-529,,F1a,27,"M4a,J1k,H5d",,"F,E,I,O"
150744,F1a,28,"You cannot be lost on a straight road  / Der Gerade Weg ist der beste / Via trita, via tuta (Latin)/ The beaten road is the safest / The highway is never about / Via trita est tutussima (Latin)",unive3-f1a-530,,F1a,28,"K2a,J1k",,"F,E,O"
150750,F1a,35,His name will live forever,unive3-f1a-531,G,F1a,35,"M6e,G2c,C5c,G8e,G8f",,G
150752,F1a,37,"A diamond is valuable, though it lie on a dunghill / Ein guter Name scheint auch in der Nacht / bona fama in tenebris proprium splendorem tenet / El oro hasta en el barro brilla",unive3-f1a-532,,F1a,37,"M6e,C5b,F2b",,"F,E,I,O,P"
150770,F1b,15,"Honour to whom honour is due / A good cat deserves a good rat / Cui honorem, honorem (Latin)",unive3-f1b-533,,F1b,15,"F1e,M7a",,"F,E"
150771,F1b,16,Loss of honour is loss of life / Fidem qui perdit perdere ultra nil potest (Latin),unive3-f1b-534,,F1b,16,"E1e,H1g,F2a,G8d,H7k",,"F,E,O"
150779,F1b,19b,"Where there is no shame there is no honour / Wo keine Scham ist, ist auch keine Ehre / Ubi timor, ibi et pudor (Latin)",unive3-f1b-535,,F1b,19b,,,E
150789,F1b,25,"Virtue is the foundation of happiness, vice the presage of misery",unive3-f1b-536,-i,F1b,25,"M6e,F1e,C2c,G8d,B2a",,"F,E,A,O"
150796,F1b,31,Knavery may serve a turn but honesty never fails,unive3-f1b-537,G,F1b,31,"L1e,J1j,J1k",,G
150800,F1b,36,"Evil gotten, evil spent / Ill got, ill spent / Übel gewonnen, übel zerronnen / Male partum, male disperit (Latin)",unive3-f1b-538,,F1b,36,"C2c,T4d",,G
150802,F1b,37,Ill-gotten goods seldom prosper,unive3-f1b-539,G,F1b,37,"J1k,C5b,K2f",,"F,E,I"
150805,F1b,40,"Crime does not pay / An old sin, a new slave / Il delitto non rende / Die Sünde büsst sich selbst",unive3-f1b-540,,F1b,40,L1e,,E
150806,F1b,41,Punishment is lame but it comes / Crime and punishment grow out of one stem / La punition boîte mais elle arrive,unive3-f1b-541,,F1b,41,"L1e,C2e,C5a,D1b,G6d",,"E,A,O"
150808,F1b,43,Honesty is the best policy / Ehrlich währt am längsten / La franchise est la meilleure des diplomaties / La honradez es el mejor capital,unive3-f1b-542,,F1b,43,"J1j,J1d,T4c",,"F,E,I,O"
150810,F1b,45,Lies have short legs / Lügen haben kurze Beine / Nullum mendacium veterascit (Latin),unive3-f1b-543,,F1b,45,"L1e,C5a,J1j",,"F,En,A"
150811,F1b,45b,Thuth always rises above falsehood as oil rises above water / Vincit omnia veritas (Latin) / La vérité comme l'huile vient au dessus,unive3-f1b-544,,F1b,45b,,,"F,E"
150813,F1b,47,"A liar is not believed when he speaks the truth / Wer einmal lügt, dem glaubt man nicht, und wenn er auch die Wahrheit spricht / A beau dire vrai qui a menti",unive3-f1b-545,,F1b,47,"C5c,J1j,M6e",C5c 10,"F,E,I"
,F1b,47c,Ignorance of the law excuses no one / Unwissenheit schütz vor Strafe nicht / Ignorantia iuris non excusat / Nul n'est censé ignorer la loi (Latin),unive3-f1b-546,,,,,,None
150819,F1b,51,"Confession is the first step to repentance / Ein Fehler, den man erkennt, ist schon halb gebessert",unive3-f1b-547,,F1b,51,"J1k,L1d,B1c",,G
150824,F1c,11,Curst cows have curt horns / Stössigem Stier wachsen kurze Hörner / Dat deus immiti cornua curta bovi (Latin),unive3-f1c-548,,F1c,11,C5b,,"F,E,O"
150836,F1c,21,If you follow a crow long enough you light on carrion trl. Albanian,unive3-f1c-549,-a,F1c,21,"H3i,C1d,M3f",M6e 34,"F,E,I,O"
150844,F1d,10,"A lord's heart and a beggar's purse agree not / Goldene Tressen, nichts zu essen / Viel Ehr', wenig Vorteil",unive3-f1d-550,,F1d,10,"K2e,H2c,H5a,M6a",C3a 14,"F,E,O"
150850,F1d,14,Great thieves hang little ones / Grosse Diebe hängen die kleinen / Magni fures monores morte damnat (Latin),unive3-f1d-551,,F1d,14,"C2f,K1l",,"F,E"
150851,F1d,15,"Little thieves we hang but great ones we let go / Die kleinen Diebe hängt man, die grossen lässt man laufen / Parvus pendetur fur, magnus abire videtur (Latin)",unive3-f1d-552,,F1d,15,"K1l,H3a,K1k,K1j",,"F,E,A,O"
150853,F1d,17,"People want to be deceived / Die Welt will betrogen sein / Mundus vult decipi, ergo decipiatur (Latin)",unive3-f1d-553,,F1d,17,"D1a,D1c,J1k,M3b",,E
150854,F1d,18,It's sometimes good to hold a candle to the devil / He has one face to God and another to the devil / Man muss dem Teufel ein Kerzchen aufstecken / Servir a Dios y al diablo,unive3-f1d-554,,F1d,18,"E1j,B1e,M1e",,"E,O"
150856,F1d,20,Best fishing in troubled waters / Im Trüben ist gut fischen / Aqua turbida piscosior est,unive3-f1d-555,,F1d,20,"K2e,L2a,H3b",,G
150865,F1d,26,The end justifies the means,unive3-f1d-556,,F1d,26,"T4c,H2c",,E
150863,F1d,25,Stolen fruit tastes sweet,unive3-f1d-557,-i,F1d,25,"M6c,D3a,D3d,D4a,G5g,H2e,H3f,H7c",F1b 38,"F,E,A,O"
150871,F1d,30,"Give-gaff is a good man, but he is soon weary / Er bringt ein Ei und will zwei / Ovum dat nulli, nisi sit retributio pulli (Latin)",unive3-f1d-558,,F1d,30,"M3b,L2a,H5d,K1l,L2b,M3d",,"F,E,A,I"
150874,F1d,33b,"Honour and profit lie not in one sack / Viel Ehr', venig Vorteil / À coquin honteux, plate basace /",unive3-f1d-559,,F1d,33b,"K2e,J1k,H3g",,"Ew,En,O"
150877,F1d,36,Ill weeds grow apace / Böses Kraut wächst bald / herba mala cito crescit (Latin),unive3-f1d-560,,F1d,36,"G7e,M6a,H3i",,"F,E,A,I"
150879,F1d,36c,It is easier to pull down than to build / Ein Haus ist leichter angezündet als gelöscht / È più facile lo sfare che ul faresfare,unive3-f1d-561,,F1d,36c,"M6c,F1a,J1f,H6c",,"F,E,O"
150882,F1d,39,Ill weeds grow apace,unive3-f1d-562,-i,F1d,39,"F1c,M7i,C1d,L1d",,"E,A,O"
150896,F1e,14,"When the tree is grown its planter is dead / Wer den Baum gepflanzt hat, geniesst selten seine Frucht / Serit arbores quae alteri saeclo prosint (Latin) / Chi pianta, no gode",unive3-f1e-563,,F1e,14,"G2c,K1k,C2e,K1j,K1l",,"E,A,O,P"
150897,F1e,14b,"Fools make feasts and wise men eat them / Asses fetch the provender and the horses eat it / Les fous font les fêtes, les sages en ont le plaisir",unive3-f1e-564,,F1e,14b,"G2c,K1k,G3d",,"E,O"
150899,F1e,15,"One sows, another mows /One beats the bush, and another catches the bird / Der eine fängt den Hasen, der andere ißt ihn / Sic vos, non vobis (Latin) / Il a battu le buisson et un autre a pris l'oiseau",unive3-f1e-565,,F1e,15,"K1j,G2c",,E
150905,F1e,19,Asses carry the oats and horses eat them,unive3-f1e-566,G,F1e,19,"K1j,K1k,G3d,G2c",,G
150925,F1f,18,Mild physician—putrid wounds / Ein barmherziger Arzt macht eine stinkende Wunde / Saepe solet medici pietate purescere vulnus (Latin),unive3-f1f-567,,F1f,18,"G7b,M6d,H1a,M4a,M5a",,E
150926,F1f,19,A kind heart dies wretched trl. Maltese,unive3-f1f-568,G,F1f,19,"E1j,K1d,H5c",,"F,Ee,Es,I,O"
150931,F2a,11,"Respect yourself, or no one else will respect you / Wills du haben Ehr', so erweise viel Ehr' / Rarum est enim ut satis se quisque vereatur (Latin) / Autant vaut l'homme comme il s'estime",unive3-f2a-569,,F2a,11,H1d,,"E,O"
150934,F2a,12,"Great honours are great burdens / Crowns have cares / The harder matched, the greater victory / Ehr' hat Beschwer' / Honos onus (Latin)",unive3-f2a-570,,F2a,12,,,"F,E"
150935,F2a,13,Better be envied than pitied / Besser beneidet als bemitleidet / Invidia è non pietà,unive3-f2a-571,,F2a,13,,,E
150948,F2b,14,"The more you stroke the cat's tail, the more he raises his back / Je mehr man die Katze streichelt, desto höher trägt sie den Schwanz / Glaszcz ty kotowi skóre a on ogon wzgóre (Polish)",unive3-f2b-572,,F2b,14,,C3f 18,"F,E,P"
150951,F2b,17,Ignorance is the mother of impudence / Dummheit und Stolz wachsen auf einem Holz / La superbia mostra l'ignoranza,unive3-f2b-573,,F2b,17,H1b,,"F,E,O"
150952,F2b,18,The heaviest ear of corn bends lowest / Volle Ähre neigt das Haupt /Leere Ähren stehen aufrecht,unive3-f2b-574,,F2b,18,,,"F,Ew,Ee,O,P"
150954,F2b,19,Modesty is the beauty of women / Bescheidenheit ist das beste Kleid / La modestia adorna al hombre,unive3-f2b-575,,F2b,19,,,"E,I"
150965,F2c,10,"Eigenlieb ist niemand lieb / He that is full of himself is very empty / Qui s'aime trop, n'a point d'amis",unive3-f2c-576,,F2c,10,,,E
150967,F2c,11,Self-praise is no praise,unive3-f2c-577,G,F2c,11,"H1d,H1b",,G
150972,F2c,15,Self-praise is no recommendation / Eigenlob stinkt / La alabanza propria envilece,unive3-f2c-578,,F2c,15,H2d,,"F,E"
150973,F2c,16,"Self-praise stinks / He has ill neighbours who is forced to praise himself / Eigenlob stinkt / Si loda, s'imbroda",unive3-f2c-579,,F2c,16,H2d,,"F,E,I,O,P"
150976,F2c,18,"Great boast, small roast / Grosse worte, kleine Werke / Facta eius cum dictis discrepant (Latin) / Chi troppo parla, poco agisce",unive3-f2c-580,,F2c,18,,,"F,E,O"
150986,F2d,10,Pride goes before the fall / Hochmut kommt vor dem Fall / Superbum sequitur humilitas (Latin) / La superbia viene davanti alla ruina,unive3-f2d-581,,F2d,10,K1i,,"F,E,I,O"
151003,F2d,17,"The greater the tree, the harder the fall",unive3-f2d-582,,F2d,17,,,E
151011,G1a,11,"No man is an island /Man was not made to live alone / Mann ohne Weib, Haupt ohne Leib / Vae solis (Latin) / L'homme qui est seul, est fol",unive3-g1a-583,,G1a,11,"G5d,C5b,F2a",,Ew
151012,G1a,12,Blood is thicker than water / Multum valet communio sanguinis (Latin) / Il sangue no è acqua / Blood will tell (?),unive3-g1a-584,,G1a,12,"H3a,M4b,H3i",,G
151037,G1a,31,A man's enemies are they of his own household Bib:Math.10:36,unive3-g1a-585,G,G1a,31,"H7c,H5c,H3e,H7m,H4e",,G
151050,G1b,15,"There are as many good stepmothers as white ravens / The good mother says not 'will you?', but gives / Stiefmutter ist des Teufels Unterfutter /Matka daje, a macocha pyta dzieci: czy chcecie? (Polish)",unive3-g1b-586,,G1b,15,"H2d,H7i,G3b",,"F,E,I,O"
151055,G1b,18,"May your father die, not your mother trl. Ovambo/Afr.",unive3-g1b-587,-o,G1b,18,"L1b,H3i",,"F,Ee,A,I"
151080,G2a,10,"Like begets like / Like cow, like calf / Katzenkinder mausen gern /  Grunit sic fetus porcus ut ante vetus (Latin) /Chat et chaton chasse le raton / Chi di gallina nasce, convien che razzoli",unive3-g2a-588,,G2a,10,C2b,,"F,E,A,O,P"
151081,G2a,10b,Boys will be men / Aus Kindern werden Leute,unive3-g2a-589,,G2a,10b,,,E
151084,G2a,13,"Like father, like son / qualis pater, talis filius (Latin) / tel père, tel fils / de tal padre tal hijo",unive3-g2a-590,,G2a,13,C2b,,"F,E,I,O"
151085,G2a,15,"Take a vine of a good soil, and a daughter of a good mother / Wer will zur Ehe die Tochter haben, der seh' sich zuvor die Mutter an / De buena vid planta la viña; de buena madre toma la hija",unive3-g2a-591,,G2a,15,"C5b,L2b,G5e",,G
151094,G2a,21,"Kit after kind / Like parents, like children / Was von Katzen kommt, das mauset gern / Sicut mater, ita et filia eius (Latin) / Filho de gato mata rato",unive3-g2a-592,,G2a,21,"H1e,M6d,M2b,C1c",,G
151098,G2a,26,People who come from hell are not afraid of hot ashes trl. Palaung/Burmese,unive3-g2a-593,-a,G2a,26,"M9a,G2c,C1d,C5b,H3i,M1a",,"Ew,Eb,I,O"
151101,G2a,30,"Deep calls to deep / of one ill there come many / A bad bird, a bad egg./ Eine Sünde zieht die andere nach sich / Ex peccato peccatum nascitur (Latin)",unive3-g2a-594,,G2a,30,"C2b,F1c,F1a,H3i",,G
151106,G2a,36,The apple doesn't roll far from the apple tree / le fruit ne tombe jamais loin de l'arbre,unive3-g2a-595,,G2a,36,"C2b,G2c,C1c",,G
151107,G2a,37,You can't get figs from thistles,unive3-g2a-596,G,G2a,37,"C1c,C4g,C3e,D1c",,G
151119,G2b,12,A black hen may bring forth white eggs,unive3-g2b-597,-i,G2b,12,"D1c,C5b,M1f",,"F,E,A,O"
151128,G2b,18,A ragged colt may make a good horse / Wanton kittens may make sober cats / Méchant poulain peut devenir bon cheval,unive3-g2b-598,,G2b,18,"H1a,M6e,F2b",,"F,E,O"
151129,G2b,19,A tender mother breeds a scabby daughter / Eine Barmherzige Mutter zieht lausige Kinder / De mère piteuse fille teigneuse,unive3-g2b-599,,G2b,19,"C2b,G2c,C5b,M6b",,"F,E"
151133,G2b,22,"Clergymen's sons always turn out badly / Pastors Kinder geraten selten oder nie / Di padre santolotto, figlio diavolotto",unive3-g2b-600,,G2b,22,"G3c,C5c,B1g,K1i",,"F,E,A"
151141,G2c,10f,"After a gatherer comes a scatterer / Der Vater ein Sparer, der Sohn ein Geuder /Quod parcus quaeres, effundit prodigus haeres (Latin)",unive3-g2c-601,,G2c,10f,,,"F,E"
151148,G2c,13,The fathers have eaten sour grapes and the children's teeth are set on edge,unive3-g2c-602,G,G2c,13,"F1e,C5c,H5d,T3a",,"Ew,Es,I,O"
151154,G2c,16,A centipede though dead will not fall trl. Japanese,unive3-g2c-603,ai,G2c,16,"F1d,M1e,M6e,G8f,C1d",,"F,E,O,P"
151158,G3a,11,"Little pitchers have big ears / Petit chaudron, grandes oreilles / Lo que el niño oyó en el hogar, eso dice en el portal",unive3-g3a-604,,G3a,11,"J1n,E1f,M1e,C4c",,"F,E,A,I"
151160,G3a,13,"If baby doesn't cry, mother doesn't know what baby wants / Artiges Kind fragt nichts, Artiges Kind kriegt nichts / Niño quien llora, no mama",unive3-g3a-605,,G3a,13,"M6c,J1d,C2c,G8d,C5a,H1a",,G
151166,G3a,20,"Little children, little sorrows; big children, big sorrows / Children when they are little make parents fools; when they are great, they make them mad / Quien tiene hijos o ovejas, no le faltan quejas",unive3-g3a-606,,G3a,20,"G3d,D1b,T3c",,"F,E,P"
151188,G3b,16,"It's a wise child that knows its own father / Es ist ein weises Kind, das seinen Vater kennt",unive3-g3b-607,,G3b,16,"G1b,J1p",,"Ew,Es,O"
151197,G3b,24,"Mother's rod is woolly, a stranger's rod is bloody trl. Finnish",unive3-g3b-608,-i,G3b,24,"G1b,H4b,G3c",,"F,E,A"
151199,G3b,26,"Und ist eine Mutter noch so arm, so giebt sie ihrem Kinde warm",unive3-g3b-609,-i,G3b,26,"G1b,H2d,C6d,H4d",,"F,Ew,Ee,A,O"
151202,G3b,29,A mother's love will draw up from the depths of the sea / Mutterzärtlichkeit kennt kein Ende / Tendresse maternelle toujours se renouvelle,unive3-g3b-610,,G3b,29,"G1b,D3c,T3c,G2c,C3f,B1b",,"F,E"
151214,G3c,10,He who heeds his parents kneads a whole troughful of bread for himself trl. Lettish,unive3-g3c-611,-i,G3c,10,"K1d,G6f,B1e",,"Ee,Es,A,O"
151218,G3c,14,"Better children weep than old men / Es ist besser das Kind weine denn die Mutter / Melius es liberos plorare, quam parentes (Latin)",unive3-g3c-612,,G3c,14,"K1j,K1d,F1c",,"F,E"
151223,G3c,17,Woe to the kingdom whose king is a child,unive3-g3c-613,G,G3c,17,"K1b,K1d",G3b 11,"F,Ew,Es,I"
151232,G3c,23,"Shame arises from the fear of men, conscience from the fear of God / Ubi timor, ibi pudor (Latin) / Dove non vi è vergogna, non vi è timore",unive3-g3c-614,,G3c,23,"K1d,F1a,F2a,G8d,T4e",,"F,E,I"
151240,G3c,29,"Spare the rod and spoil the child / A father who spares the rod hates his son / Qui bene amat, bene castigat (Latin)",unive3-g3c-615,,G3c,29,"K1d,C5b,H1g,G3b",,G
151241,G3c,30,A good example is the best sermon / Example is better than precept / Les exemples excitent plus que les paroles,unive3-g3c-616,,G3c,30,"K1d,G3b,H1g,C5b",,"F,E,O"
151259,G3c,40,"Lawmakers should not be lawbreakers / Pareto legi, quisquis legem sanxerit (Latin)  / Chi fa legge, servarla degge",unive3-g3c-617,,G3c,40,"C3f,J1a,H5d,M9a",,E
151271,G3d,18,"One father can support ten children, ten children cannot support one father / Bis quinam sobolem levius pater educat unus, grandem quam nati bis modo quinque patrem (Latin)",unive3-g3d-618,,G3d,18,"H5b,H5h,G1b",,"F,E,A,I"
151278,G3d,25,"Short pleasure, long pains / Kurze Lust, lange Reue / À court plaisir, long repentir",unive3-g3d-619,,G3d,25,,,O
151281,G3e,10,"Children are poor men's riches / Arme haben die Kinder, Reiche die Rinder / La ricchezze de' poveri sono i fanciulli",unive3-g3e-620,,G3e,10,"G2c,T3c,K2k",K2j 19,"F,E,A,O"
151296,G3e,21,"He that hath one hog, makes him fat; and he that hath one son, makes him a fool",unive3-g3e-621,-o,G3e,21,"K1d,G3c,E1j,M6a",,"F,E,A,I"
151309,G4a,08,"A woman's hair is long, but her sense short / Long whiskers can not take the place of brains / Weiber haben langes Haar und kurzen Verstand / Le donne hanno lunghi i capelli e corti i cervelli",unive3-g4a-622,,G4a,08,"C5b,C6d,G4c,J1m,M3f",C6a 46,"F,E,I,O"
151318,G4a,15,"Marry your son when you will, but your daughter, when you can",unive3-g4a-623,,G4a,15,"G5d,T1c,L2a,K1j",,E
151341,G4b,13b,"Men make houses, but women make homes / er Mann baut das Haus, die Frau das Heim",unive3-g4b-624,,G4b,13b,,,"Ew,P"
151349,G4c,08,"Play, women and wine undo men laughing / Drei 'W' bringen uns viel Pein: Weiber, Würfelspiel und Wein / Alea, vina, Venus per quae sum factus egenus (Latin)",unive3-g4c-625,,G4c,08,,,"E,O"
151353,G4c,12,"Winter weather and women's thoughts change often / Weiber, Glück und Wind, ändern sich geschwind / La donna è mobile",unive3-g4c-626,,G4c,12,"J1i,H1a,M3b",,"Ew,O"
151365,G4c,19b,A woman's chief weapon is the tongue and she will not let it rust / Die Weiber führen das Schwert im Maul / Mulier conviciatrix recte ceditur (Latin),unive3-g4c-627,,G4c,19b,,,E
151371,G4c,24,"A woman's advice is but slender, yet he that refuses it is a madman",unive3-g4c-628,-i,G4c,24,"J1n,M3a,F2a",,"Ew,Ee,A,O"
151381,G4c,30,A woman can do more than the devil / Die Frau weiss eine Kunst mehr als der Teufel / La femme sait un art avant le diable,unive3-g4c-629,,G4c,30,"F1c,J1m,H3i,C2e",,"F,E,I"
151382,G4c,31,"Three geese and three women make up a market / 3 Weiber und 1 Gans machen einen Jahrmarkt / 3 mulieres faciunt nundinas(Latin)/ 2 femmes font un plaid,3 un grand caquet,4 un plein marché",unive3-g4c-630,,G4c,31,"D1d,J1o",,"F,E"
151388,G5a,10,No greater torment than to be alone in paradise / Einsamkeit bringt Traurigkeit / Anche in paradiso non è bello essere soli,unive3-g5a-631,,G5a,10,"H3c,H3b,G5d,H1e",H2a 11,"F,E,A"
151393,G5a,14,Wood burns most bright when joined with other wood,unive3-g5a-632,G,G5a,14,"H3b,K1m",,G
151399,G5b,11,Daughters and dead fish are no keeping wares,unive3-g5b-633,,G5b,11,"T1c,G6a,G5e",,"F,E,P"
151403,G5b,15,"Early marriage, long love / Früh aufstehen und jung freien wird niemanden gereuen / Call no man unhappy till he is married / Mariez-vous belle jeunesse!",unive3-g5b-634,,G5b,15,"T1a,M7a,T1b",,"F,E,I,O"
151412,G5b,23,"For every Jack there is somewhere a Jill / Für jeden Topf findet sich ein Deckel / L'un vaut l'autre / No hay olla tan fea, que no halle su cobertera",unive3-g5b-635,,G5b,23,"C2e,C6d,H1f,H1g,G5e,G7b,T1h",,G
151413,G5b,24,Matches are made in heaven / Marriage and hanging go by destiny / Ehen werden im Himmel geschlossen / Il maritar e l'impiccar è destinato,unive3-g5b-636,,G5b,24,"B2a,H1g,L2b,T3b",,"F,E,O"
151415,G5c,10,"Seigneur sans dame, ce n'est que vent",unive3-g5c-637,-i,G5c,10,"H4b,C2e,H3b,H3c",,"F,E,A,O"
151419,G5c,14,"Old wood makes the best fire / Alt' Holz brennt besser als junges / Arida sarmenta recreant incendia lenta (Latin) / Quando il pagliaio vecchio piglia fuoco, si spegne male",unive3-g5c-638,,G5c,14,"G6a,C6d",,"F,E"
151420,G5c,15,"Old oxen have stiff horns / Alte Böcke haben steife Hörner / Plus bouc est vieux, plus sa corne est dure /(not in Es?)",unive3-g5c-639,,G5c,15,"G6a,C6e,G6b",,"F,E,O"
151430,G5c,20,"Sorrow for a husband is like pain in the elbow, sharp and short / Tod der Frau und Stoss am Ellbogen tut gleich weh / Il duol della moglie è come il duol gomito",unive3-g5c-640,,G5c,20,"D2d,C3d,G8f",,"F,E"
151449,G5d,13,"Who marries does well, who marries not does better / Wer verheiratet, der tut wohl; wer aber nicht verheiratet, der tut besser / Melius nil caelibe vita (Latin) / Casar, casar, quer bien que mal",unive3-g5d-641,,G5d,13,"E1l,G1c,H4b",,E
151453,G5d,15,The medicine for hate is separation trl. Fulfulde/Afr.,unive3-g5d-642,G,G5d,15,"H7h,C3d,H6b,H6e,H7h,H7k",,"F,E,A,I,O"
151454,G5d,16,Better to be half hanged than ill wed,unive3-g5d-643,G,G5d,16,"F1c,M1d,G4c,E1k",,"F,Ew,Ee,I"
151459,G5d,19,It is bad with the bad [i.e. the woman] but worse without the bad trl. Hungarian,unive3-g5d-644,G,G5d,19,"E1l,H3b,E1d",,"F,E,I"
151469,G5d,25,The error of one moment becomes the sorrow of a whole life trl. Chinese,unive3-g5d-645,-a,G5d,25,"T4e,C4c,C3d,D2b,D2c,M1c",,"F,E,I,O"
151470,G5d,26,A house without woman and firelight is like a body without soul or sprite (B.Franklin),unive3-g5d-646,G,G5d,26,"H4a,H3c,K1b,G3e,G4b",,G
151485,G5e,20,Choose a wife rather by your ear than your eye / Choisissez votre femme par l'oreille bien plus que par les yeux,unive3-g5e-647,,G5e,20,"G4c,J1n,C6b,M3b",,E
151489,G5e,21,Never seemed a prison fair or mistress foul,unive3-g5e-648,-i,G5e,21,"C6e,M3b,C6b,H4d",,"F,E,A,O"
151508,G5e,31,A black hen lays a white egg / Une vache noire donne du lait blanc,unive3-g5e-649,,G5e,31,"C6d,C5b",,"F,E"
151515,G5e,37,"Like blood, like good, and like age make the best marriage / Wer heiraten will, suche seinegleichen / Si qua voles apte nubere, nube pari (Latin)",unive3-g5e-650,,G5e,37,"H1f,K1j,C1d,C2e",,"F,E"
151517,G5e,37c,"He that marries for wealth does sell his liberty / Heiratest du Geld, so verkaufst du dich selbst",unive3-g5e-651,,G5e,37c,,,E
151522,G5e,40,Near marriage and distant service are best / Kaufe deine Nachbarn Rind und freie deines Nachbarn Kind,unive3-g5e-652,,G5e,40,C5d,,"F,E,O"
151550,G5f,10,"Wedlock is a padlock / Dopo i confetti, vengono i difetti / Qui uxorem non ducit, mala non sentit (Latin)",unive3-g5f-653,,G5f,10,"E1l,C6e,T3c",,"Ew,I"
151552,G5f,11,"Love is not complete without a quarrel / Wer's liebt sich, kriegt sich / Cogas amantem irasci, amari si velis (Latin) / Sdegno cresce amore",unive3-g5f-654,,G5f,11,"H7d,D3c",,E
151553,G5f,11b,The course of true love never did run smooth,unive3-g5f-655,,G5f,11b,"H7d,C5b,D3c",,"Ew,O"
151555,G5f,11d,Love is never without jealousy / Ohne Eifersucht keine Liebe / Zelotiam parit amor (Latin) / No hay amor sin celos perfecto / Non è amore senza gelosia,unive3-g5f-656,,G5f,11d,,,"E,O"
151565,G5f,16,"When love cools, our faults are seen",unive3-g5f-657,,G5f,16,"E1k,D3c,H6c",,E
151569,G5f,22,Mills and wives are ever wanting / Al molino ed all sposa sempre manca qualche cosa,unive3-g5f-658,,G5f,22,"C5b,F2c",,"F,E"
151578,G5f,28,A good anvil does not fear the hammer / Amboß fürchtet den Hammer nicht / Incus robusta malleum non temuit (Latin),unive3-g5f-659,,G5f,28,"C2e,T3c,D3b",,"A,O,P"
151579,G5f,29,The anvil is not afraid of the hammer,unive3-g5f-660,,G5f,29,"C2e,H7d",,E
151592,G5f,38,A good wife makes a good husband,unive3-g5f-661,,G5f,38,"C5b,K1j,F2a,C5a,G5d,G5h",,"F,E,A,O"
151593,G5f,39,"One bone, one flesh / Mann und Weib sind ein Leib / Tel homme, tel femme / La mujer hace al hombre",unive3-g5f-662,,G5f,39,"C2e,K1j,G1c,H3a",,E
151606,G5f,45,"Before you trust a man, eat a peck of salt with him / Prima di scegliere l'amico bisogna averci mangiato il sale sett'anni",unive3-g5f-663,,G5f,45,"H6b,C5d,T4c",,"F,E"
151609,G5f,47,"A man's best fortune or his worst is his wife / A woman is the man's bote: his life, his death, his wo, his wele / Ehestand, Wehestand",unive3-g5f-664,,G5f,47,"E1l,D1d,K1m",,G
151612,G5g,10,"The new love oft chaseth out the old / Neue Liebe tötet die alte / Qui potest transferre amorem, potest deponere (Latin) / Amores nuevos olvidan viejos",unive3-g5g-665,,G5g,10,"T2b,H4d,D3b",,E
151617,G5g,15,A wife isn't a kantele to hang on the wall trl. Finnish,unive3-g5g-666,-i,G5g,15,"J1i,T2c,M6e",,"F,E"
151629,G5h,15,"What woman wills, God wills / Ce que femme veut Dieu le veut",unive3-g5h-667,,G5h,15,"K1m,M6a,B1f",,"F,Ew,Es,A"
151635,G5h,17,A married man turns his staff into a stake / L'homme marié est un oiseau en cage,unive3-g5h-668,,G5h,17,"K1b,C5b,K1j,F2a",,G
151639,G5h,21,"Three things drive a man out of his house: smoke,rain and a scolding wife /3 Dinge treiben den Mann...:Rauch, ein übel Dach und ein böses Weib/Sunt tria damna domus: imber, mala femina, fumus (Latin)",unive3-g5h-669,,G5h,21,"K1b,H2g,F1c,H2f,M3b",,G
151644,G5h,25,"It's a sad house where the hen crows louder than the cock / Quid peius domo, ubi foemina habet imperium? (Latin)",unive3-g5h-670,,G5h,25,"K1b,F1c,C5b,K1c",,"F,E,A,O"
151647,G5h,27,The husband is the head of the wife / Der Mann ist des Weibes Haupt /Le mari est le chef de la femme / El marido es cabeza de la mujer,unive3-g5h-671,,G5h,27,"K1m,K1g,M3a,K1b,C2e",,"F,E,O"
151657,G5h,31,"A woman, a dog and a walnut-tree, the more you beat them the better they'll be",unive3-g5h-672,,G5h,31,"K1d,C1c,K1e,G3c",,E
151669,G6a,11c,"Old young and old long / Wer im Alter jung sein will, muss in der Jugend alt sein / Pour vivre longtemps, il faut être vieux de bonne heure",unive3-g6a-673,,G6a,11c,"D2a,K1j,K1d",,"E,O"
151671,G6a,12,"All is gay that is green / Jung, schön genug / La gioventù è una bellezza da sé",unive3-g6a-674,,G6a,12,"C2e,C6a",,"F,O,E"
151675,G6a,15,You must learn to creep before you go,unive3-g6a-675,-o,G6a,15,"T1f,T1k",M9a 10b,"F,Ew,A,I,P"
151680,G6a,19,"If youth only knew, if age only could / Wenn die Jugend wüsste aund das Alter könnte, würe die Welt nicht schiefgehen / Si la juventud supiera, si la vejez pudiera",unive3-g6a-676,,G6a,19,"C3b,M9a,M9c,G6e,M6b,E1a",,E
151682,G6a,20,Bend the willow while it is young trl.Danish,unive3-g6a-677,-a,G6a,20,"E1a,M5c,C1d,H1e,G6d,K1d",,"F,E,I,O"
151696,G6b,11,The older the wiser / Mit der Zeit wird man klug / Aetate rectius sapimus (Latin),unive3-g6b-678,,G6b,11,"C2e,M3a,M4a,M1a",,"F,E,I"
151697,G6b,12,Don't teach your grandmother to suck eggs / You must not teach fish to swim / Das Küken will klüger sein als die Kuh / Les,unive3-g6b-679,,G6b,12,"K1j,M9c,C4b,G3b,K1i,M9e,H5g,G3c",,G
151698,G6b,13,Reason comes with years / Verstand kommt mit den Jahren / Avec l'âge on devient sage,unive3-g6b-680,,G6b,13,"C2e,C6d,G6e,G6f,M9a,M3b",,"F,E,A,O"
151707,G6b,18,"No fool like an old fool / Wisdom goes not always by years / Alt wird man wohl, wer aber klug? / Canitiei non semper comes virtus (Latin) / La cabeza blanca y el seso por venir",unive3-g6b-681,,G6b,18,"C1c,G6a,M9a,H1c",,"F,E,A,O"
151711,G6c,11,"What we first learn, we best know / Am längsten behält man, was man in der Jugend gelernt hat / Quod iuvenis suescit, senex dimitiere nescit (Latin) / Lo que se aprende en la cuna, siempre dura",unive3-g6c-682,,G6c,11,"G6b,C3h,C1d,T4b,M5a,M9c",,"F,E,I,O"
151712,G6c,13,"Lazy youth makes lousy age / Diligent youth makes easy age / Guarda mozo, y hallarás viejo / Quaere adolescens, utere senex (Latin)",unive3-g6c-683,,G6c,13,"C2c,M7a,C5b,C5c,F1b,H3i,M9a,M7a,T3c",,"F,E,I,O,P"
151718,G6c,18,"He that is not handsome at 20, nor strong at 30, nor rich at 40, nor wise at 50, will never be handsome, strong, rich or wise / Chi di 20 non è, di 30 non sa e di 40 non ha,né mai sarà, né mai avrà",unive3-g6c-684,,G6c,18,"C5b,M9a,T3c,T1i",,"F,E,O"
151720,G6c,20,"They who would be young when they are old must be old when they are young / Jung getollt, alt gezollt / Quae peccamus iuvenes, ea luimus senes (Latin)",unive3-g6c-685,,G6c,20,"M9a,T4e",,Ew
151725,G6d,08,"The later love comes, the more it burns / Alter schützt vor Torheit nicht / Est in canitie ridiculosa Venus",unive3-g6d-686,,G6d,08,"C1a,G7d,G6b",,"F,E,I"
151726,G6d,09,Old dogs will learn no new tricks / Alter Hund lernt nicht tanzen / Vieil chien est mal à mettre en lien,unive3-g6d-687,,G6d,09,"C1c,M9d,G6a,G6d,T1e,K1h",,"F,E,I,O"
151732,G6d,13,"The older the goose, the harder to pluck / Alte Vögel sind schwer zu rupfen / Quanto più l'uccello è vecchio, più volentieri lascia la piuma",unive3-g6d-688,,G6d,13,"M3b,M9a,C1d",,E
151733,G6d,14,There's many a good tune played on an old fiddle / Ein altes Huhn gibt eine gute Suppe / On fait de bonnes soupes dans un vieux pot / Gallina vieja da buen caldo,unive3-g6d-689,,G6d,14,"C1c,D4c",,E
151736,G6d,17,A fox is not taken twice in the same snare / Alte Füchse sind schwer zu fangen / Vulpes not iterum capitur laqueo (Latin) / La vieja raposa con lazo no se toma,unive3-g6d-690,,G6d,17,"M3b,M9a",E1c 13,"F,E,I"
151741,G6d,22,"The old cow thinks she was never a calf / Die Kuh vergißt, daß sie ein Kalb gewesen ist / Non vult scire socrus quod fuit ipsa nurus (Latin) / No se acuerda la suegra, que fue nuera",unive3-g6d-691,,G6d,22,"M9a,E1g,G3c,H5a,K1i",,"F,E,A,O"
151744,G6e,12,To have one foot in the grave,unive3-g6e-692,-a,G6e,12,G7e,,"F,E,I,O"
151745,G6e,13,"Wenn der Wolf alt wird, reiten ihn die Krähen",unive3-g6e-693,-a,G6e,13,"H3i,K1l,F2a",,"E,I,O"
151755,G6e,22,"He who lives long knows what pain is / Langes leben, langes Leiden / Longa vita, longa calamitas (Latin)",unive3-g6e-694,,G6e,22,"C2e,H5c",,G
151757,G6e,24,"Age and wedlock we all desire and repent of / Vult antiquari nec anilis quisque vocari (Latin) /Alla vill vara gamla, men ingen will heta det (Swedish)",unive3-g6e-695,,G6e,24,"E1l,T3a,H3i,K2i,D1b",,"F,Ew,Ee"
151760,G6e,26,Old age is sickness of itself / Senectus ipsa morbus (Latin),unive3-g6e-696,,G6e,26,"G7d,G6a,C3d,G8c",,"F,E,A,I"
151763,G6e,29,Old men are twice children / Once a man and twice a child / Alte Leute sind zweimal Kinder / Bis pueri senes (Latin) / os viejos son dos veces niños,unive3-g6e-697,,G6e,29,"D1b,G3a,K1j",,"F,E,A,O"
151773,G6f,11,Old age is honourable / Das Alter soll man ehren / Senectus ante alios honoranda (Latin) /Aldur skyldi enginn forsmá (Icelandic) / Onorate il senno antico,unive3-g6f-698,,G6f,11,"K1j,F2a,M3a,G2c",,"F,E,A"
151781,G6f,15,Older and wiser,unive3-g6f-699,-i,G6f,15,"M3a,H5g,J1k",,"F,E,A,O"
151782,G6f,16,An old dog barks not in vain / Alte Hunde bellen nicht umsonst / Jamais bon chien n'aboie à faute,unive3-g6f-700,,G6f,16,"C5a,J1k",,"F,E,A,O"
151784,G6f,18,"Counsel from the old, action from the young / Alte zum Rat, Junge zum Tat / Fatti di fiovanni e consigli di vecchi",unive3-g6f-701,,G6f,18,"K1m,M3a,H3b",,"F,E"
151785,G6f,19,An old man is not to be laughed at trl.Ovambo/Afr.,unive3-g6f-702,G,G6f,19,"H5d,C2c",,G
151794,G7a,10,Health before wealth / Ein frohes und gesundes Blut ist besser als Geld und Gut / Sani divitibus ditiores (Latin) / Santé passe richesse,unive3-g7a-703,,G7a,10,K2k,B2e 30b,"F,E,I,O"
151797,G7a,12,A sickly body makes a sickly mind / Mens sana in corpore sano (Latin) / Gesunder Sinn in gesundem Leib,unive3-g7a-704,,G7a,12,C2e,,"E,I,O"
151798,G7a,13,"Health is not valued till sickness comes / Gesundheit schätzt man erst, wenn man krank ist / Pretiosa quam sit sanitas morbus docet (Latin)",unive3-g7a-705,,G7a,13,"E1k,M9a,H1a",,"E,I"
151804,G7b,11,An apple a day keeps the doctor away,unive3-g7b-706,,G7b,11,"D4a,D4c",,Ew
151806,G7b,12,Better wait on the cook than the doctor / Man geht lieber zum Bäcker als in die Apotheke,unive3-g7b-707,,G7b,12,"D4a,A1e,M1b",,"E,I"
151807,G7b,13,"The head and feet keep warm, the rest will take no harm / Den Kopf halt' kühl, den Magen hungrig, doch die Füsse warm / Siccis pedipus, ore humenti (Latin)",unive3-g7b-708,,G7b,13,"C2c,A1e,M4b",,"E,I,O"
151817,G7b,16,Bitter pills may have sweet effects / Bitter im Mund ist dem Magen gesund / In amaritudine salus (Latin),unive3-g7b-709,,G7b,16,"C5b,C2d,C2f,J1k",,G
151821,G7b,18,Like cures like / Evil cures evil / Simili con simili si curano / Clavum clavo pellere (Latin),unive3-g7b-710,,G7b,18,C2d,,"F,E,I"
151827,G7b,22,"A good gaper makes two gapers / Un bon bâilleur an fait bâiller deux / Wenn eine Gans trinkt, so trinken sie alle / Oscitante uno oscitat alter (Latin)",unive3-g7b-711,,G7b,22,C2c,,"F,Ew,I"
151833,G7c,11,"An old physician, a young lawyer / A young barber and an old physician Sit medicus senex, tonsor juvenis (Latin)",unive3-g7c-712,,G7c,11,M9d,,"E,O"
151836,G7c,13,The doctor is never killed because the patient dies trl. Ibo/Afr.,unive3-g7c-713,-i,G7c,13,"L1c,M5a",,"E,A,O"
151837,G7c,13b,"Physicians' faults are covered with earth, and rich men's with money / Errores medicorum terra tegit (Latin)",unive3-g7c-714,,G7c,13b,,,E
151838,G7c,14,It is a good doctor who follows his own advice,unive3-g7c-715,G,G7c,14,"E1c,H3g,E1a,H3e,M5a",,G
151841,G7c,16,"God heals and the doctor takes the fee / Gott heilt und der Arzt kassiert / Medicus curat, natura sanat (Latin) / Dio guarisce, e il medico è ringraziato",unive3-g7c-716,,G7c,16,F1e,,E
151854,G7d,18,Though the wound be healed a scar remains / È più facile fare le piaghe che sanarle,unive3-g7d-717,,G7d,18,"T4d,M9a,C2c,J1f",,"F,E,P"
151857,G7d,20,Mischiefs come by the pound but go away by ounces,unive3-g7d-718,G,G7d,20,"B2c,M6c",,G
151862,G7e,11,Better the grave than a life of want (Welsh),unive3-g7e-719,-a,G7e,11,"T3b,F2a,D1b,E1d,K2i",,"F,E,I,O,P"
151873,G7e,18,"The cracked pot lasts longest / Der knarrende Baum steht am längsten / Qui semper aegrotant, diutissime vivunt (Latin) / Viejo que cura, cien años dura",unive3-g7e-720,,G7e,18,"D1b,B2d",,"F,E,A,O"
151874,G7e,19,"Lange Krankheit, sicher Tod",unive3-g7e-721,-o,G7e,19,"T3c,T4e,C4c,G8d",,"F,E,A,I"
151886,G8a,15,"Young men may die, old men must die / Der Junge kann sterben, der Alte muß sterben / Mors in iuvenibus in insidiis, senibus in ianuis est (Latin) / El mozo puede morir, y el viejo no puede vivir",unive3-g8a-722,,G8a,15,"G6a,T1g,G8d",,"F,E"
151889,G8a,17,Every fox must pay his own skin to the flayer / Every dog has his day / Einmal muss der Fuchs doch zum Loch hinaus / Enfin les renards se trouvent chez le pelletier,unive3-g8a-723,,G8a,17,"K1j,E1g,F1b",,"F,E,I"
151890,G8a,18,Der Tod fragt nicht nach den Zähnen / Death keeps no calendar / There are more lamb skins than sheep skins,unive3-g8a-724,,G8a,18,"B2a,B2d",,Ew
151893,G8a,21,Death spares neither small nor great,unive3-g8a-725,G,G8a,21,"B2a,D1b,E1g,E1f,K2k",,"F,E,A,I"
151895,G8a,23,"All that lives must die / Our birth is nothing but our death begun / Was lebt, muss sterben / Man stirbt alle Tage / Quotidie morimur; cum crescimus, vita decrescit (Latin)",unive3-g8a-726,,G8a,23,"T4e,D1b,E1g,B2a,G8f,T4d",,"F,E,O"
151896,G8a,24,"Death makes equal the high and low / At the end of the game the king and the pawn go into the same bag / Arm oder Reich, der Tod macht alle gleich / Est commune mori, mors nulli parcit honori (Latin)",unive3-g8a-727,,G8a,24,"C6a,E1g,G8b",,"F,E,A,I"
151914,G8b,13,"Deaths foreseen come not / Der Tod ist gewiss, doch ungewiss die Stunde / Hora mortis incerta (Latin)",unive3-g8b-728,,G8b,13,"B2b,T3a,C3c",,"F,E,A,O"
151921,G8b,19,"Death comes early to all / Der Tod ist gewiss, doch ungewiss die Stunde / Mors certa est, incerta dies hora, aguita nulli (Latin)",unive3-g8b-729,,G8b,19,"B2a,T3a",,"F,E"
151924,G8b,21,"Today gold, tomorrow dust / Heute rot, morgen tot / Aujourd'hui en fleurs, demain en pleurs / Hoy en figura, y mañana en sepultura / Oggi in canto, domani in panto",unive3-g8b-730,,G8b,21,"T3a,B2c",,"F,E"
151926,G8b,23,"Today red, tomorrow dead",unive3-g8b-731,-i,G8b,23,"T3a,D1b",,"F,Ew,Es,A,O"
151931,G8b,28,"Death and the sun are not to be looked on with a steady eye / Sol etiam caecat, contra si tendere pergas / Le soleil ni la mort ne se peuvent regarder fixement",unive3-g8b-732,,G8b,28,,,"Ew,Es"
151932,G8c,10,Nothing is certain but death / Mors est ubique (Latin),unive3-g8c-733,,G8c,10,E1a,,E
151937,G8c,15,There is a remedy for everything but death,unive3-g8c-734,G,G8c,15,"B2a,G7c,T1e,T1h,T3c",,G
151938,G8c,16,There is a remedy for all things except death / Gegen den Tod ist kein Kraut gewachsen / Contra vim mortis non est medicamen in hortis (Latin),unive3-g8c-735,,G8c,16,"B2a,T1h,G7b,T3c,M6c,K2a",,"E,A,O"
151945,G8c,21,"It is only the dead who do not return / Die Toten kehren nicht zurück / Quid semel occubuit, non vitae surgit ad auras (Latin)",unive3-g8c-736,,G8c,21,"B2a,C3b,C3d",,"F,E"
151949,G8d,11,When the oil is exhausted the lamp goes out trl. Chinese,unive3-g8d-737,-a,G8d,11,B2b,,"Ew,I,O"
151953,G8d,15,Besser es fresse mich ein Wolf als ein Schaff,unive3-g8d-738,-a,G8d,15,"F2a,M6e,G4b",,"F,Ew,I,O"
151957,G8d,18,For our country it is bliss to die / Schön ist's und ehrenvoll für das Vaterland zu sterben / Dulce et decorum est pro patria mori (Latin),unive3-g8d-739,,G8d,18,"F2a,T4c",,"E,I"
151959,G8d,20,A man can only die once / On ne meurt qu'un fois / Solo una volta si muore,unive3-g8d-740,,G8d,20,"M6a,T3c,L1b",,"F,E"
151961,G8d,22,Death admits no appeals / Den Tod kann sich niemand abkaufen / Mors non accipit excusationes,unive3-g8d-741,,G8d,22,"B2a,T3c,G7e",,"F,E,A"
151965,G8d,28,"A shroud has no pockets / Das Leichentuch hat keine Taschen / Lippu liinaa, lappu lautaa, mene sen kanssa hautaan (Finnish)",unive3-g8d-742,,G8d,28,"E1g,K2k",,"F,E,O"
151972,G8e,11,About the dead nothing except good / When folks missed then they're moaned / Über den Toten nur Gutes / Il faut laisser les morts en paix,unive3-g8e-743,,G8e,11,"M1e,C1d,H5d,J1n",,"E,A"
151976,G8e,14,"It is safer to commend the dead than the living / Wer gelobt sein will, muss sterben / Cineri gloria sera venit (Latin)",unive3-g8e-744,,G8e,14,"G5e,G1c,H5d",,Ew
151980,G8e,18,Leave the dead to bury their dead / Laß' die Toten ihre Toten begraben / Praeterita mutare non possumus (Latin),unive3-g8e-745,,G8e,18,"C2e,F1c,G8f",,"E,I,O"
151983,G8f,10,A dead dog cannot bite / Tote Hunde beißen nicht / Mortui non mordent (Latin) / Gallina muerta no cacarea,unive3-g8f-746,,G8f,10,"C3d,K1l,K1a",,"F,E,A,O"
151985,G8f,12,A man among the geese when the gander is away / Hares may pull dead lions by the bears / Tote Katze beissen auch die Mäuse / Hombre bravo contra ovejas y oveja contra bravo,unive3-g8f-747,,G8f,12,"K1a,F2b,M4a,K1l",,"E,I"
151990,G8f,14,Dead men tell no tales,unive3-g8f-748,G,G8f,14,"G8e,M3b,M9b,J1n",,G
151997,G8f,18,"As a tree falls so it shall lie / Wie der Baum fällt, so bleibt er liegen / Al lugarque le árbol cayere allí quedará",unive3-g8f-749,,G8f,18,C3d,,"F,E"
152001,G8f,20,"He goes long barefoot that waits for dead man's shoes / Wer auf eines andern Tod wartet, zieht an einem langen Strick / Stultitia est morte alterius sperare salutem (Latin)",unive3-g8f-750,,G8f,20,"T1b,L1c",,"F,E"
152010,G8g,12,"A candle, by consuming itself, gives light to others trl. Japanese",unive3-g8g-751,-e,G8g,12,"E1l,M4b",,"I,O"
152014,H1a,10,The heart's case is hard to open,unive3-h1a-752,-i,H1a,10,"C6e,G5f,B1d",,"E,A,O"
152021,H1a,15,None knows the weight of another's burden / War is sweet to them that know it not / Dulce bellum inexpertis (Latin)/ Nul ne sait mieux que l'âne ou le bât le blesse,unive3-h1a-753,,H1a,15,"M9a,H5c,E1k,K1k",K2j 31,G
152024,H1a,17,The comforter's head never aches / Der Gesunde kann dem Kranken gut Rat geben / Valentes recte consulunt aegrotis (Latin),unive3-h1a-754,,H1a,17,"D1c,H5c,E1k,M9e",M6d 30,"F,E"
152037,H1a,21,"Everyone knows best where the shoe pinches / Jeder weiss am besten, wo ihn der Schuh drückt",unive3-h1a-755,,H1a,21,"H1d,H2e",,G
152042,H1b,10,no man sees clear-eyed his own faults / Invitat culpam qui peccatum praeterit (Latin),unive3-h1b-756,,H1b,10,"H7h,H3g,F2b,J1m",,"F,E"
152044,H1b,12,"You see the mote in another's eye ... / We carry our neighbours' failings in sight;... / Draussen hat man hundert Augen, daheim kaum eins / Aliena vitia in oculis habemus, a terga nostra sunt (Latin)",unive3-h1b-757,,H1b,12,"H1d,J1m",,"F,E,A,O,P"
152048,H1b,13,"Happy Tommy Crump ne'er sees his own hump / The camel never sees its own hump, but that of its brother is always before his eyes / Aliena vitia in oculis habemus, a tergo nostra sunt (Latin)",unive3-h1b-758,,H1b,13,"E1k,H2d,H7i,M3c",,G
152055,H1b,17,The kettle calls the pot black arse / 'Thou art a bitter bird' said raven to the starling / Der Topf lacht über den Kessel / Der Blinde spottet des Hinkenden / Asinum asellus culpat (Latin),unive3-h1b-759,,H1b,17,"H7h,J1m,J1o,F2b",H7b 13,G
152066,H1b,22,The onlooker sees most of the game / Der Unbeteiligte sieht schärfer / Les spectateurs voient plus que les jouers,unive3-h1b-760,,H1b,22,"H2d,H3f,G5e,L2a",,"F,E,O"
152070,H1b,25,The eye that sees all things sees not itself,unive3-h1b-761,-a,H1b,25,,,"F,E,I,O"
152077,H1b,29,"Physician, heal yourself! / Arzt, hilf dir selber! / Medice, cura te ipsum!",unive3-h1b-762,,H1b,29,,,"E,I"
152086,H1c,11,He that has a great nose thinks everybody is speaking of it,unive3-h1c-763,G,H1c,11,E1k,,"F,E,I"
152087,H1c,11b,"Don't measure another man's foot by your own last / Was ich denk' und tu', trau ich anderen zu / Misurare gli altri col suo metro",unive3-h1c-764,,H1c,11b,,,"F,E,O"
152096,H1c,18,"The thief thinks all men are like himself / Mala mens, malus animus (Latin)",unive3-h1c-765,,H1c,18,,,"F,E,O"
152100,H1c,22,"Who has bitter in his mouth, spits not all sweet / Wer Galle im Mund hat, dem schmeckt alles bitter / Qui a la jaunisse, voit tout jaune / A chi ha fiele in bocca tutto sembra amaro",unive3-h1c-766,,H1c,22,E1k,,"E,O"
152107,H1c,26,The heart never grows old / Irgendwo im Herzen bleibt jeder jung / On a toujours vingt ans dans quelque coin du cœur / El corazón y los ojos nunca son viejos,unive3-h1c-767,,H1c,26,,,"Ew,Es"
152111,H1c,30,"All that we know is, nothing can be known / Nil scio nisi nescio (Latin)",unive3-h1c-768,,H1c,30,,,"E,I"
152115,H1d,12,"Seeing is believing; feeling is the naked truth / Den Augen glauben ist besser als den Ohren / Fideliores sunt oculi auribus (Latin) / Vu une fois, cru cent fois",unive3-h1d-769,,H1d,12,C3c,,"E,A"
152118,H1d,13,Seeing is believing,unive3-h1d-770,G,H1d,13,J1m,,"F,E"
152119,H1d,14,"Plato is a friend, but a greater friend is truth / Lieb' ist mir Plato, doch lieber ist mir die Wahrheit / Amicus Plato, sed magis amica veritas (Latin)",unive3-h1d-771,,H1d,14,,,Ee
152120,H1e,10,"A man is known by the company he keeps / Likeness causes liking / Mit wem du umgehst, dem gleichst du",unive3-h1e-772,,H1e,10,"H3i,M6a",,G
152138,H1e,22,Ill company brings many a man to the gallows / Böse Beisbile verderben gute Sitten / A mala facta malus socius socium facit (Latin),unive3-h1e-773,,H1e,22,,,"E,O"
152142,H1e,25,That which is evil is soon learnt / Bosheit ist bald gelernt / Mala sunt proclivia (Latin) / La cosa più facile è diventar cattivo,unive3-h1e-774,,H1e,25,,,E
152144,H1e,27,A friend's eye is a good mirror / Es gibt keinen getreueren Spiegel als einen alten Freund /Se gerit egregium speculum veteranus amicus (Latin),unive3-h1e-775,,H1e,27,C5b,,"F,E,I,O"
152147,H1f,10,How agree the kettle and the earthen pot together? / Ein Topf von Ton und ein Topf von Eisen müssen nie zusammen reisen / Centre le pot de fer se brise le pot de terre,unive3-h1f-776,,H1f,10,K1i,,"F,E,O"
152152,H1f,13,"Geese with geese, and women with women",unive3-h1f-777,,H1f,13,"C2e,F2d,K1h,K1i,K1j",,G
152158,H1f,16,Those that eat cherries with great persons shall have their eyes splinted out with the stones / Mit grossen Herren ist nicht gut Kirschen essen /Difficile est multum cerasis cum principe vesci (Latin),unive3-h1f-778,,H1f,16,K1l,,"F,E"
152173,H1f,23,A thief knows a thief and a wolf knows a wolf,unive3-h1f-779,G,H1f,23,F1a,,G
152178,H1f,24,Birds of a feather flock together / Like draws to like / Eine Krähe sitzt gerne neben den anderen / Lika barn läka bäst / Fagot cherche bourrée,unive3-h1f-780,,H1f,24,"F1a,G1a,K2f",G1a 13,G
152181,H1f,27,Claw me and I'll claw you / Ein Esel krault den anderen / L'âne frotte l'âne / Asinus asino pulcherrimus (Latin) / Un asno limpia a otro asno,unive3-h1f-781,,H1f,27,,,"F,E,I,O"
152183,H1f,27c,Great minds think alike /Good wits jump together / Gleiche Gemüter suchen sich / Les beau esprits se rencontrent / I geni s'incontrano,unive3-h1f-782,,H1f,27c,,,E
152187,H1g,10,"When in Rome, do as the Romans do / Other towns, other lasses / When you go through the country of the one-eyed, be one-eyed / Landesbrauch ist Landesrecht / Quando si è in ballo bisogna ballare",unive3-h1g-783,,H1g,10,,,G
152204,H1g,18,One must howl with the wolves / Mit den Wölfen muss man heulen / Bailar al son que se toca,unive3-h1g-784,,H1g,18,"H2a,M6c,F1c",,"F,E,I,O,P"
152206,H1g,18d,With foxes you must play the fox / Set a thief to catch a thief / Rats know the way of rats / List gegen List / Vulpinare cum vulpe (Latin) /,unive3-h1g-785,,H1g,18d,,,E
152211,H1g,22,"He that lies down with dogs must rise up with fleas / Wer mit Katzen jagt, der fängt gern Mäuse / Corrumpunt mores bonos colloquia prava (Latin)",unive3-h1g-786,,H1g,22,"F1c,H5b",,G
152215,H2a,11,Better be alone than in bad company / Malo solari quam perverso sociari (Latin),unive3-h2a-787,,H2a,11,"G5d,H1e,F1c",,"F,E,I"
152224,H2a,15c,"He that serves a community is controlled by everyone, rewarded by none / The common servant is no man's servant / Pravo domino servit, qui vulgo servit (Latin) /Chi serve al comune, ha cattivo padrone",unive3-h2a-788,,H2a,15c,,,E
152227,H2a,16,"Seven shepherds spoil a flock / Viele Hirten, übel gehütet / Multi pastores sunt uno deteriores (Latin) /Trop de personnes, cela nuit à la tâche / Troppi medici ammazzano il malato",unive3-h2a-789,,H2a,16,,,"Ew,I"
152229,H2a,17,"If two families keep a boat, it leaks",unive3-h2a-790,-a,H2a,17,,,"F,E,I,O"
152233,H2a,18,The common horse is worst shod / Das Pferd der Gemeinde hat die schlechtesten Eisen / Communiter negligitur quod communiter agitur (Latin) / L'âne du commun est toujours le plus mal bâté,unive3-h2a-791,,H2a,18,,,E
152239,H2a,20,Too many cooks spoil the broth  / Many captains and the ship goes to the rocks,unive3-h2a-792,,H2a,20,K1d,,"F,E,I,O"
152250,H2b,10,"The master absent, the house dead / Nicht das Haus ziert den Hausherrn, sondern der Hausherr das Haus / Nec domo dominus, sed domino domus honestanda est (Latin) / Jaki pan, taki kram (Polish)",unive3-h2b-793,,H2b,10,,,"E,A,O"
152260,H2b,16,Render to everyone what is his due /Jedem das Seine / Suum cuique (Latin),unive3-h2b-794,,H2b,16,H7c,,"F,Ee,A"
152263,H2b,18,"Self do, self have / Die Suppe, die man sich einbrockt, muß man auch auslöffeln / Tu hoc intristi, tibi omne exedendum est (Latin)",unive3-h2b-795,,H2b,18,H3g,,"F,E"
152264,H2b,18b,A voluntary burden is no burden. / portatur leviter quod portat quisque libenter (Latin) / Carica voluntaria non carica,unive3-h2b-796,,H2b,18b,,,E
152268,H2b,21,Dry bread at home is better than roast meat abroad / Unser Kohl schmeckt wohl / Et proprius panis magis extat in ore suavis,unive3-h2b-797,,H2b,21,H4b,,G
152272,H2b,23d,Better buy than borrow / Better buy than beg / Sai caro o que roga (Portuguese),unive3-h2b-798,,H2b,23d,L2c,,"E,O"
152275,H2b,25,A friend in court is better than a penny in the purse / Freunde sind gut am Wege / Il est bon avoir des amis partout,unive3-h2b-799,,H2b,25,,,"F,E"
152278,H2c,11,Let every man carry his own sack to the mill / Every one draws water to his own mill / Chacun ira au moulin avec son propre sac,unive3-h2c-800,,H2c,11,,,"F,E,O"
152279,H2c,12,Every miller is ready to convey water to his own mill,unive3-h2c-801,G,H2c,12,H6e,,G
152282,H2c,15,Every man for himself / Jeder ist sich selbst der Nächste,unive3-h2c-802,,H2c,15,,,"F,E"
152284,H2c,17,"Charity begins at home / Close fits my coat, but closer my skin / Ich bin mir selbst der Nächste / Proximus sum egomet mihi (Latin)",unive3-h2c-803,,H2c,17,,,"F,E,I"
152291,H2c,21c,Every horse thinks his own pack heaviest / Ad ognuno par più grave la croce sua,unive3-h2c-804,,H2c,21c,,,E
152300,H2d,10,Every ape thinks her puppie the fairest,unive3-h2d-805,,H2d,10,L2a,,G
152301,H2d,10b,Every pedlar praises his own needles / Jeder lobt seine eigene Arbeit / Auctor opus laudat (Latin),unive3-h2d-806,,H2d,10b,L2a,J1j 27,"F,E"
152304,H2d,12,A dear child is given many names / Liebe Kinder haben viele Namen / Dilectis pueris varia nomina damus (Latin),unive3-h2d-807,,H2d,12,,,"F,E"
152306,H2d,13b,An ass is beautiful to an ass and a pig to a pig / Daws love another's prattle / Asinus asino pulcherimus (Latin),unive3-h2d-808,,H2d,13b,,,E
152313,H2d,16,Beauty is in the eye of the beholder / Beauty lies in lovers' eyes / Liebes geht über Schönes / Ce qui me plait est bon,unive3-h2d-809,,H2d,16,,D3c 21,"F,E,I"
152314,H2d,17,Every mother thinks her own gosling a swan / Every man likes his own things best / Man hält seine eigenen Gänse für Schwäne / Le hibou croit ses petits aigles,unive3-h2d-810,,H2d,17,H7c,,G
152321,H2d,20,Everyone thinks his own fart smells sweet,unive3-h2d-811,G,H2d,20,,,G
152324,H2d,22,Each bird loves to hear himself sing / Jedem gefällt das Seine,unive3-h2d-812,,H2d,22,,,"Ew,Es,I"
152330,H2d,26,Better to rear a pig than to bring up some body else's child trl. Maltese,unive3-h2d-813,-o,H2d,26,"H5h,G3b,H7c",,"E,A,I"
152333,H2e,10,Giving to oneself is better than receiving trl. Ovambo/Afr.,unive3-h2e-814,-o,H2e,10,,,"F,Ew,A,I"
152334,H2e,11,"What you can do alone by yourself expect not from another/Mit dem,was du selbst tun kannst,bemühe nie andere /Ne quid expectes amicos, quod tute agere possis (Latin)/A lo que puedes solo,no esperes..",unive3-h2e-815,,H2e,11,,,E
152335,H2e,12,God helps those who help themselves / Pray to God but keep the hammer going / Pray to God but row to shore,unive3-h2e-816,,H2e,12,"B1f,B1b,M3b",B1f 08,G
152338,H2e,14,Eat of your own and call yourself mine / Selbst ist der Mann,unive3-h2e-817,,H2e,14,,,"F,E,A"
152342,H2e,16,"Bid me and do it yourself / If you want a thing done, go; if not, send / Selbst ist der Mann / Qui se sert, est bien servi",unive3-h2e-818,,H2e,16,"M6a,M5a",,G
152352,H2e,20,Every man is the architect of his own fortune / Der Mensch ist seines Glückes Schmied / Chacun est l'artisan de sa fortune,unive3-h2e-819,,H2e,20,,,"F,E,I,O"
152361,H2e,27,A burden of one's own choice is not felt,unive3-h2e-820,G,H2e,27,,,G
152362,H2f,10,"Better go to bed supperless than rise in debt / Lieber ohne Abenbrot zu Bette gehen als mit Schulden aufstehen / Meglio andare a letto senza cena, che alzarsi con debiti",unive3-h2f-821,,H2f,10,,,"F,E,O"
152363,H2f,11,Debt is the worst kind of poverty / Borgen und Schmausen endet mit Grausen,unive3-h2f-822,,H2f,11,,,"E,O"
152364,H2f,11b,"Borrowing brings sorrowing / Borgen macht Sorgen / Chi presta, tempesta; chi riceve, festa",unive3-h2f-823,,H2f,11b,,,E
152369,H2f,14,"Who depends upon another man's table often dines late / Wer auf die Schue hofft, die erben soll, muss barfuss gehen / Chi per altrui man s'imbocca, tardi si satolla",unive3-h2f-824,,H2f,14,"L1e,H2b",,"F,E,A,I"
152393,H2f,27,Death pays all debts / Der Tod bezahlt alle Schulden / Au bout le bout,unive3-h2f-825,,H2f,27,,,"F,E"
152395,H2g,10,"He that does lend, loses his friend",unive3-h2g-826,-a,H2g,10,H6c,,"E,I,O"
152397,H2g,11,Be surety and danger is at hand / Bürgen soll man würgen,unive3-h2g-827,,H2g,11,,,"F,E,O"
152402,H2g,15,Loaned out trousers don't get better,unive3-h2g-828,-i,H2g,15,,,"F,En,A,O"
152409,H2g,20,Creditors have better memories than debtors / Gläubiger haben ein besseres Gedächtnis als Schuldner / I creditori hanno miglior memoria dei debitori,unive3-h2g-829,,H2g,20,E1k,H2c 24,"E,O"
152411,H2g,21,"From a bad paymaster get what you can / You can have no more of a cat than her skin / Stirbt der Fuchs, so gilt der Balg / Dal mal pagatore, o aceto o cerchione",unive3-h2g-830,,H2g,21,L1c,,"E,I"
152415,H3a,10,Honour the tree that gives you shelter,unive3-h3a-831,G,H3a,10,"K1m,H5h,H5d,H5h,H6a",,G
152416,H3a,11,We are all in the same boat,unive3-h3a-832,-a,H3a,11,E1g,,"E,I,O"
152430,H3a,19,Do the duty that lies nearest thee,unive3-h3a-833,-i,H3a,19,H3g,,"Ew,A,O"
152438,H3a,24,"One bone, one flesh / Tarred with the same brush / Sie sind aus einer Büchse geschmiert / Patellae dignum operculum (Latin) / Tan bueno es Pedro como su compañero",unive3-h3a-834,,H3a,24,,,"F,E,O"
152441,H3a,27,"One hand washes another / Manus manum lavat (Latin) / Une main lave l'autre / Una mano a la otra lava, y las dos a la cara",unive3-h3a-835,,H3a,27,"H6b,K2e,L1a",,G
152443,H3a,28,One for all and all for one / Einer für alle und alle für einen / Uno para todos y todos para uno,unive3-h3a-836,,H3a,28,,,"F,E"
152444,H3a,29,The chain is no stronger than its weakest link / Das Garn reißt immer an der dünnsten Stelle / Funem abrumpere nimium tendendo (Latin) / La cuerda se rompe por lo más delgado,unive3-h3a-837,,H3a,29,,,E
152448,H3b,10,Not even Hercules could contend against two / Zwei sind für einen eine Heerschar / Hercules adversus noluit ire duos (Latin) / Contro due non la potrebbe Orlando,unive3-h3b-838,,H3b,10,,,G
152458,H3b,15,Four eyes see better than two / Vier Augen sehen besser als zwei / Plus vident oculi quam oculus (Latin) / Two heads are better than one,unive3-h3b-839,,H3b,15,,,"F,E,A,O"
152463,H3b,19,A threefold cord is not quickly broken / Eine dreifache Schnur wird nicht so bald zerrissen / Funiculus triplex difficile rumpitur (Latin) / Il cordone a tre fili non rompe prestamente,unive3-h3b-840,,H3b,19,,,"F,E,A,P"
152466,H3b,19d,"A house divided against itself cannot stand / Wenn ein Haus mit sich selbst uneins wird, kann es nicht bestehen / Acerrima proximorum odia (Latin) / Tout royaume divisé contre lui-même périra",unive3-h3b-841,,H3b,19d,,,"E,O"
152472,H3b,22,The lone sheep's in danger of the wolf / Das freie Schaf frisst der Wolf / Praeda fit niso columba quae columbarium deserit (Latin) / Pecora mal guardata vien dal lupo divorata,unive3-h3b-842,,H3b,22,,,"E,A,O"
152476,H3b,24,"Union is strenght / United we stand, devided we fall / There is safety in numbers/ Eintracht bringt Macht / La concordia es invencible (Spanish)",unive3-h3b-843,,H3b,24,,,G
152479,H3b,26,"Many hands make quick work / Viele Hände machen schnell ein Ende / Multae manus onus levant (Latin) / Quand il y a beaucoup de mains, la besogne est bientôt faite",unive3-h3b-844,,H3b,26,,,"F,E,A,P"
152480,H3b,27,Make short the miles with talk and smiles / Gefährte munter kürzet die Meilen / Comes facundus in via pro vehiculo est (Latin),unive3-h3b-845,,H3b,27,H5a,D3b 12,"F,E,I,O"
152481,H3b,27b,"Good company is a good coach / Gefährte munter kürzet die Meilen / Compagno allegro per cammino, te serve per ronzino",unive3-h3b-846,,H3b,27b,,,E
152486,H3b,31,One can work well with many and eat well with few trl. Chinese,unive3-h3b-847,-i,H3b,31,"E1k,E1l",H3b 29,"F,Ew,A,O,P"
152488,H3b,32,Whatever man has done man can do / Nicht Götter brennen die Tontöpfe / Ce ne sont pas les dieux qui font cuire la poterie /Non sono gli dei che fanno bollire la pentola,unive3-h3b-848,,H3b,32,,D1c 19,"F,E,A,O"
152489,H3b,32b,All the keys hang not at one man's gridle / Toutes les clefs ne pendent pas à la même ceinture,unive3-h3b-849,,H3b,32b,,,E
152492,H3b,35,"Ants, fighting together, will vanquish the lion",unive3-h3b-850,G,H3b,35,,,G
152498,H3b,37,The voice of the people is the drum of God,unive3-h3b-851,-a,H3b,37,"J1e,J1k,J1m",,"E,I,O"
152499,H3c,10,A joy that's shared is a joy made double,unive3-h3c-852,,H3c,10,,,"Ew,Es"
152501,H3c,11,"Joy shared, joy doubled; sorrow shared, sorrow halved / Geteilte Freude ist doppelte Freude, geteilte Schmerz ist halber Schmerz / Chagrin partagé, chagrin diminué; plaisir partagé, plaisir doublé",unive3-h3c-853,,H3c,11,,H1b 14c,"E,A"
152505,H3c,12c,One finger gashed - all the fingers are covered with blood trl. Nkundu/Afr.,unive3-h3c-854,-i,H3c,12c,"C4d,H3a,G3b",H1a 20,"F,E,A,P"
152507,H3c,12e,Do not cut off your nose to spite your face / Se couper le nez pour faire dépit à son visage,unive3-h3c-855,,H3c,12e,C4d,,Ew
152511,H3c,16,"When the next house is on fire, it is high time to look to your own/Wenn des Nachbars Haus brennt so gilt dir's auch/Tua res agitur,paries cum proximus ardet (Latin)",unive3-h3c-856,,H3c,16,M1e,,"F,E,A,O"
152526,H3d,10,A man may provoke his own dog to bite / Tread on a worm and it will turn / Man reizt den Hund so lange bis er beisst / La patience a des limites / Agosto y septiembre no duran siempre,unive3-h3d-857,,H3d,10,,,"F,E,O"
152528,H3d,11,"It is an ill bird that fouls its own nest / Es ist ein böser Vogel, der sein Nest beschmutzt / Turpis avis proprium qui foedat stercore nidum (Latin) / Vilain oiseau celui qui salit son nid",unive3-h3d-858,,H3d,11,"H3a,J1m",,"F,E,A"
152531,H3d,12d,"The fox seldom preys near home, nor does Satan meddle with his own / Kluger Dieb hält sein Nest rein",unive3-h3d-859,,H3d,12d,,,I
152533,H3d,14,One cannot watch the thief of one's own house trl. Arabic,unive3-h3d-860,-a,H3d,14,,,"F,E,I,O"
152534,H3d,15,Dirty linen ought to be washed in private / Deine Wäsche wasche zu Hause / I cienci sudici vanno lavati in casa,unive3-h3d-861,,H3d,15,J1d,,"F,E,I,O"
152538,H3d,17,Crows do not pick out crow's eyes / Dog does not eat dog / Eine Krähe hackt der anderen kein Auge aus / Mulus mulum scabit (Latin),unive3-h3d-862,,H3d,17,,,G
152549,H3d,24,"The wrath of brothers is fierce and devilish / Bruderzwist gar heftig ist / Fratelli, flagelli / Tre fratelli, tre castelli",unive3-h3d-863,,H3d,24,,,E
152554,H3d,27,Your elbow is close at hand but you can't bite it trl. Finnish,unive3-h3d-864,G,H3d,27,,,"F,Ee,I,O"
152558,H3e,10,"A lion at home, a mouse abroad",unive3-h3e-865,G,H3e,10,C6c,,G
152562,H3e,13,A roving dog runs against a stick trl. Japanese,unive3-h3e-866,-i,H3e,13,,,"F,Ew,A,O"
152566,H3e,17,To dine with Duke Humphrey,unive3-h3e-867,-a,H3e,17,,,"F,E,I,O"
152568,H3e,18,"The absent party is always to blame / Der Abwesende hat immer unrecht / De absentibus nihil nisi bonum (Latin) / Quien no parece, perece",unive3-h3e-868,,H3e,18,,,E
152570,H3e,19,The dead are soon forgotten / Mortuus ille diu defunctus quisque per annum (Latin) / A que se muere le entierran,unive3-h3e-869,,H3e,19,,G8e 18,G
152582,H3e,28,,unive3-h3e-870,,H3e,28,,,"F,E"
152583,H3e,28b,"Other's bread has seven crusts / Fremder Leute Brot essen tut weh / Pano ajeno, caro cuesta",unive3-h3e-871,,H3e,28b,,,"F,Ew,Es"
152584,H3e,29,Borrowed garments never fit well / Fremde Federn schmücken nicht lang,unive3-h3e-872,,H3e,29,F2c,,"F,E,A"
152591,H3f,12,Forbidden fruit is sweet / Stolen sweets are best / Verbotene Frucht schmeckt süss / Potus furtivus dulcis est (Latin),unive3-h3f-873,,H3f,12,,,"E,I,O"
152597,H3f,14,The grass is always greener next door (...on the other side of the fence) / My neighbour's goat gives more milk than mine / Des Nachbarn Braten ist stets feister / La gallina del vicino par un'oca,unive3-h3f-874,,H3f,14,"H7c,D3b",,"E,A,O"
152610,H3f,23,If you are over fastidious you will fare worse,unive3-h3f-875,-i,H3f,23,G5e,,"F,E,A,O,P"
152613,H3g,11,"Every bird must hatch its own eggs / Let every pig dig for himself / Chacun pour soi, chacun chez soi",unive3-h3g-876,,H3g,11,,,G
152622,H3g,14,He who is useless for himself is useless for others,unive3-h3g-877,-o,H3g,14,H5a,H2c 27,"E,A,I"
152624,H3g,15,"Don't poke your nose into other people's affairs / Mind your own business / Was dich nicht juckt, das kratze nicht / Di quel che non ti cale, non dir nè ben nè male",unive3-h3g-878,,H3g,15,,,"F,E,I"
152627,H3g,15d,Curiosity killed the cat,unive3-h3g-879,,H3g,15d,,,"Ew,A"
152639,H3g,25,Sweep before your own door,unive3-h3g-880,,H3g,25,H1b,,G
152641,H3g,27,"Put an other man's child in your bosom, and he'll creep out at your elbow / Wer fremden Hund anbindet, gewinnt nichts als den Strick /Qui canem alit exterum, huic praeter lorum nil fit reliquem(Latin)",unive3-h3g-881,,H3g,27,,,"Ew,Es"
152642,H3h,10,No man is indispensable / For one that is missing there is no spoiling a wedding / Zu Mittag warten dreie nicht auf den Dritten / Pour un moine l'abbaye ne manque pas / Nessuno è indispensabile,unive3-h3h-882,,H3h,10,,G3e 23,"F,E,A"
152645,H3h,11,Sieben soll nicht harren auf einen Narren / Sette non devono aspettare uno,unive3-h3h-883,,H3h,11,,,"F,E"
152653,H3i,12,The beggar is never out of his way / Bettler und Krämer sind nie vom Wege ab / Les gueux ne sont jamais hors de leur chemin / Los mendigos no están jamás fuera de su camino,unive3-h3i-884,,H3i,12,,,"F,E"
152654,H3i,13,"Beggars are no choosers / Bettler nehmen alles / O mangiar questra minestra, o saltar dalla finestra",unive3-h3i-885,,H3i,13,,,"E,I"
152657,H3i,16,"Grass grows not upon the highway / There grows no grass at the market cross / Wo jederman geht, wächst kein Gras / L'erba non cresce sulla strada maesra",unive3-h3i-886,,H3i,16,"G5e,G3e,F1c",,"F,E,A,O"
152660,H3i,19,Rats desert a sinking ship / die Ratten verlassen das sinkende Schiff / Les rats quittent le navire qui coule / Las ratas abandonan el barco que se hunde,unive3-h3i-887,,H3i,19,H3a,,"E,P"
152677,H4a,15,"The hare always returns to her form / Wo der Hase geworfen wird, will er bleiben / Vult lepus esse loco semper generatus erat quo (Latin) / Quien nace en el muladar, allí se quería morar",unive3-h4a-888,,H4a,15,,,E
152687,H4b,10,"Every bird think its own nest best / Daheim ist's am besten /Borta bra men hemma bäst / Domus amica, domus optima (Latin)",unive3-h4b-889,,H4b,10,,,G
152695,H4b,13d,"East or west, home is best / Osten, Westen, zu Haus ist's am besten / Va in piazza, vedi e odi; torna a casa, bevi e godi",unive3-h4b-890,,H4b,13d,,,"E,O"
152699,H4b,16,Every bird thinks its own nest charming / Jedem Vogel gefällt sein Nest / À chaque oiseau son nid est beau,unive3-h4b-891,,H4b,16,,,"F,E,I"
152703,H4b,18,My home is my castle / Jeder ist König in seinem Hause / Chacun est roi en sa maison,unive3-h4b-892,,H4b,18,,,"F,E,O"
152711,H4b,24,Smoke of a man's own house is better than the fire of another's / Fremdes Feuer ist nicht so hell wie der Rauch daheim/Patriae fumus igne alieno luculentior (Latin),unive3-h4b-893,,H4b,24,,,E
152718,H4b,29,Remove an old tree and it will die / Alte Bäume sind schwer zu verpflanzen,unive3-h4b-894,,H4b,29,,G1a 16,E
152720,H4b,31,Three removes are as bad as a fire / Dreimal umgezogen ist abgebrannt /Trois déménagements valent un incendie / Tre sfatti equivalgono ad uno incendio,unive3-h4b-895,,H4b,31,,,"F,E,O"
152722,H4c,10,A cock crows best on his dunghill / Der Hahn ist König auf seinem Mist / Gallus in sterquilinio plurimum potest (Latin),unive3-h4c-896,,H4c,10,K1d,,G
152734,H4d,11,Familiarity breeds contempt / A prophet has no honour in his own country / Few men have been admider by their servants / Allzu gemein macht dich kein / Nimia familiaritas contemptum parit (Latin),unive3-h4d-897,,H4d,11,,,G
152743,H4d,18,A good neighbour at hand is better than a brother far away / Besser Nachbar an der Hand als Vetter über Land,unive3-h4d-898,,H4d,18,C3c,,"Ew,A,O"
152747,H4d,20,Better is a neighbour that is near than a brother far off,unive3-h4d-899,,H4d,20,C3c,,"F,E,I,O"
152749,H4e,10,"My country is wherever I am well / A man's country is where he does well / Wo ich satt werde, dort ist mein Vaterland / Où l'on est bien, là est la patrie / Fortunato omne solum patria est (Latin)",unive3-h4e-900,,H4e,10,H4b,,"E,A"
152756,H4e,15,"The fly says:""The world is before and behind"" =it is at home everywhere trl. Ho/Afr.",unive3-h4e-901,-i,H4e,15,,,"E,A,O"
152758,H5a,10,Pain is felt by its owner trl. Ovambo/Afr.,unive3-h5a-902,G,H5a,10,H1a,,G
152759,H5a,11,A man pleads anothers's cause with a stick trl. Finnish,unive3-h5a-903,-o,H5a,11,H2e,,"F,En,Ee,A,I"
152762,H5a,14,He jests at scars that never felt a wound / Fremder Schmerz geht nicht ans Herz / Nemo claudicat alieno ex dolore (Latin),unive3-h5a-904,,H5a,14,,,G
152767,H5a,17,"To pull the nuts from the fire with the dog's foot / Es ist leicht, mit Katzenpfoten die Kastanien aus dem Feuer zu holen / Cavar la bruciata con lo zampino del gatto",unive3-h5a-905,,H5a,17,,,G
152768,H5a,17b,"A hired horse tired never / Fremdes Pferd und eigene Sporen machen kurze Meilen /Equus conducticius facit brevia militaria (Latin) / Caballo ajeno, ni come ni se cansa",unive3-h5a-906,,H5a,17b,,,"F,E"
152770,H5a,18,"Broad thongs are cut out of another man's leather / Aus anderer Leute Beutel ist gut zehren / Du cuir d'autrui, large courroie",unive3-h5a-907,,H5a,18,H3b,,"F,E,A"
152783,H5b,21,"He that gives all before he dies, provides to suffer / Qui donne le sien avant mourir, bien tost s'appreste à moult souffrir",unive3-h5b-908,,H5b,21,,,"F,E,I,O"
152784,H5b,22,He that takes the devil into the boat must carry him over the sound,unive3-h5b-909,-o,H5b,22,"F1c,C2c",,"F,E,A,I"
152785,H5b,23,"He must have a long spoon that sups with the devil / Quand on dîne avec le diable, il faut se munir d'une longue cuiller / Chi vuol' mangiar col diavolo bisogna aver cucchiaio lungo",unive3-h5b-910,,H5b,23,,,"E,I"
152786,H5b,24,"Save a thief from the gallows, and he'll be the first to cut your throat / Wer des Wolfes schont, der gefärdet die Schafe / Miniatur innocentibus qui parcit nocentibus (Latin)",unive3-h5b-911,,H5b,24,F1d,,"F,E"
152788,H5b,26,Jest with an ass and he will flap you in the face with his tail / Do a man a good turn and he'll never forgive you / Chantez à lâne et il vous frappera des pieds,unive3-h5b-912,,H5b,26,F1c,,G
152791,H5b,28,"Breed up a crow and he will tear out your eyes / Erziehst du ein Raben, wird er dir die Augen ausgraben / J'ai logé le rat, et il me dévalise",unive3-h5b-913,,H5b,28,F1c,,E
152795,H5b,31,To warm a snake in your bosom,unive3-h5b-914,G,H5b,31,"H5h,C5e",,G
152814,H5c,21,"Better give than take / Giving is an honour, asking a pain / Geben is seliger als Nehmen / È meglio dare che ricevere",unive3-h5c-915,,H5c,21,F1a,,"E,I"
152815,H5c,22,Alms never make poor / Wohltun trägt Zinsen,unive3-h5c-916,,H5c,22,,,"F,E,I"
152818,H5c,23,What you have given will be a shield trl. Hindi/Indian,unive3-h5c-917,-i,H5c,23,"H5d,K2e",,"F,E,A,O"
152834,H5c,33,"He that bringeth a present findeth the door open / They are welcome that bring / Ein froher Gast ist niemals Last / Wer bringt ist überall willkommen / Bienvenu, qui apporte",unive3-h5c-918,,H5c,33,",J1a",,E
152836,H5c,34,"There is a time to weep, and a time to laugh / Weinen hat seine Zeit und Lachen hat seine Zeit / Hay tiempos de llorar y tiempos de reir",unive3-h5c-919,,H5c,34,,,"E,O"
152842,H5d,09b,One good turn deserves another / Tit for tat / Ein dienst ist des anderen wert / Un servizio per altro,unive3-h5d-920,,H5d,09b,,,"E,O"
152843,H5d,09c,"One good turn asks another / If you scratch my back, I’ll scratch yours",unive3-h5d-921,G,H5d,09c,,H5c 14,G
152847,H5d,10,"Love is the true price of love / Love begets love /Willst du geliebt werden, so liebe / Si vis amari, ama (Latin) / L'amour ne se paie qu'avec l'amour / Amor d'amor si paga",unive3-h5d-922,,H5d,10,C2b,,"F,E,A,O"
152851,H5d,12,Confidence begets confidence / Trust begets trust / Vertrauen erweckt Vertrauen / Fides facit fidem,unive3-h5d-923,,H5d,12,,,"E,A,O"
152855,H5d,15,"Do as you would be done by / Wer andere schimpft, den schimpft auch andere",unive3-h5d-924,,H5d,15,,,"F,E,O"
152857,H5d,16,"Do well and have well / Wer Gutes tut, wird Gutes finden / Qui fera bien, bien trouvera / Chi fa bene, ha bene",unive3-h5d-925,,H5d,16,,,"F,E,I"
152861,H5d,19,What is sauce for the goose is sauce for the gander,unive3-h5d-926,G,H5d,19,,,G
152862,H5d,20,"Do as you would be done by / Quod ab alio oderis fieri tibi, vide ne tu aliquando alteri facias (Latin) /Ne fais pas à autrui ce que tu ne voudrais qu'on te fît /",unive3-h5d-927,,H5d,20,,,"F,E,O"
152863,H5d,20b,"To accept a favour is to sell one's liberty / Deschenke binden die Gelenke / Argentum accepi, imperium vendidi",unive3-h5d-928,,H5d,20b,H5h,,"Ew,Es"
152867,H5d,22,He falls himself that digs another's pit / Caught in his own toils / Le trompeur trompé,unive3-h5d-929,,H5d,22,F1b,,G
152882,H5e,11,"A hearty welcome is worth half a feast / Aspera vox 'ite', sed vox est blanda 'venite' (Latin)",unive3-h5e-930,,H5e,11,,,E
152895,H5e,18b,"Honey is not for the ass's mouth / Draff is good enough for hogs / Honig ist keine Kost für Esel/  Wie der Gast, so die Kost / Il miele non è fatto per gli asini",unive3-h5e-931,,H5e,18b,,,"Ew,Es"
152900,H5e,21,"A guest after three days becomes unwelcome / After three days fish is unsavoury, and so is an ill guest/Der Gast ist wie der Fisch: er bleibt nicht lange frisch",unive3-h5e-932,,H5e,21,,,"F,E,I,O"
152913,H5e,24,"He that comes now and then, shall have a fat hen",unive3-h5e-933,-a,H5e,24,,H6c 11,"F,E,I,O"
152921,H5e,27,"Not to give chase to those who leave, nor refuse those who come trl. Japanese",unive3-h5e-934,-i,H5e,27,,,"F,Ew,A,O"
152929,H5f,11,"Come uncalled, sit unserved / The unbidden guest is ever a pest / Ungebetene Gäste setzt man hinter die Tür /Nezvaný host není radost (Czech)",unive3-h5f-935,,H5f,11,,,"F,E,I"
152930,H5f,12,He who comes uncalled sits unserved,unive3-h5f-936,-a,H5f,12,,,"F,E,I,O"
152932,H5f,14,Proffer'd service stinks / Angebotene Hilfe hat keinen Lohn / Merx ultronea putet (Latin),unive3-h5f-937,,H5f,14,,,"F,E,O"
152933,H5f,15,Give not counsel or salt till you are asked / Rate niemandem ungebeten / Ad consilium ne accesseris antequam vocaris,unive3-h5f-938,,H5f,15,,,E
152936,H5f,21c,"Shame take him that shame thinketh / Evil to him who evil thinks / Mala hostibus eveniant (Latin) / Chi mal pensa, mal abbia",unive3-h5f-939,,H5f,21c,,,"E,O"
152937,H5g,10,"Courtesy costs nothing / Grüssen kostet nichts / Cortesia di bocca, mano al capello, poco costa, ed e buono e bello",unive3-h5g-940,,H5g,10,,,"E,O"
152942,H5g,13,Do not look a gift horse in the mouth / Geschenktem Gaul sieht man nicht ins Maul / Equi donati dentes non inspicuntur (Latin),unive3-h5g-941,,H5g,13,,,G
152949,H5g,15,Do not talk Arabic in the house of a Moor / Il ne faut pas parler latin devant les Cordeliers / Em casa del mouro não fales algarvia,unive3-h5g-942,,H5g,15,,,"F,E,A,O"
152967,H5h,13,A good deed is soon forgotten,unive3-h5h-943,,H5h,13,,,"Ew,Ee,I"
152970,H5h,16,"Danger past, God forgotten / Necessity teaches to pray / Its das Fest vorbei, so lacht man des Heiligen / Danger passé, saint moqué",unive3-h5h-944,,H5h,16,B1e,A1b 19,"F,E,I,O"
152971,H5h,17,The Moor has done his duty let him go,unive3-h5h-945,G,H5h,17,,,G
152973,H5h,18,"The world's coin is ingratitude / Eaten bread is soon forgotten / Undank ist der Welt Lohn / Gegessen Brot, vergessen Brot / Il pan mangiato è presto dimenticato",unive3-h5h-946,,H5h,18,,,"F,E"
152975,H5h,19,"To do good to an ungrateful man is to throw rose-water in the sea / Was man Undankbaren tut, ist immer ein verloren Gut / Malo si quid benefacias, id beneficium perit (Latin)",unive3-h5h-947,,H5h,19,,,"F,E"
152979,H5h,22,Small presents keep up friendship / The axe goes to the wood whence it borrowed its handle,unive3-h5h-948,-a,H5h,22,,,"Ew,I,O"
152980,H5h,23,"Small gifts keep freindship alive / Es kommt nicht darauf an, was man gibt, sondern wie man gibt / Alternando boni nos dona manemus amici (Latin)",unive3-h5h-949,,H5h,23,K1g,,"E,A,I"
152984,H6a,10,Life without a friend is death without a witness / Besser tot als zu leben ohne Freunde / Sine amicitia vitam esse nullam (Latin),unive3-h6a-950,,H6a,10,,,G
152988,H6a,12,"A faithful friend is hard to find / Il n'y a rien de plus commun que le nom d'amitie, rien de plus rare que la chose",unive3-h6a-951,,H6a,12,,,"E,I,O"
152989,H6a,12b,"A faithful friend is a strong defence / Ein getreuer Freund, ein grosser Schatz / Qui invenit amicum, invenit thesaurum",unive3-h6a-952,,H6a,12b,"H7k,H5d",,"O,Ew,Es"
152996,H6a,14,A good friend is better than a near relation / Ein guter Freund ist mehr wert als hundert Verwandte / Un bon ami vaut mieux que cent parents,unive3-h6a-953,,H6a,14,G1a,,G
152999,H6a,15,An onion with a friend is a lamb trl. Egyptian,unive3-h6a-954,-a,H6a,15,,,"E,I,O"
153002,H6a,17,"One enemy is too much for a man in a great post, and a hundred friends are too few / Un nemico è troppo e cento amici non bastano",unive3-h6a-955,,H6a,17,,,"F,E,I,O"
153003,H6a,17b,"A friend's frown is better than a fool's smile / Besser ein sauer sehender Freund, denn ein süß lachender Feind / Hostium munera non munera (Latin)",unive3-h6a-956,,H6a,17b,,,"E,I"
153005,H6a,18,"If you have no enemies, it is a sign that fortune has forgot you / Wer keine Neider hat, hat auch kein Glück / Misera fortuna, qui caret inimico (Latin)",unive3-h6a-957,,H6a,18,,,E
153006,H6b,10,"Defend me from my friends, from enemies I will defend myself / Behte mich Gott vor meinen Freunden, mit den Feinden... /Ab inimicis possum mihi ipsi cavere, ab amicis vero non (Latin)",unive3-h6b-958,,H6b,10,,,"F,E,I"
153008,H6b,11b,First try then trust / Trial makes trust / Aus Trauen wird leicht Trauern / Bada di chi ti fidi,unive3-h6b-959,,H6b,11b,C5d,,Ee
153010,H6b,13,A hedge between keeps friendship green,unive3-h6b-960,-a,H6b,13,,H6d 19,"F,E,I,O"
153014,H6b,16,"He covers me with his wings and bites me with his bill / Es sind nicht alle Freunde, die einen anlachen / Tel te caresse, qui te trompe",unive3-h6b-961,,H6b,16,H5d,,I
153016,H6b,17,"A friend to all is a friend to none / Jedermanns Freund ist niemandes Freund / Multus amicus, nullus amicus (Latin) / Amigo de muchos, amigo ningun",unive3-h6b-962,,H6b,17,J1d,,"E,I"
153017,H6b,17b,He must rise early that would please everybody / If you try to please all you will please none / Man kann es nicht allen recht machen / Durum est omnibus placere (Latin) / Non si può piacere a tutti,unive3-h6b-963,,H6b,17b,,M8a 31,"E,O"
153024,H6b,22,Between friends all is common / Amicorum esse omnia communia (Latin),unive3-h6b-964,,H6b,22,"J1k,H7g,G3b",J1a 19,G
153026,H6b,22c,The best mirror is an old friend / A friend is a second self / Alter ipse amicus (Latin)  / Mieux vaut ami grondeur que flatteur,unive3-h6b-965,,H6b,22c,,H1e 27,"E,O"
153032,H6b,24,"A friend in need is a friend indeed / Many friends, few helpers / Den Freund erkennt man in der Not / Amitié dans la peine, amitié certaine",unive3-h6b-966,,H6b,24,"C5d,F1a",C5d 17,G
153043,H6c,12,Love should not be all on one side / Aime qui t'aime,unive3-h6c-967,,H6c,12,,G5a 14,G
153044,H6c,12b,"Courtesy on one side only lasts not long / Courroisie qui ne vient que d'un côté, ne peut longuement durer",unive3-h6c-968,,H6c,12b,,,Ew
153046,H6c,13,Love cannot be forced / Liebe lässt sich nicht erzwingen / Amor cogi non potest (Latin),unive3-h6c-969,,H6c,13,"K1e,C1c,G1a",,"F,E,A,I"
153047,H6c,14,"It takes two to make a quarrel / Zum Zank gehören immer zwei / Il faut être deux pour se quereller / Quando uno no quiere, dos no contienden",unive3-h6c-970,,H6c,14,H7b,,"F,E,A"
153053,H6c,16,A friend's dinner is soon dight / Viande d'ami est bientôt prête / En casa llena presto se guisa la cena,unive3-h6c-971,,H6c,16,,H5d 09c,"F,E,A,O"
153055,H6c,18,Broken friendships may be soldered but never sound / Alte wunden soll man nicht aufreissen,unive3-h6c-972,,H6c,18,,,"E,A"
153057,H6c,18c,A friend is not so soon gotten as lost / Ein Freund ist schneller verloren als gewonnen /Amicum perdere est damnorum maximum (Latin),unive3-h6c-973,,H6c,18c,,,"E,I"
153064,H6d,11,"A good neighbour is a precious thing / man kann nicht länger Frieden haben als der Nachbar will / Qui a bon voisin, a bon matin",unive3-h6d-974,,H6d,11,,,"F,E,I"
153068,H6d,12,"Kauf dir kein Haus, kauf dir den Nachbarn",unive3-h6d-975,,H6d,12,M1b,,G
153072,H6d,15,Nobody can live longer in peace than his neighbour pleaseth,unive3-h6d-976,-a,H6d,15,,,"Ew,I,O"
153081,H6d,20,"A hedge between keeps friendship green / Good fences make good neighbours / Liebe deinen Nachbarn, reisse aber den Zaun nicht ein / Aimez votr voisin, mais n'abattez pas la haie",unive3-h6d-977,,H6d,20,M1b,,E
153086,H7a,10,"Two is company, three is none / Amor et potestas impatiens est consortis (Latin) / Deux c'est assez, trois c'est trop",unive3-h7a-978,,H7a,10,,,"F,E"
153091,H7a,12,"Two dogs strive for a bone and the third runs away with it / Wenn zwei sich zanken, freut sich der Dritte / Duobus litigantibus tertius gaudet (Latin)",unive3-h7a-979,,H7a,12,,,"F,E,O"
153095,H7a,14,"When thieves fall out, honest men get their own",unive3-h7a-980,G,H7a,14,L1d,,"F,Ew,Es"
153100,H7a,15,Hard with hard makes not the stone wall / Harter Stein auf harter Stein gibt keine Mauer / Durum durum destruit (Latin),unive3-h7a-981,,H7a,15,,,"F,E,A"
153104,H7a,17,Nemo potest digne dominis servire duobus (Latin),unive3-h7a-982,-i,H7a,17,,,"Ew,Ee,A,O"
153105,H7a,20,Between the hammer and the anvil / Between the devil and the deep blue sea / zwischen Amboss und Hammer / zwischen Baum und Borke / essere tra l'inducine y el martillo,unive3-h7a-983,,H7a,20,H3g,,"F,E"
153106,H7a,21,Don't go between the tree and the bark / Den Finger zwischen Holz und Rinde stecken / Inter pontem et fontem (Latin),unive3-h7a-984,,H7a,21,"H3g,H7d,G5f",,G
153112,H7b,12,"All who take the sword die by the sword / Qui gladio ferit, gladio perit (Latin)",unive3-h7b-985,,H7b,12,"H5d,D1b,K1j,T4e",,G
153114,H7b,13,"Harm watch, harm catch / He that scatters thorns must not go barefoot / Wer Dornen sät, geht nicht barfuss / Qui amat periculum, peribit im illo (Latin)",unive3-h7b-986,,H7b,13,"H5d,C2b",,"E,I,O"
153118,H7b,16,"Querrelsome dogs get dirty coats / Böse Hunde haben zerrissenes Fell / Canis qui mordet, mordetur (Latin)",unive3-h7b-987,,H7b,16,,,"F,E,A,O"
153124,H7b,21c,Tit for tat,unive3-h7b-988,G,H7b,21c,L1b,,G
153127,H7b,24,There must be two at least to a quarrel,unive3-h7b-989,-i,H7b,24,,,"F,E,A,O"
153128,H7b,25,A stick has two ends trl. Persian,unive3-h7b-990,-o,H7b,25,,E1k 12,"F,E,A,I"
153130,H7b,27,"People who live in glass houses should not throw stones / He is not laughed at, who laughs at himself first / Be not a baker, if your head be of butter / If your head is vax, don't walk in the sun",unive3-h7b-991,,H7b,27,,,"F,E,I"
153134,H7b,32,"Judge not lest ye be judged / Richtet nicht, auf dass ihr nicht gerichtet werdet",unive3-h7b-992,,H7b,32,"H5d,J1p",,"F,E,A,O"
153136,H7b,32c,A joke never gains an enemy but often loses a friend / Amicum laedere ne joco quidem licet (Latin),unive3-h7b-993,,H7b,32c,,J1k 22,Ew
153137,H7b,33,He who spits towards the sky gets it back into his own face,unive3-h7b-994,G,H7b,33,,,"F,E,I,O,P"
153143,H7c,10,Envy never dies / The envious vill die but envy is immortal / Invidia immortale peccatum (Latin),unive3-h7c-995,,H7c,10,,,E
153144,H7c,11,"Envious heart fretteth itself / Rost frißt das Eisen, den Menschen zerfrißt der Neid",unive3-h7c-996,,H7c,11,,,G
153146,H7c,13,Things most excellent are ever most envied / Glück bringt Neider / Invidia gloriae comes (Latin),unive3-h7c-997,,H7c,13,,,"F,E"
153148,H7c,14,Envy is its own torturer / Neid tut sich selbst leid / L'envieux ronge les envieux / L'invidia rode se stessa,unive3-h7c-998,,H7c,14,,,I
153155,H7c,19,"Don't hit a man when he is down / When the ox falls, there are many that will help to kill him / Den Liegenden schlägt man nicht / In misero facile fit potens iniuria (Latin)",unive3-h7c-999,,H7c,19,"D1a,H3i",,G
153157,H7c,20b,"A fair wife and a frontier castle breed quarrels / qui a belle femme et château en frontière, jamais ne lui manque débat ni guerre",unive3-h7c-1000,,H7c,20b,,,E
153158,H7c,21,"One beggar grieves that another goes by the gate / Neidhard ärgert sich, dass die Sonne ins Wasser scheint",unive3-h7c-1001,,H7c,21,,,G
153171,H7d,14b,Iron sharpen iron / Eisen wetzt Eisen / Ferrum ferro acuitur (Latin) / Un couteau aiguise l'autre / Un coltello aguzza l'altro,unive3-h7d-1002,,H7d,14b,,,E
153173,H7d,16,Even birds in a nest quarrel trl.Maltese,unive3-h7d-1003,-i,H7d,16,,,"F,E,A,O"
153186,H7e,10,"A stick is soon found to beat a dog with / Give a dog an ill name and hang him / Man findet bald einen Stecken, wenn man einen Hund schlagen will / Tosto si trova il bastone per dare al cane",unive3-h7e-1004,,H7e,10,,,"F,E,A"
153187,H7e,11,Barking dogs seldom bite / Bellende Hunde beissen nicht / Chien qui aboie ne morde pas,unive3-h7e-1005,,H7e,11,"J1c,M1e",,G
153194,H7e,15,"Covardly dogs bark much / He threatens who is afraid / Furchtsame Hunde bellen viel / Mal ladra el perro, quando ladra de miedo",unive3-h7e-1006,,H7e,15,"H7f,M4c",,"F,E"
153198,H7e,18,"All are not thieves that dogs bark at / Es sind nicht alle Diebe, die der Hund anbellt",unive3-h7e-1007,,H7e,18,,,"F,E,I"
153199,H7e,19,Let people talk and dogs bite / La lune est à l'abri des loups / Cane abbaia e bue pasce,unive3-h7e-1008,,H7e,19,,,"E,I,O"
153202,H7e,21,The dogs bark but the caravan goes on / The moon does not care for the barking of dogs / Lass' die Leute reden und die Hunde bellen / El perro ladra y la caravana pasa,unive3-h7e-1009,,H7e,21,,K2h 23,G
153213,H7f,10,"A threatened blow is seldom given / Wer lange droht, macht dich nicht tot / Qui magna cum minaris, estricas nihil (Latin) / Quien amaga y no da, miedo ha",unive3-h7f-1010,,H7f,10,,,"F,Ew"
153220,H7g,09,"See all, say nothing, hold yourself content",unive3-h7g-1011,G,H7g,09,J1g,,Ew
153223,H7g,11,To master one's self is the greatest mastery / Imperare sibi maximum imperium est (Latin),unive3-h7g-1012,,H7g,11,,,"F,E"
153232,H7g,17,Cats hide their claws / Gardez-vous des gens qui font patte de velours,unive3-h7g-1013,,H7g,17,C6e,,"Ew,O"
153235,H7g,19,"Once you have put your hand to the plough there is no turning back / Einen angefangenen Tanz muß man auch austanzen / Entrando en el baile, bailar te cale",unive3-h7g-1014,,H7g,19,,,E
153238,H7g,20,"If you make a jest you must take a jest/ Wer Scherz ausgibt, muss Scherz einnehmen / Qui en jeu entre, jeu consente / Chi scherza con altrui, non si sdegni se altri scherza con lui",unive3-h7g-1015,,H7g,20,,M4a 25,"E,I"
153245,H7h,12,"Many do kiss the hand they wish to see cut off / Mancher küßt die Hand, die er abhauen möchte / Multi manum palpant, quam amputatam vellent (Latin) / V'è chi bacia tal mano che vorrebbe veder mozza",unive3-h7h-1016,,H7h,12,"K1g,B2b",,G
153251,H7h,16,Don't cast dirt into that fountain of which you have sometime to drink,unive3-h7h-1017,,H7h,16,"H5d,M1e,B2g,H3a",,"F,E,I,O"
153256,H7h,19,Gentleness achieves more than violence / Mit Freundlichkeit erreicht man mehr als mit Strenge / Plus fait douceur que violence,unive3-h7h-1018,,H7h,19,K1e,,"E,A,I"
153257,H7h,20,"Frightening of a bird is not the way to catch it / Wer Vögel fangen will, muss nicht mit Knütteln dreinwerfen / On ne prend pas les oiseaux à la tartarelle / L'uccello si adesca col canto",unive3-h7h-1019,,H7h,20,K1e,,E
153258,H7h,21,"A drop of honey catches more flies than a gallon of gall / All doors open to courtesy / tout par amour, rien par force",unive3-h7h-1020,,H7h,21,K1e,H5g 10,"F,E,I"
153265,H7i,10,"Ill-deem'd, half-hanged / Das Gerücht tötet den Mann / Fama necat virum (Latin)",unive3-h7i-1021,,H7i,10,"M6a,J1j,C4e",H7e 10,"F,E,O"
153270,H7i,15,"He that cannot beat the horse beats the saddle / Den Sack schlägt man, den Esel meint man / Qui asinum non potest, stratum caedit (Latin) / Battre le chien devant le lion",unive3-h7i-1022,,H7i,15,,,"E,I,O"
153272,H7i,17,"Beat the dog before the lion / Man schlägt auf dem sack und meint den Müller / Coram leone canis castigatur (Latin) / Tante volte si tira al cane, per fare insulto al padrone",unive3-h7i-1023,,H7i,17,"C5e,G1c,H6e",C5e 13,G
153274,H7i,19,You aim at magpies but shoot at crows trl. Finnish,unive3-h7i-1024,-a,H7i,19,C5e,,"F,E,I,O"
153275,H7j,10,Life is a struggle / Leben heißt Streben / Militia est vita hominis (Latin),unive3-h7j-1025,,H7j,10,,,"E,I"
153290,H7j,16,"If you want peace, prepare for war / Willst du den Frieden, rüste zum Krieg / Si vis pacem, para bellum (Latin)",unive3-h7j-1026,,H7j,16,,,"E,O"
153293,H7j,17,One sword drawn keeps another in the scabbard / Ein Schwert hält das andere in der Scheide / Una spada tien l'altra nel fodero,unive3-h7j-1027,,H7j,17,C2f,,"E,A,O"
153303,H7k,14,Better an egg in peace than an ox in war / Besser ein Ei in Frieden als ein Ochs im Kriege,unive3-h7k-1028,,H7k,14,,,"F,Ee"
153304,H7k,15,"A bad compromise is better than a good lawsuit / ein schlechter Friede ist besser als ein gerechter Krieg / melior tutiorque est certa pax, quam sperata victoria (Latin)",unive3-h7k-1029,,H7k,15,,,"F,E,O"
153308,H7k,17,Better an egg in peace than an ox in war / Besser ein Ei in Frieden als ein Ochs im Kriege,unive3-h7k-1030,,H7k,17,"H3e,K2k,D4c",,"F,E,I,O"
153311,H7k,19,Anger is misery trl.Kikuyu/Afr.,unive3-h7k-1031,-o,H7k,19,,,"F,E,A,I"
153317,H7k,21,"War is death's feast / War is the statesman's game / Der Krieg macht einen reich und zehn arm / Nulla salus bello (Latin) / La guerre engendre pauvreté /Wojna jednego zbogaci, a sto ich zubozy(Polish)",unive3-h7k-1032,,H7k,21,,,"F,E"
153319,H7k,23,Ill comes upon war's back / There is no benefit in war / Der Krieg macht einen reich und zehn arm / Nulla salus bello (Latin) / Dove è guerra non fu mai dovizia,unive3-h7k-1033,,H7k,23,,C2c 24,E
153327,H7k,28,Fire is not quenched by fire / Ignis non extinguitur igni (Latin) / Opposite: Fight fire with fire,unive3-h7k-1034,,H7k,28,H7b,H7m 29,"F,E,I,O"
153328,H7k,29,"For ill do well, then fear no hell / Repay good for evil / Forgive and forget/ Böses mit Gutem vergelten / Rendre le bien pour le mal / Devolver bien por mal",unive3-h7k-1035,,H7k,29,"H7m,H7h,T3b",,"E,O"
153338,H7l,10,"When a man grows angry, his reason rides out / When angry, count to ten / Zorn macht blind / Ira è breve furor / La colère est mauvaise conseillére",unive3-h7l-1036,,H7l,10,,,"E,I,O"
153341,H7l,12,Hate is always picking a quarrel / Hass erregt Hader / La hainen excite des querelles / El odio despierta rencillas / L'odio muove contese,unive3-h7l-1037,,H7l,12,,,"Ew,Ee,O"
153344,H7l,14,One can't make war with rose water,unive3-h7l-1038,-a,H7l,14,,,"Ew,I,O"
153349,H7l,17,"Where the red goat was lying, the grass does not grow for forty years =riddle: war, forest fire trl. Turkish",unive3-h7l-1039,-i,H7l,17,,,"E,A,O"
153362,H7m,11c,"Beware the fury of a patient man / Verletzte Geduld wird zur Wut / Pazienta spinta all'estremo, furia diventa",unive3-h7m-1040,,H7m,11c,,,"F,Ew,Es"
153367,H7m,15,Vengeance does not spoil with keeping / Rache muß kalt genossen werden / La vengeance est un plat qui se mange froid / La vendetta è una meta e bisogna mangiare a freddo,unive3-h7m-1041,,H7m,15,,,E
153371,H7m,19,"Offenders never pardon / Quos laeserunt et oderunt (Latin) / Qui vous a offensé, ne vous le pardonne jamais / Chi offende non perdona",unive3-h7m-1042,,H7m,19,,,"Ew,A"
153372,H7m,20,"Eye for eye, tooth for tooth / Tit fot tat / What goes around comes around / Oculum pro oculo et dentem pro dente",unive3-h7m-1043,,H7m,20,"K1l,H7b",,G
153374,H7m,22,Alte Wunden soll man nicht aufreissen,unive3-h7m-1044,-i,H7m,22,,,"Ew,Eb,A,O"
153383,H7m,27,Do not let sunset find you still nursing your anger / Lasset die Sonne nicht über eurem Zorne untergehen / Il ne faut jamais se coucher sur sa colère,unive3-h7m-1045,,H7m,27,,,E
153386,H7m,28,The noblest vengeance is to forgive,unive3-h7m-1046,-a,H7m,28,,,"Ew,I,O"
153387,H7m,28b,Two wrongs don't make a right,unive3-h7m-1047,,H7m,28b,,,F
153388,H7m,29,Two blacks don't make a white / One wrong does not justify another / Böses wird nicht mit Bösem überwunden / Iniuria non excusat iniuriam (Latin),unive3-h7m-1048,,H7m,29,H7b,,"F,E,O"
153389,H7m,30,One does not wash away blood with blood,unive3-h7m-1049,-a,H7m,30,,,"Ee,I,O"
153390,H7m,31,For a fleeing enemy make a silver bridge / Dem fliehenden Feind baue goldene Brücken / Il faut un pont d'or à l'ennemi qui fuit,unive3-h7m-1050,,H7m,31,H6a,,E
153392,H7m,33,To add oil to the fire / Öl ins Feuer gießen / Oleum camino addere (Latin) / Echar leña al fuego,unive3-h7m-1051,,H7m,33,H7k,,"E,I,O"
153394,J1a,11,The tongue kills man and the tongue saves man trl.Oji/Afr.,unive3-j1a-1052,-i,J1a,11,,,"F,Ee,Es,A,O"
153395,J1a,11b,Opinion governs all / Opinio veritate maior (Latin) / L'opinion est la reine du monde / Opinione è regina del mondo,unive3-j1a-1053,,J1a,11b,,M3b 13,"Ew,Es"
153401,J1a,14,A word in time saves nine / Better one word in time than two after / Ein rechtes Wort am rechten Ort,unive3-j1a-1054,,J1a,14,,,"E,I"
153403,J1a,15,"That which cometh from the heart will go to the heart / Was vom Herzen kommt, das geht zu Herzen / Ce qui vient du cœur va au cœur / Un corazón siente a otro corazón",unive3-j1a-1055,,J1a,15,,,"E,I,O"
153406,J1a,17,Good words break no bones / Güte bricht einem kein Bein,unive3-j1a-1056,,J1a,17,,H5g 10,"F,E"
153409,J1a,20,A soft answer turneth away wrath / Douce parole rompt grand' ire,unive3-j1a-1057,,J1a,20,,,"F,E,A"
153410,J1a,21,A soft answer turns away wrath,unive3-j1a-1058,G,J1a,21,L1b,T1j 14,G
153411,J1a,22,A soft tongue may break down solid bone / Sanftmut macht alles gut,unive3-j1a-1059,,J1a,22,,,"F,E,I,O"
153416,J1a,26,"Proverbs are the wisdom of the streets / Time passes, sayings endure / Ein Sprichwort -- ein Wahrwort / Proverbe ne peut mentir /Przyslowia sa madroscia narodów (Polish)",unive3-j1a-1060,,J1a,26,,,E
153419,J1a,29,"A word spoken is an arrow let fly / Ein geschprochenes Wort ist nicht wieder einzufangen / Palabra de boca, piedra de honda",unive3-j1a-1061,,J1a,29,"J1f,T1e",,G
153420,J1a,31,Words cut more than swords,unive3-j1a-1062,G,J1a,31,H6b,,G
153424,J1a,32,"Evil words cut worse than swords / Wörter schneiden schärfer als Schwerter / Sanan cuchilladas, màs no malas palabras",unive3-j1a-1063,,J1a,32,,,G
153426,J1a,33,"Words may pass, but blows fall heavy",unive3-j1a-1064,G,J1a,33,"J1g,J1m",C4c 24,G
153433,J1b,10,Few words are best,unive3-j1b-1065,G,J1b,10,,,G
153440,J1b,13,"Truth gives a short answer, lies go round about / Wahrheit gibt kurzen Bescheid, Lüge macht viel Redens / A vrai dire peu de paroles",unive3-j1b-1066,,J1b,13,,,"E,O"
153441,J1b,13b,Truth needs no colours / Nothing is beautiful but truth / Le vrai seul est aimable / Nel vero è il bello / El lenguaje de la verdad es sencillo,unive3-j1b-1067,,J1b,13b,,,"Ew,Es"
153443,J1b,14,Few words are best / Brevity is the soul of wit / Brevis oratio penetrat caelos (Latin),unive3-j1b-1068,,J1b,14,,,"F,E,I,O"
153452,J1b,20,"Be swift to hear, slow to speak",unive3-j1b-1069,,J1b,20,"M1c,J1n",,G
153453,J1b,21,"He that talks much errs much / Die viel Sprechen hat viel Gebrechen / In multiloquio non deerit peccatum (Latin) / Chi molto parla, spesso falla",unive3-j1b-1070,,J1b,21,J1j,,"E,I,O"
153455,J1b,22,"Act quickly, think slowly / First think and then speak / Überleg erst, dann sprich / Il faut tourner dix fois sa langue dan la bouche avant de parler",unive3-j1b-1071,,J1b,22,,,"F,E,I,O,P"
153458,J1b,24,"He that knows not to hold his tongue, knows not how to talk / Il est aisé de parler, mais malaisé de se taire / Assai sa, chi tacer sa",unive3-j1b-1072,,J1b,24,,,"Ew,Es"
153460,J1b,26,"There is a time to speak and a time to be silent / Il y a un temps pour parler, et un temps pour se taire",unive3-j1b-1073,,J1b,26,,,E
153466,J1c,10,All that is known is not told trl.Egyptian,unive3-j1c-1074,-a,J1c,10,M1a,,"F,E,I,O"
153473,J1c,15,The heart of a fool is in his mouth / Narren bedürfen der Schellen nicht /Non opus est stulti caput exornare cucullo (Latin) / I pazzi si conoscono ai gesti,unive3-j1c-1075,,J1c,15,,,"F,E,I"
153475,J1c,16,A fool's tongue runs before his wit / Reden bringt öfter Schaden als Schweigen / Ex lingua stulta veniunt incommoda multa (Latin),unive3-j1c-1076,,J1c,16,"C6c,C5b",,G
153478,J1c,19,"A fool when he is silent is counted wise / Solange ein Narr schweigt, hält man ihn für klug/ Si tacuisses, philosophus mansisses (Latin)",unive3-j1c-1077,,J1c,19,C5c,,"F,E,I,O"
153481,J1c,22,Empty barrels make the most noise / Vasa inania multum strepunt (Latin),unive3-j1c-1078,,J1c,22,"F2c,M3a",,G
153482,J1c,23,The worst wheel always creaks most / Das schlechteste Rad knarrt am meisten / A peiore rota semper sunt murmura nota (Latin),unive3-j1c-1079,,J1c,23,,,"F,E,I"
153483,J1c,24,Never give advice unasked / Ici les conseils n'ont point de gages,unive3-j1c-1080,,J1c,24,J1l,,E
153484,J1d,10,"What the heart thinks the tongue speaks / Was einem schmerzt, davon spricht man / Ex abundantia cordis os loquitur / La boca dice lo que el corazón siente",unive3-j1d-1081,,J1d,10,D3a,,"F,E,A,O,P"
153490,J1d,16,"What the heart thinks, the mouth speaks",unive3-j1d-1082,G,J1d,16,D3a,,G
153497,J1d,20,"A dumb man never gets land / Einen schweigenden Maul ist nicht zu helfen / Chi non parla, Dio non l'ode",unive3-j1d-1083,,J1d,20,G3a,,"F,E,O"
153499,J1d,22,"Hide nothing from thy minister, physician and laywer / Ärzten und Advokaten darf man nichts verschweigen",unive3-j1d-1084,,J1d,22,B1g,,"Ew,Es"
153509,J1d,28,All truth must not be told at all times,unive3-j1d-1085,-a,J1d,28,"J1k,H5g,J1f",,"F,E,I,O"
153510,J1d,29,"He that tells a secret is another's servant / Quod esse tacitum vis, id nulli dixeris (Latin)",unive3-j1d-1086,,J1d,29,H6c,,"E,A"
153512,J1d,30,Speech has been given to man so that he may disguise his thoughts / Sermo hominum mores et celat et indicat idem (Latin) / Ils n'emploient les paroles que pour déguiser leurs pensées,unive3-j1d-1087,,J1d,30,J1j,,"E,A"
153514,J1d,32,What is in the pot will come out in the ladle trl. Persian,unive3-j1d-1088,-e,J1d,32,"L1e,C5b,J1e,J1k",,"A,I,O"
153517,J1e,10,Bad news travels fast / Üble Botschaft bringt man bald / Les mauvaises nouvelles ont des ailes / El bien suena y el mal vuela,unive3-j1e-1089,,J1e,10,,,"F,E,I,O"
153521,J1e,12,"No secret but between two / Three people can keep a secret, if two are away /Was kommt in den dritten Mund, wird aller Welt kund / Quod tacitum esse velis nemini dixeris (Latin)",unive3-j1e-1090,,J1e,12,,,"F,E,O,I"
153523,J1e,13,"What is told in the ear of a man is often heard a hundred miles away trl.Danish,Chinese",unive3-j1e-1091,G,J1e,13,,,G
153525,J1e,14,Tell no one what you do not wish to be repeated / Ein Geheimnis darf man auch seinem Hemde nicht anvertrauen / Interior tunica secretorum sit inconscia (Latin),unive3-j1e-1092,,J1e,14,,,"F,E,O"
153531,J1e,18,Ill news comes apace / Bad news has wings / Böse Botschaft bringt man bald,unive3-j1e-1093,,J1e,18,,T1i 16,E
153532,J1e,19,"No news is good news / Keine Nachrichten, gute Nachrichten / Pas de nouvelles, bonnes nouvelles / Nulla nuova, buona nuova",unive3-j1e-1094,,J1e,19,,,"Ew,Es"
153534,J1e,20,Ill news come apace,unive3-j1e-1095,-a,J1e,20,,,"F,E,O"
153535,J1e,22,Fame has wings / Ruhm hat Flügel / Fama volat (Latin),unive3-j1e-1096,,J1e,22,,,"F,E,I"
153539,J1e,25,Post verba verbera /One ill word asks another,unive3-j1e-1097,-a,J1e,25,T4e,,"F,E,I,O"
153542,J1e,27,A lie begets a lie / Fallacia alia aliam trudit (Latin) / De una mentira nacen ciento,unive3-j1e-1098,,J1e,27,,,"Ew,O"
153554,J1f,11,A word spoken is an arrow let fly,unive3-j1f-1099,G,J1f,11,,,"F,E,I,O"
153557,J1f,14,"He who says what he likes shall hear what he does not / Chi dice quel che vuole, ode quel che non vorrebbe",unive3-j1f-1100,,J1f,14,J1n,H3g 15b,"E,I"
153561,J1f,18,"Better slip with foot than with tongue  / Besser mit den Füßen gestrauchelt als mit der Zunge / Satius est equo labi, quam lingua (Latin)",unive3-j1f-1101,,J1f,18,,E1c 16,G
153571,J1g,13,Every time the sheep bleats it loses a mouthful / Brebis qui bêle perd sa goulée,unive3-j1g-1102,,J1g,13,,,E
153574,J1g,14,The fish is killed by its mouth trl.Spanish,unive3-j1g-1103,G,J1g,14,E1k,,G
153585,J1g,18,"The more it is stirred the more it will stink / Je mehr man den Dreck rührt, je mehr stinkt er / Stercus quo plus commovetur, tanto plus faetet (Latin) / Cuanto más se menea el cieno más huele",unive3-j1g-1104,,J1g,18,H7b,,"F,E,I,O"
153586,J1g,19,"Speak fitly, or be silent wisely / Schweigen zur rechten Zeit übertrifft Beredsamkeit / Aliquando pro facundia silentium est (Latin)",unive3-j1g-1105,,J1g,19,H7h,,"F,E,I,O"
153590,J1g,22,"Speech is silver, silence is gold / La parola è d'argento, il silenzio è d'oro / Silentium omnia bona continet, mala omnia locuacitas (Latin)",unive3-j1g-1106,,J1g,22,,,G
153591,J1g,22c,"He cannot speak well who cannot hold his tongue / Schweigen ist auch eine Kunst / Sapiens est, qui tacere novit (Latin)",unive3-j1g-1107,,J1g,22c,,,E
153596,J1g,24b,"Into a shut mouth flies fly not / Halt's Maul, so fliegt dir keine Mücke hinein / Bouche serrée, mouche n'y entre / En boca cerrada ni moscas ni nada",unive3-j1g-1108,,J1g,24b,,,"F,Ew,Es,I"
153599,J1g,26,Keep your mouth shut and your eyes open,unive3-j1g-1109,G,J1g,26,,,G
153604,J1g,29,Fools never perceive where they are ill-timed or ill-placed / Fools rush in (where angels fear to tread),unive3-j1g-1110,,J1g,29,,,"F,Ee,O"
153612,J1h,11,"Great cry and little wool / Great boast, small roast / Mucho humo sin fuego",unive3-j1h-1111,,J1h,11,,,"F,E,I,O"
153618,J1h,15,"Saying is one thing, doing another / Von Worten zu Werken ist ein weiter Weg / Aliud est facere, aliud est dicere (Latin) / Dire et faire sont deux / Fare e dire son due cose",unive3-j1h-1112,,J1h,15,,,"E,A,O"
153622,J1h,17,Action speaks louder than words,unive3-j1h-1113,-a,J1h,17,,,"Ew,Ee,I,O"
153627,J1h,18,"Actions speak louder than words / Deeds, not words / handeln ist besser als reden / Facta non verba (Latin)",unive3-j1h-1114,,J1h,18,,,"F,E"
153631,J1h,22,"Easier said than done / Words pay no debts / Bald gesagt, schwer getan / Aconsejar es más fácil que ejecutar",unive3-j1h-1115,,J1h,22,M6d,H5c 10,G
153641,J1i,12,"Take a man by his word and a cow by her horn / An ox is taken by the horns, and a man by the tongue / Das Pherd beim Zaum, den Mann beim Wort",unive3-j1i-1116,,J1i,12,,,G
153649,J1i,19,A promise is a debt / My word is my bond / Versprechen macht Schuld / Promissio parit debitum (Latin),unive3-j1i-1117,,J1i,19,L2a,,G
153652,J1i,22,He that promises too much means nothing,unive3-j1i-1118,,J1i,22,,,"F,E,I,O"
153655,J1i,24b,"Eggs and oaths are easily broken / Promises are like pie-crust, made to be broken / Leicht versprochen, leicht gebrochen / Lo prometido es deuda",unive3-j1i-1119,,J1i,24b,,,"E,O"
153656,J1i,25,"Be slow to promise and quick to perform / Versprich wening, aber halte viel / On promet beaucoup pour se dispenser de donne peu",unive3-j1i-1120,,J1i,25,,,E
153666,J1j,12,"When the fox preaches, take care of your geese / Cum lupus addiscit psalmos desiderat agnos",unive3-j1j-1121,,J1j,12,,,E
153677,J1j,17,A good liar needs a good memory / Ein Lügner muss ein gutes Gedächtnis haben / Il faut qu'un menteur ait bonne mémoire,unive3-j1j-1122,,J1j,17,,,"E,I"
153684,J1j,20,"A travelled man has leave to lie / Old men and far travellers may lie by authority / Asu der Ferne ist gut lügen / A beau mentir qui vient de loin / Lunga via, lunga bugia",unive3-j1j-1123,,J1j,20,,,"E,I"
153689,J1j,24,Face your troubles cheerfully / Wear a winning face when losing / Garder le sourire,unive3-j1j-1124,,J1j,24,,,"Ew,Ee"
153697,J1j,29g,A bad workman quarrels with his tools / Schlechter Arbeiter wird nie gutes Gerät finden / lavandera mala no encuentra jamás buena piedra,unive3-j1j-1125,,J1j,29g,"M7i,M5b,H1b",,G
153702,J1j,32,Sour grapes as the fox said when he could not reach them / La volpe dice che l'uva è agresta / Divertit vescis vulcupela vitis ab uvis (Latin),unive3-j1j-1126,,J1j,32,H7i,,"E,A,I"
153708,J1k,11,Fools and madmen speak the truth / Ogni vero non è buono a dire,unive3-j1k-1127,,J1k,11,"D5d,D5a",,"F,E,I,O"
153709,J1k,12,Children and drunken folk speak the truth / Children and fools tell the truth,unive3-j1k-1128,,J1k,12,D5d,,"F,E,A"
153710,J1k,12b,It is true that all men say/ A common blot is held no stain / Better be foolish with all than wise by yourself what everybody says must be true,unive3-j1k-1129,,J1k,12b,,,E
153711,J1k,13,Truth will out / Murder will out / Die Wahrheit will an den Tag / Veritas nunquam latet (Latin),unive3-j1k-1130,,J1k,13,,,"F,E,I"
153714,J1k,15,A deserved reproach hurts / Truth hurts / Die Wahrheit tut weh / Veritas odium parit (Latin),unive3-j1k-1131,,J1k,15,E1b,,"F,E,I,O"
153715,J1k,15b,"Not all truths are proper to be told / Wer die Wahrheit spricht, schlägt den Freunden ins Gesicht / Obsequium amicos, veritas odium parit (Latin) / No todas las verdades son para dichas",unive3-j1k-1132,,J1k,15b,,,E
153716,J1k,16,That is true which stands the flame trl. Hindi/Indian,unive3-j1k-1133,-a,J1k,16,,,"F,E,I,O,P"
153717,J1k,17,"Truth may be blamed, but cannot be shamed / Die Wahrheit leidet wohl Not, aber nie den Tod / Veritas premitur, non opprimitur (Latin) / La verdad adelgaza, y no quiebra",unive3-j1k-1134,,J1k,17,,,"F,E,I,O"
153720,J1k,18,"Speak the truth and shame the devil / Iß', was gar ist; trink, was klar ist; sprich, was wahr ist /",unive3-j1k-1135,,J1k,18,,,"F,Ew"
153726,J1k,22,The truthful man has no room even in the tavern trl. Singalese/Indian,unive3-j1k-1136,-a,J1k,22,,,"F,E,I,O"
153728,J1k,23,To tell the truth makes enemies / Wahrheti zeugt Hass / Veritas odium parit (Latin),unive3-j1k-1137,,J1k,23,,,"F,E,I,O"
153730,J1k,25,"Nimium altercando veritas amititur (Latin) / Disputation is the shifter out of the truth / Face to face, the truth comes out / De la discussion jaillit la lumière",unive3-j1k-1138,,J1k,25,,,E
,J1k,27,"Follow not truth too near the heels, lest it dash out thy teeth / Qui talonne la verité trop près, pourra avoir les dents brisés /Quien sigue la veridad muy cerquita, podré haber los dientes quebrados",unive3-j1k-1139,,,,,,None
153734,J1l,11,Better ask than go astray / mit Fragen kommt man nach Rom / Sciscitantes Troiam pervenere Graeci (Latin),unive3-j1l-1140,,J1l,11,,,G
153742,J1l,16,A clever tongue will take you anywhere. / Kind words go a long way / La buone parole trovano buon luogo,unive3-j1l-1141,,J1l,16,,,"F,E,O"
153749,J1l,22,"A stupid question deserves no answer / Auf dumme Frage kaine Antwort / Ne respondeas stulto iuxta stultitiam eius (Latin) / À sotte demande, point de réponse",unive3-j1l-1142,,J1l,22,,,E
153750,J1l,23,"A fool may ask more questions in an hour than a wise man may answer in a year / Ein Narr kan mehr fragen, als sieben Weise sagen / plura interrogantur a stulto quam queant a sapiente dilui (Latin",unive3-j1l-1143,,J1l,23,,,"F,E,O"
153754,J1l,26,"Silence gives consent / Keine Antwort ist auch eine Antwort / Wer schweigt, bejagt / Cum tacent, clamant (Latin)",unive3-j1l-1144,,J1l,26,,,G
153757,J1l,29,My clock strikes once only,unive3-j1l-1145,G,J1l,29,,,G
153765,J1m,11,A little bird told me / Mein kleiner Finger hat mir's verraten / Mon petit doigt me l'a dit / me contó un pajarito,unive3-j1m-1146,,J1m,11,,,"E,I"
153768,J1m,13,"The most deadly of wild beasts is a backbiter, of tame ones a flatterer",unive3-j1m-1147,-o,J1m,13,G5c,,"Ew,A,I"
153775,J1m,16,A clean hand wants no washing,unive3-j1m-1148,,J1m,16,F1a,,"F,E,A"
153778,J1m,19,Scandal will rub out like dirt when it is dry,unive3-j1m-1149,G,J1m,19,"H7e,F1a",,"F,E,A,P"
153781,J1m,21,"Fling dirt enough and some will stick / Colomniez , colomniez, il en reste toujours quelque chose",unive3-j1m-1150,,J1m,21,H7h,,"E,I,O"
153784,J1m,23,"Believe only half of what you hear/ A great talker, a great liar / Rumour is a liar / Wer viel redet, lügt viel / Gran parlatore, gran mentitore /'On dit' est un sot",unive3-j1m-1151,,J1m,23,C2e,,"E,A"
153793,J1m,30,"Pigs grunt about everything and nothing / Wer jedem das Maul stopfen wollte, der müßte viel Mehl haben / Multa farina opus est, si quis omnium hominum ora accludere velit (Latin)",unive3-j1m-1152,,J1m,30,"J1e,K2e",,"F,E,I,O"
153804,J1n,12,"He that has ears to hear, let him hear / A good asker needs a good listener / À bon demandeur, bon écuteur",unive3-j1n-1153,,J1n,12,,,"Ew,Es"
153811,J1n,14,In at one ear and out at the other,unive3-j1n-1154,-a,J1n,14,,,"F,E,I,O"
153816,J1n,18,Walls have ears / Fields have eyes and woods have ears / I muri hanno orecchi,unive3-j1n-1155,,J1n,18,"J1d,L1e",G3a 11,G
153817,J1n,19,"Listeners never hear any good of themselves / Der Lauscher an der Wand hört seine eigene Schand / Qui tend l'oreille, se la gratte",unive3-j1n-1156,,J1n,19,,,"F,E,O"
153825,J1o,13,Talking pays no toll,unive3-j1o-1157,-a,J1o,13,,,"F,E,I,O"
153829,J1o,14,"Thoughts are free from toll / Gedanken sind zollfrei, aber nicht höllenfrei / Liberae sunt nostrae cogitationes (Latin) / Les pensées ne paient point de douane ou de péage",unive3-j1o-1158,,J1o,14,,,"F,E,A"
153831,J1o,15,Every cock sings in his own manner / Jeder Vogel singt wie ihm der Schnabel gewachsen ist,unive3-j1o-1159,,J1o,15,,,G
153836,J1o,19,The lion is not so fierce as he is painted/ Geschrei macht den Wolf größer als er ist / Multa narrantur atrociora quam sint (Latin) / No es tan fiero el león como lo pintan,unive3-j1o-1160,-a,J1o,19,G2a,,"F,E,O"
153837,J1o,20,"The devil is not so black as he is painted / Die Hölle ist nicht so heiss, wie man sie macht / Diabolus non est tam ater ac pingitur (Latin)",unive3-j1o-1161,,J1o,20,,,"F,E,I"
153840,J1o,22,The fish that gets away is always a large one trl. Chinese,unive3-j1o-1162,-a,J1o,22,,,"F,E,I,O"
153846,J1o,27,"He is not free that draws his chain / Es sind nicht alle frei, die ihre Ketten spotten / N'est pas sauvé qui traîne son lien",unive3-j1o-1163,,J1o,27,,,Ew
153847,J1p,09,"Jest not with the eye nor religion/Die Ehre und die Augen leiden keinen Scherz /Non patitur ludum fama, fides, oculus(Latin)/Con el ojo y la fe no me burlaré",unive3-j1p-1164,,J1p,09,,,E
153848,J1p,10,Dead folks are past fooling / Der Tod scherzt nicht / Döden skämtar inte,unive3-j1p-1165,,J1p,10,,,"F,E"
153853,J1p,12d,"Horseplay is fool's play /Rough play is low / Faustspiel, Bauernspiel / Jeux de main, jeu de vilains / Gioco di mano, gioco di villano",unive3-j1p-1166,,J1p,12d,,,"Ew,Es"
153854,J1p,13,The play won't pay the candles / Die Brühe kommt teuerer als der Braten / Superat quaestum sumptus (Latin) /Le jeu ne vaut pas la chandelle / Il pesce non vale la salsa,unive3-j1p-1167,,J1p,13,,,"F,E,I"
153866,J1q,15,"What's writ is writ / das Wort verhallt, die Schrift bleibt / Littera scripta manet (Latin) / La parole s'enfuit, et l'écriture demeure / Quel che è scritto non stringe",unive3-j1q-1168,,J1q,15,,,"F,E,A,O"
153869,J1q,16,Paper won't blush / Papier wird nicht rot / Le papier ne rougit de rien /Epistula non erubescit (Latin) / El papel todo lo tolera,unive3-j1q-1169,,J1q,16,,,"F,E"
153879,K1a,12,"The prince that is feared of many must fear many / Wen viele fürchten, der muß viele fürchten / Multis terribilis, caveto multos (Latin) / Si eres terrible para muchos, de muchos habrás de guardarte",unive3-k1a-1170,,K1a,12,,,E
153881,K1a,13,"Winds sweep the summits /Today a king, tomorrow a mouse / Hohe Bäume fagen viel Wind / Feriunt celsos fulmina colles (Latin) / La saetta non cade in luoghi bassi",unive3-k1a-1171,,K1a,13,,,"E,O"
153884,K1a,15,Nothing that is violent is permanent / Grosse Gewalt ist selten alt / Nullum violentum diuturnum (Latin) / Violenza non dura a lungo,unive3-k1a-1172,,K1a,15,,,"F,E,I"
153895,K1a,19,"Where God bestows an office, he gives brains to fill it / Wem Gott ein Amt gibt, dem gibt er auch Verstand/ A deo vocatus rite paratus (Latin) / Komu Bóg da urzad, tego juz i rozumem obdarzy (Polish)",unive3-k1a-1173,,K1a,19,,,E
153897,K1a,20,Great men have reaching hands / Kings have long arms / Fürsten haben lange Hände und viele Ohren / Longae regum manus (Latin),unive3-k1a-1174,,K1a,20,,,"F,E,O"
153906,K1a,25,A king's favour is no inheritance / Herrengnade erbet nicht /Promesse de grand n'est pas héritage,unive3-k1a-1175,,K1a,25,,,E
153908,K1a,27,"So many servants, so many enemies / Wieviel Knechte, soviel Feinde/ Quot servi, tot hostes (Latin)",unive3-k1a-1176,,K1a,27,,,"Ew,Es"
153917,K1b,11,"Kings go mad and the people suffer for it / Grossen Herren Streit geht über Land und Leut' / Le roi se trompe, le peuple paie /abolute power corrupts absolutely",unive3-k1b-1177,,K1b,11,K1l,,"E,O"
153921,K1b,13,The master's footsteps fatten the soil / Des Herren Fuß düngt den Acker / Vestigia domini optimum stercus (Latin) /El pie del dueño estiércol es para la heredad,unive3-k1b-1178,,K1b,13,,,"F,E,I"
153922,K1b,14,The eye of the master will do more work than both his hands/The master's eye makes the horse fat/Das Auge des Herrn schafft mehr als seine beiden Hände/In facie domini servus bene servit ocelli(Latin),unive3-k1b-1179,,K1b,14,,,G
153929,K1b,17,"When the cat is away the mice play / Ist die Katze aus dem Hause, so tanzen die Mäuse / Quand le chat est parti, les souris dansent / Cuando el gato duerme, los ratones bailan",unive3-k1b-1180,,K1b,17,,,G
153937,K1b,21,"He that has no head needs no hat / Wer keinen Kopf hat, dem fehlt kein Hut / Qui n'a point de tête, n'a que faire de chaperon",unive3-k1b-1181,,K1b,21,,,"F,E,I,P"
153938,K1b,21b,"When the head is sick, the whole body is sick / Wenn das Haupt krank ist, trauern alle Glieder / Cui caput dolet, omnia membra languent (Latin) / Cuando la cabeza duele todos los miembros duelen",unive3-k1b-1182,,K1b,21b,,,E
153940,K1b,22b,"When the shepherd is angry with his flock, he appoints a blind sheep as leader trl.Hebrew",unive3-k1b-1183,-o,K1b,22b,,,"Ew,I"
153943,K1b,23,Fish begins to stink at the head / Der Fisch stinkt am Kopf zuerst / Fiscis primum a capite foetet (Latin),unive3-k1b-1184,,K1b,23,,,"F,E,I"
153944,K1b,24,"Like master, like man, Like king, like people / Wie der Abt, so die Mönche / Qualis rex, talis grex (Latin)",unive3-k1b-1185,,K1b,24,,,"E,O"
153955,K1c,10,Two kings in one kingdom do not agree well together,unive3-k1c-1186,G,K1c,10,H2a,,G
153965,K1c,12d,"Two of a trade never agree / Potter hates potter and poet hates poet / Der Bettler beneidet den Bettler, der Sänger den Sänger / Figulus figulo invidet",unive3-k1c-1187,,K1c,12d,H7c,,E
153970,K1c,15,"You a gentleman and I a gentleman, who will milk the cow? /Wenn jeder Herr ist, wer fährt auf den Acker? / Quando Adamo zappava ed Eva filava dov'era il primo nobile?",unive3-k1c-1188,,K1c,15,,,"F,E,I,O"
153976,K1d,10,Never argue against one who is greater than you trl.Maltese,unive3-k1d-1189,G,K1d,10,,,"F,Es,A,I,O"
153991,K1d,19,"As long as the gypsy has tongs, he will not burn his fingers",unive3-k1d-1190,-o,K1d,19,"H3i,H3b,K2a,M7i,F1e",,"F,E,A,I"
154006,K1d,30,"All lay load on the willing horse / If you agree to carry the calf, they'll make you carry the cow / Allzu gut ist jedermann Narr / Buon cavallo non ha bisogno de'sproni",unive3-k1d-1191,,K1d,30,,K1e 10,"F,E,I,O,P"
154010,K1e,10,A good horse should be seldom spurred / Williges Pherd soll man nicht spornen / Cheval bon n'a pas besoin d'eperon,unive3-k1e-1192,,K1e,10,D4a,M7a 21,"F,E"
154013,K1e,10d,"A nod for a wise man, and a rod for a fool / Narren muss man mit Kolben laufen / Le sage se réagit par raison, et le fol par le bâton",unive3-k1e-1193,,K1e,10d,,,Ew
154016,K1e,12,"A good shepherd shears his sheep and does not skin them / Il faut tondre ses brebis, et non les écorcher",unive3-k1e-1194,,K1e,12,,,E
154021,K1e,14,"Don't kill the goose that lays the golden eggs / To cut off one's nose to spite one's face / Die Henne schlachten, um ein Ei zu gewinnen / Matar la gallina de los huevos de oro",unive3-k1e-1195,,K1e,14,,,"E,A"
154022,K1e,15,Don't throw out the baby with the bathwater / Don't throw away the wheat with the chaff / Das Kind mite dem Bade asschütten / Con el agua de la bañadera echar también al niño,unive3-k1e-1196,,K1e,15,,,E
154023,K1e,16,One cannot force a dog to hunt trl. Persian,unive3-k1e-1197,-o,K1e,16,,,"F,E,I"
154031,K1e,18e,Better have a bad ass than to be your own ass / Besser den Esel treiben als selbst Säcke tragen / È meglio battere che essere battuto,unive3-k1e-1198,,K1e,18e,K1d,,E
154037,K1e,21,Divide and conquer / Teile und herrsche / Divide et impera (Latin),unive3-k1e-1199,,K1e,21,,,"E,I"
154039,K1e,22b,"All by kindness, nothing by force / Tout par amour, et rien par force",unive3-k1e-1200,,K1e,22b,,,"A,Ew"
154043,K1e,25,Everyone should sweep before his own door / Ein jeder kehre vor seiner Tür! / Sopla tu sopa y no la mía,unive3-k1e-1201,,K1e,25,,,A
154049,K1f,11,"Under the lamp, darkness trl. Hindi/India",unive3-k1f-1202,-a,K1f,11,,,"Ew,I,O"
154050,K1f,12,"The moon is not seen when the sun shines / Stars are not seen by sunshine / Wem die Sonne scheint, der fragt nicht nach den Sternen / Quid curo stellas, si mihi, Phoebe, faves? (Latin)",unive3-k1f-1203,,K1f,12,E1e,,"E,I,O"
154057,K1f,17,Better be first in a village than second at Rome / Lieber der erste im Dorfe als der letzte in der Stadt / È meglio essere il primo a casa sua che il secondo a casa d'altri,unive3-k1f-1204,,K1f,17,,,E
154060,K1f,19,Better be the head of a dog than the tail of a lion,unive3-k1f-1205,G,K1f,19,,G5d 18,G
154061,K1f,19b,"Better to trust in God than in his saints / Wem Gott wohl will, dem will Sankt Peter nicht übel / Quando Dio non vuole, il santo non puole",unive3-k1f-1206,,K1f,19b,,,E
154068,K1g,11,In the Emperor's presence to abide is just like sleeping by a tiger's side trl.Chinese,unive3-k1g-1207,-i,K1g,11,,,"E,A,O"
154083,K1g,18,"Whose bread I eat, his song I sing / Never quarrel with your bread and butter / Auf wessem Wagen man sitzt, dessen Lied man singt / Cuius regio, eius religio (Latin) / Canto di colui che mi dà pane",unive3-k1g-1208,,K1g,18,,B2b 17,"F,E,I,O"
154085,K1g,20,To dance to a person's pipe,unive3-k1g-1209,G,K1g,20,,,G
154101,K1g,30,With one's hat in one's hand one goes throughout the land trl. Chinese,unive3-k1g-1210,-a,K1g,30,,,"F,E,I,O"
154111,K1h,10,"Liberty is better than gold / No man loves his fetters, be they made of gold / Jede Kette drückt, und wären ihre Glieder von Gold / Nessuno ama ceppi ancor'che sieno d'oro",unive3-k1h-1211,,K1h,10,,B2e 30b,Ew
154112,K1h,10b,Nightingales will not sing in a cage / la belle cage ne nourrit pas l'oiseau,unive3-k1h-1212,,K1h,10b,,,E
154136,K1i,11,"He who has a fellow-ruler has an over-ruler / Wer einen Gesellen bei sich hat, der hat auch einen Meister bei sich / Multitudo imperatorum Cariam perdidit (Latin) / Qui a compagnon, a maître",unive3-k1i-1213,,K1i,11,,,"F,E,I"
154138,K1i,12,"A rascal grown rich has lost all his kindred / Honours change manners / Ein reicher Bauer kennt seine Verwandten nicht /cuando el villano está rico, ni tiene parientes ni amigos",unive3-k1i-1214,,K1i,12,,,G
154140,K1i,14,He who is on horseback will not spare his own father alive trl. Indian,unive3-k1i-1215,G,K1i,14,,K2b 18,G
154144,K1i,16b,"Set a beggar on horseback and he'll ride to the devil / Der Bettler, der Ritter worden, jagt sein Pherd zu Tod / Il villano nobiltato non conosce parentato",unive3-k1i-1216,,K1i,16b,,,E
154148,K1i,19,"Honours change manners / Würden ändern di Sitten / Honores mutant mores (Latin) / Acogí al ratón en mi agujero, y tornóseme heredero",unive3-k1i-1217,,K1i,19,,H5b 26,"F,E,O"
154155,K1i,20d,"The higher the ape goes, the more he shows his tail / Je höher der Affe steigt, je mehr er den Hintern zeigt/ Plus le singe s'élève, plus il montre son cul pelé",unive3-k1i-1218,,K1i,20d,,,Ew
154158,K1i,22,"For want of a wise man, a fool is set in the chair / Corvi lusciniis honorationes / Cuando falta la piel de león, es menester servirse de la del zorro",unive3-k1i-1219,,K1i,22,,,"E,O"
154175,K1j,11,The shoulder is not higher than the head trl. Duala/Afr.,unive3-k1j-1220,-o,K1j,11,K2j,,"Ee,A,I"
154185,K1j,15,It does not become the sparrow to mix in the dance of the cranes,unive3-k1j-1221,-i,K1j,15,"K1i,M4a,M3d",,"F,Ew,A,O,P"
154194,K1j,20,Don't make the plough go before the horse / Don't put the cart before the horse / Das Pferd beim Schwanze aufzäumen / Currus bovem trahit praepostere (Latin),unive3-k1j-1222,,K1j,20,"T1i,T4e",,G
154201,K1j,23,"Cobbler, stick to your last / Every man to his trade/ Horses for courses/ Schuster, bleib' bei deinen Leisten / À chacun son métier",unive3-k1j-1223,,K1j,23,D1c,,"F,E,I,O"
154219,K1k,11,"Learned fools are the greatest fools / Die gelehrten Narren sind über alle Narren / postquam docti surrexerunt, boni viri desierunt (Latin) / Necio letrado, necio doblado",unive3-k1k-1224,,K1k,11,M9a,,Ew
154222,K1k,14,Flies haunt lean horses / Die Fliege setz sich immer auf ein mageres Pferd / Ai cavalli magri sempre si attaccan le mosche,unive3-k1k-1225,,K1k,14,,,"E,I"
154224,K1k,16,"The ass carries gold and eats thistles / Das Pferd, das den Hafer verdient, kriegt ihn nicht / Cheval faisant la peine ne mange pas l'avoine / El asno de Arcadia, lleno de oro y come paja",unive3-k1k-1226,,K1k,16,"C2c,F1e",,E
154225,K1k,17,The great fish eat the small / Große Fische fressen die kleinen / Piscem vorat maior minorem (Latin) / El pez chico se come el grande,unive3-k1k-1227,,K1k,17,,,"E,I,O,P"
154226,K1k,18,"The pleasures of the mighty are the tears of the poor / Reichen gibt man, Armen nimmt man / Inferior horret quidquid peccat superior (Latin)",unive3-k1k-1228,,K1k,18,,E1k 26,"F,E,O"
154228,K1k,20,It is as good to be in the dark as without light,unive3-k1k-1229,G,K1k,20,,,G
154232,K1k,24,"Kings may love treason, but the traitor hate / Verrat ist angenehm, Verräter verhasst / Proditiomem amo, sed proditorem odi (Latin) /",unive3-k1k-1230,,K1k,24,,,E
154238,K1k,27,Das Urteil der Welt ist veränderlich wie Aprilwetter,unive3-k1k-1231,,K1k,27,A3d,H2g 16b,"Ew,Es"
154258,K1l,13,"He that eats king's goose shall be choked with the feathers / Kämpf nicht mit dem Starken, prozessier' nicht mit dem Reichen / Chi mangia la vacca del re, a cent'anni di là ne paga le ossa",unive3-k1l-1232,,K1l,13,,,"F,E,A,O"
154259,K1l,13b,"Better to be sledge than anvil / When you are an anvil lie you still, when you are a hammer stike your fill /  Lieber Hammer als Amboss / È meglio battere che essere battuto",unive3-k1l-1233,,K1l,13b,,,O
154265,K1l,16b,Anger without power is folly / Zorn ohne Macht wird gelacht / Vana sine viribus ira est (Latin),unive3-k1l-1234,,K1l,16b,,,"E,I"
154266,K1l,17,There is no arguing with a large fist / Der Stärkere hat immer Recht / la raison du plus fort est toujours la meilleure / il più forte ha sempre ragione,unive3-k1l-1235,,K1l,17,,,"F,E,I"
154269,K1l,19,God is always on the side of the battalions / Gott hilft dem Stärksten / Dieu est toujours pour les gros bataillons,unive3-k1l-1236,,K1l,19,,,"Ew,Ee,I,O"
154274,K1l,22,"Losers are always in the wrong / Damnum sequitur ludibrium (Latin) / Chi ha il danno, ha pur le beffe",unive3-k1l-1237,,K1l,22,,,"F,Es,O"
154275,K1l,23,"Might is right / Where drums beat, laws are dumb / Der Stärkste hat recht / Violencia praecedit jus (Latin) / Silent leges inter arma (Latin)",unive3-k1l-1238,,K1l,23,,,"F,E,I,O"
154278,K1l,23d,"Possession is eleven points of the law / Sei in Besitze, und du wohnst in Recht / Potior est conditio possidentis (Latin) / Possession vaut titre",unive3-k1l-1239,,K1l,23d,,,Ew
154283,K1l,26,Attack is the best defence / Der Angriff ist die beste Verteidigung / La miglior difensa è l'attacco,unive3-k1l-1240,,K1l,26,M6a,,E
154286,K1l,28,Diamonds cut diamonds / You must meet roughness with roughness / Auf euin groben Klotz gehört ein grober Keil,unive3-k1l-1241,,K1l,28,H7m,,"F,E,I"
154297,K1m,12,"Love me, love my dog",unive3-k1m-1242,G,K1m,12,,,"F,Ew,Es,I,O"
154298,K1m,13,"Love me, love my dog / Wer mich liebt, der liebt auch meinen Hund / Qui me amat, amet et canem meum (Latin)",unive3-k1m-1243,,K1m,13,,,"E,I"
154306,K1m,18,There is sure to be fuel near a big tree trl. Chinese,unive3-k1m-1244,-i,K1m,18,,,"F,Ee,A,O"
154310,K1m,20,Der Wölfe tod ist der Schafe heil,unive3-k1m-1245,-a,K1m,20,,,"F,E,I,O"
154313,K1m,22,It is easy to swim if another holds up your chin / Celui peut hardiment nager à qui l'on soutient le menton,unive3-k1m-1246,,K1m,22,H3b,,"F,Ew"
154314,K1m,22b,"It's good walking with a horse in hand / Neben den Schiff ist gut schwimmen / Iucundissima navigatio iuxta terram, ambulatio iuxta mare (Latin)",unive3-k1m-1247,,K1m,22b,,,E
154315,K1m,23,Great trees are good for nothing but shade / Great trees give more shade than fruit / Grosse Bäume geben mehr Schatten asl Früchte / La vigna pampinosa fa poca uva,unive3-k1m-1248,,K1m,23,H3c,,"E,O"
154323,K2a,08,Money is the only monarch / Geld regiert die Welt / Pecunia regina mundi (Latin) / El dinero todo lo allana,unive3-k2a-1249,,K2a,08,,,E
154327,K2a,11,"Money makes the mare go / Für Geld tanzen alle Puppen / Qui a de l'argent, a des coquilles /",unive3-k2a-1250,,K2a,11,,,"F,E,I,O"
154329,K2a,12,Nothing more eloquent than ready money / Niemand redet so gewandt mit dem Mund wie mit der Hand / Rien de plus éloquent que l'argent comptant,unive3-k2a-1251,,K2a,12,H6b,,"F,E,I"
154340,K2a,21,Money commands all,unive3-k2a-1252,-a,K2a,21,C6a,,"F,E,I,O"
154342,K2a,22,"Money talks / When money speaks the truth keeps silent / Wo Geld redet, da gilt andere Rede nicht / Nummus ubi loquitur, Tullius ipse tacet (Latin) /Dove l'oro parla, la lingua tace",unive3-k2a-1253,,K2a,22,K1j,,E
154343,K2a,22b,Money talks / Geld macht dreist / Richesse donne hardiesse / Abbondanza genera baldanza,unive3-k2a-1254,,K2a,22b,,,"F,E,O"
154348,K2a,24,A bribe enters without knocking / Gold opens all locks / Geld öffnet alle Türen / Auro quaeque ianua panditur (Latin),unive3-k2a-1255,,K2a,24,,,"F,E,I,O,P"
154358,K2b,11,"Friends scatter as soon as they have drained our wine-jar / Leer Fass, leer' Freundschaft / Inopi nullus amicus (Latin)",unive3-k2b-1256,,K2b,11,H6b,D4a 13b,G
154360,K2b,12,"Money finds friends / Viel Geld, viel Freunde / Ubi amici, ibi opes (Latin)",unive3-k2b-1257,,K2b,12,H6b,,"F,E,O"
154364,K2b,15,Poverity has no relations / Arme Leute kennt niemand / Inopi nullus amicus (Latin) / Povertà non ha parenti,unive3-k2b-1258,,K2b,15,H6b,,G
154377,K2c,15,"Love does much, but money does everything /Love and money will find of force a passage /Liebe kann viel, Geld kann alles / Venit honos auro, conciliatur amor (Latin) / amor fa molto, il denaro tutto",unive3-k2c-1259,,K2c,15,G5f,,"Ew,Es"
154378,K2c,16,"Love comes in at the windows and goes out at the doors / Poverty breeds strife / Wo kein Geld ist, fliegt die Liebe zun Fenster hinaus / Donde no hay harina, todo es mohina",unive3-k2c-1260,,K2c,16,G5f,,G
154388,K2d,15,"Death pays all debts / A barba muerta, obligación cubierta",unive3-k2d-1261,,K2d,15,,,"F,Ew,Eb,O"
154390,K2e,10,Money has no smell / Geld stinkt nicht / L'argent n'a pas d'odeur,unive3-k2e-1262,,K2e,10,,,"F,E,I"
154406,K2e,21,The gift blinds the wise / Bribery makes the discerning man blind,unive3-k2e-1263,,K2e,21,L1a,,"F,E,A,O"
154409,K2e,22,No one gets rich if he is honest / Ein Reicher ist enweder ein Schelm oder eines Schelmen erbe / Repente dives nemo factum est bonus (Latin),unive3-k2e-1264,,K2e,22,,,"F,E"
154410,K2e,23,Gifts break a rock,unive3-k2e-1265,G,K2e,23,,,"F,Ew,O"
154411,K2e,24,"If you grease well you speed well / Wer gut schmiert, gut fährt / Quod si non ungitur axis, tardius inceptum continuatur iter (Latin) / La carrucola non frulla, se non è unta",unive3-k2e-1266,,K2e,24,,,"F,E,I,O"
154413,K2f,10,Money makes money / Money begets money / Geld kommt zu Geld / Soldo fa soldo,unive3-k2f-1267,,K2f,10,,,"F,E"
154414,K2f,11,Money begets money,unive3-k2f-1268,-a,K2f,11,,,"F,E,I,O"
154425,K2g,10,"Money is round and meant to roll / Money is there to be spend / Man muss das Geld unter die Leute bringen /L'argent est fait pour rouler /El dinero es redondo, para rodar",unive3-k2g-1269,,K2g,10,,,"F,E,O"
154433,K2h,12,He is a wretch that hath no money / Ein Mann ohne Geld ist ein Leiche / Homo sine pecunia est imago mortis (Latin),unive3-k2h-1270,,K2h,12,H2b,,A
154447,K2h,21,"A rich man's foolish sayings pass for wise ones / Ver reich ist, der ist auch verständig / Chi è ricco, è savio",unive3-k2h-1271,,K2h,21,,,"F,E,O"
154448,K2h,21b,A poor man's tale cannot be heard / Auf den Armen hört man nicht / Le parole del povero non son ascoltate,unive3-k2h-1272,,K2h,21b,,,"Ew,Es,O"
154450,K2h,23,It's no use braying at the moon / Does the moon care for the barking of a dog? / Katzengebet geht nicht zum Himmel,unive3-k2h-1273,,K2h,23,,,"F,E,A"
154453,K2h,24,"A man without money is a bow without an arrow / A light purse is a heavy curse / Faute d'argent, c'est douleur non pareille",unive3-k2h-1274,,K2h,24,,,"E,O"
154454,K2h,24b,"God makes and apparel shapes, but it's money that finishes the man / Nothing is a man's truly, but what he came by duly / Les affaires font les hommes / Chi ha, è",unive3-k2h-1275,,K2h,24b,,,"E,O"
154458,K2h,27,"A proud pauper and a rich miser are contemptible beings / Stolz steht dem Bettler, wie der Sattel der Kuh",unive3-k2h-1276,,K2h,27,,,"F,E,I"
154467,K2i,10,Old age is a heavy burden / Das Alter ist eine schwere Last / La vejez es un pesado fardo,unive3-k2i-1277,,K2i,10,,K2k 28,"F,E,I,O"
154481,K2i,16,"If it should rain porridge, he would want his dish",unive3-k2i-1278,G,K2i,16,,B2d 21,G
154501,K2i,31,"No man is born into the world, whose work is not born with him / Der Mensch ist zur Arbeit geboren wie der Vogel zum fliegen / Homo nascitur ad laborem (Latin) / El hombre ha sido creado para trabajar",unive3-k2i-1279,,K2i,31,,,"F,Ew,Es"
154515,K2j,13,He that has a fair wife needs more than two eyes / Chi è bella ti fa far sentinella,unive3-k2j-1280,,K2j,13,,,"F,E,A"
154539,K2j,30,It is ill speaking between a full man and a fasting / Der Satte glaubt dem Hungrigen nicht / Il satollo non crede al digiuno,unive3-k2j-1281,,K2j,30,"E1k,H1a",,G
154542,K2j,32,Travellers on horseback know nothing of the toil of those who travel on foot /Der Kranke und der Gesunde haben ungleiche Stunde / Pasuje jak wol do karety (Polish),unive3-k2j-1282,,K2j,32,,,"Ew,O"
154545,K2k,10,"Bear wealth, poverty will bear itself / It is hard to lift a full cup without spilling it / L'on endure tout, mais que trop aise",unive3-k2k-1283,,K2k,10,,,"F,Ew,Es,O"
154557,K2k,16,"He that has teeth has no bread, he that has bread has no teeth / Wenn man keine Zähne hat, kriegt man zu beissen / Chi ha denti non ha pane, e chi ha pane non ha denti",unive3-k2k-1284,,K2k,16,,,E
154560,K2k,18,"Much coin, much care / Who has land has war / Viel Geld, viel Sorgen / Crescentem sequirur cura pecuniam (Latin)",unive3-k2k-1285,,K2k,18,,,E
154565,K2k,21,"Money is a good servant but a bad master / Geld ist ein guter Diener, aber ein schlechter Herr /Pecuniae imperare oportet non servire (Latin)",unive3-k2k-1286,,K2k,21,,A1a 17,E
154575,K2k,28,Poverty is no shame / It is no sin to be poor / Hunger geht vor Scham / Armut ist keine Sünde / Paupertas non est vitium (Latin),unive3-k2k-1287,,K2k,28,"K2i,C6a",K2h 18b,"F,E,I,O"
154599,L1a,13,Good laws proceed from bad manners / Schlimme Sitten bringen gut' Gesetz / Ex malis moribus bonae leges natae sunt / Dai cattivi costumi nascono le buene leggi,unive3-l1a-1288,,L1a,13,,,E
154601,L1a,14b,Custom rules the law / Use is the master of things / Brauch ist älter als Gesetz / Consuetudo pro lege servatur (Latin),unive3-l1a-1289,,L1a,14b,,,E
154607,L1a,17,"Go to the for a sheep and lose a cow / Mit einem Fuss ins Gericht, mit einer Hand in die Tasche / Long procès, vendange à l'avocat",unive3-l1a-1290,,L1a,17,,,"F,Ew,Ee,O"
154608,L1a,17b,Fools build houses and wise men buy them / Bauen macht den Beutel schlapp / Les fous bâtissent pour les sages,unive3-l1a-1291,,L1a,17b,,,"E,O"
154613,L1a,19,"Laws are like cobwebs which may catch flies, but let wasps and hornets through / Les lois ont le nez de cire / Le Leggi sono come le ragnatele",unive3-l1a-1292,,L1a,19,,,E
154614,L1a,20,"The more laws, the more offenders / New laws, new frauds / Je mehr Gesetze, je weniger Recht / Inventa lege, inventa fraude (Latin)",unive3-l1a-1293,,L1a,20,,,E
154616,L1b,10,"Justice without mercy is extreme injury / Extreme of right is wrong / Das strengste Recht, dass grösste Unrecht / Summum ius, summa iniuria (Latin)",unive3-l1b-1294,,L1b,10,,,"F,Ew"
154618,L1b,11,"No accuser, no judge / Wo kein Kläger ist, ist auch kein Richter / Point d'accusateur, point de juge / Huelga de acusador, huelga de juez / Nessun accusatore, nessun giudice",unive3-l1b-1295,,L1b,11,,,"F,E"
154621,L1b,12,No one can be judge in his own cause / You must not cut and deal too / In eigener Sache kann niemand Richter sein / In propria causa nemo iudex (Latin) / No se puede ser juez y parte,unive3-l1b-1296,,L1b,12,,,"E,O"
154629,L1b,16,Don't hear one and judge two / Every pot has two handles / Man muss immer zwei Seiten hören / Audiatur et altera pars (Latin),unive3-l1b-1297,,L1b,16,M1f,,"E,O"
154631,L1b,18,"Not caught, not guilty / The sin is not in the sinning, but in the being found out / Pas vu, pas pris / Peccato celato, mezzo perdonato",unive3-l1b-1298,,L1b,18,,L1e 27,"F,E,A"
154633,L1b,20,The will is taken for the deed / Der Wille gilt oft für die Tat / C'est l'intention qui compte / Con la intención basta,unive3-l1b-1299,,L1b,20,,,"Ew,Es"
154640,L1b,23,Man hängt keinen zweimal: Alle Sünden in eine münden / Il n'est qu'une mauvaise heure en jour,unive3-l1b-1300,,L1b,23,,G8d 20,"F,E"
154642,L1b,25,One eyewitness is worth ten earwitnesses,unive3-l1b-1301,G,L1b,25,M3a,H1d 12c,G
154644,L1b,26,Better be foolish with all than wise by yourself what everybody says must be true /Ce que tout le monde dit doit être vrai,unive3-l1b-1302,,L1b,26,,,"Ew,Es,O"
154649,L1b,30,"Who breaks, pays /He that does amiss may do well / Wer die Schuld hat, bezahlt / Auctor criminis det poenas (Latin)",unive3-l1b-1303,,L1b,30,C2c,,"F,E,A,I"
154650,L1c,10,"First come, first served / Wer zuerst zur Mühle kommt, mahlt zuerst / Qui capit ante molam, merito molit ante farinam (Latin)/ el primer venido, primer servido",unive3-l1c-1304,-o,L1c,10,,,"F,E,A,I"
154652,L1c,12,He's an ill cook that cannot lick his own fingers/ A good cock was never fat / Les bons coqs sont toujours maigres,unive3-l1c-1305,,L1c,12,"K2e,H2c",,G
154670,L1c,24,"Findings are keepings / Was über den Zaun fällt, gehört dem Nachbar / L'argent trouvé n'a pas de maître / El dinero no tiene amo",unive3-l1c-1306,,L1c,24,,,"F,Ew"
154674,L1c,27,Ambassador carries no punishment / Messengers should neither be headed or hanged / Nuntio nihil imputandum (Latin),unive3-l1c-1307,,L1c,27,,K1g 30d,"E,A,O"
154676,L1d,11,"Look before you leap, for snakes among sweet flowers do creep / Er schuilt een adder in 't gras (Dutch) /Anguis sub viridi herba (Latin) /Il y a anguille sous roche",unive3-l1d-1308,,L1d,11,,,E
154682,L1d,15,"No receiver, no thief / Stehler und Hehler sind zwei Diebe / Mitgegangen, mitgefangen, mitgehangen / Qui facit per alium, facit per se (Latin) / Autant vaut receler que voler",unive3-l1d-1309,,L1d,15,,,"F,E,I,O"
154687,L1d,17,The fiend laughs when one thief robs another,unive3-l1d-1310,,L1d,17,F1e,,"F,E,I,O"
154690,L1d,21,Thieves are never rogues among themselves / Ein Dieb verrät den anderen nicht / De cosario a cosario no se pierden sino los barriles,unive3-l1d-1311,,L1d,21,,,E
154693,L1d,24,"The shepherd who praises the wolf hates the sheep / Est mauvais berger qui aime le loup / Il pastor che loda il lupo, ha in odio la pecora",unive3-l1d-1312,,L1d,24,,M6d 29,"E,I"
154696,L1e,10,"Suspiction always haunts the guilty mind / Getroffener Hund bellt / Chi è in difetto, è in sospetto",unive3-l1e-1313,,L1e,10,,,"F,E"
154698,L1e,12,Murder will out,unive3-l1e-1314,G,L1e,12,H7f,,"Ew,Ee,I"
154703,L1e,15,There is nothing covered up that will not be uncovered / Die Ahle im Sack verrät sich durch ihre Spitze,unive3-l1e-1315,,L1e,15,,,"F,E,O"
154716,L1e,22,The dog returns to his vomit / Canis ad proprium vomitum (Latin),unive3-l1e-1316,,L1e,22,,,"F,E,P"
154717,L1e,23,A criminal always returns to the scene of his crime /Den Mörder treibt es immer an den Ort der Tat,unive3-l1e-1317,,L1e,23,,,Ew
154718,L1e,24,"He that does ill, hates the light / Im Dunkeln is gut munkeln / Qui male agit, odit lucem (Latin) / Chi fa male odia il lume",unive3-l1e-1318,,L1e,24,,,"F,Ew,Es"
154719,L1e,25,The thief doth fear each bush an officer / He that commits a fault thinks everybody speaks of it /,unive3-l1e-1319,,L1e,25,,,"E,I,O"
154723,L1e,29,When anyone has learnt to steal he must also learn to hang trl. Indian,unive3-l1e-1320,-i,L1e,29,,,"F,Ew,Ee,A,O"
154732,L2a,10g,"He is no merchant that always wins / Es ist kein Kaufmann, der immer gewinnt / Ne pas marchand qui toujours gagne",unive3-l2a-1321,,L2a,10g,,,E
154734,L2a,12,"He that has no silver in his purse should have silver on his tongue / Qui n'a point d'argent en bourse, ait au moins miel en bouche",unive3-l2a-1322,,L2a,12,,,"Ew,Es"
154735,L2a,13,Good workmen are seldom rich / Honour and profit lie not in one sack,unive3-l2a-1323,,L2a,13,,,"F,Ew"
154739,L2a,15,A fair exhange is no robbery / Tausch is kein Raub / Change n'est pas vol / Cambio non è furto,unive3-l2a-1324,,L2a,15,M7b,,"Ew,I"
154740,L2a,16,Business is business / No friendship in trade / A bargain is a bargain / Geschäft ist Geschäft,unive3-l2a-1325,,L2a,16,"G1a,H6c",L1b 13,"F,E,I,O"
154748,L2a,20,"Correct accounts keep good friends / Getrennte Kasse erhält die Freundschaft / Clara pacta, amicitia longa (Latin)",unive3-l2a-1326,,L2a,20,H6c,L2b 15,"E,I,O"
154751,L2a,22,Everything is worth its price /  You get what you pay for/ Alles ist seinen Preis wert / A ogni cosa il suo prezzo,unive3-l2a-1327,,L2a,22,,,"F,E"
154752,L2a,23,"No pay, no play / If you dance, you must pay the fiddler / All men have their price / There is no such thing as a free lunch / Chacun vaut son prix / Omnia cum pretio (Latin) / Pas d'argent, pas de Suisse",unive3-l2a-1328,,L2a,23,,,"E,O"
154759,L2a,26,"Give a sprat to catch a herring  /Wenn man einen Lachs fängt, kann man wohl die Angel verlieren / Il faut perdre un véron pour pêcher un saumon / Do ut des (Latin)",unive3-l2a-1329,,L2a,26,"C6b,M1e,K1g",D3b 32b,"E,O"
154760,L2a,26b,He that would catch fish must venture his bait / Il faut perdre un veron pour pêcher un saumon,unive3-l2a-1330,,L2a,26b,,,"Ew,I,O"
154762,L2a,27,"Giving is dead nowadays, and restoring very sick / Herr Schenk' is gestorben und Gebhard verdorben / Benignitates hominum perire (Latin)",unive3-l2a-1331,,L2a,27,,,"F,E"
154768,L2a,33,Shoemakers' wives are worst shod / Cobblers' children are worst shod / Der Schuster hat die schlechtesten Schuhe / Un apothicaire sans sucre / In casa di calzolaio non si hanno scarpe,unive3-l2a-1332,,L2a,33,"M5a,H3g,K2k,M8c",F1e 14,G
154771,L2b,12,Don't recon without your host / Man darf die Rechnung nicht ohne den Wirt machen / Far il conto senza l'oste,unive3-l2b-1333,,L2b,12,,,E
154773,L2b,13,"He who pays the piper calls the tune / The customer is always right / Wer das Geld hat, hat die Macht / Quien paga, manda",unive3-l2b-1334,,L2b,13,H5g,,"E,I"
154796,L2c,14,"Cheapest is dearest /Billig stinkt, teuer blinkt / Le bon marché ruine / Buon mercato rovina",unive3-l2c-1335,,L2c,14,,,"E,I,O"
154800,L2c,17,The best is cheapest / Le bon marché coûte cher / Lo buena nunca es caro,unive3-l2c-1336,,L2c,17,,,"E,O"
154803,L2c,20,Good ware will sell itself / Gute Ware lobt sich selbst / La chose parle d'elle-même,unive3-l2c-1337,,L2c,20,,,"F,E,A"
154816,L2c,28,"Ask and have is sometimes dear buying /Bittkauf, teurer Kauf / Emere malo quam rogare (Latin)",unive3-l2c-1338,,L2c,28,,,"F,E"
154821,L2c,31b,"As enough, and you may lower the price as you list / Wer viel haben will, muss mehr fordern / Chi vuole assai, non domandi poco",unive3-l2c-1339,,L2c,31b,K1m,,O
154830,L2d,10b,There are more foolish byers than foolish sellers / Il y a plus de fous acheteurs que de fous vendeurs,unive3-l2d-1340,,L2d,10b,,,Ew
154833,L2d,12b,"He that blames would buy / Wer tadelt, will kaufen / 'Malum est, malum est' dicit omnis emptor (Latin) /Qui refuse, muse /Chi biasima, vuol conprare",unive3-l2d-1341,,L2d,12b,,,"Ew,Es"
154839,L2d,15,"Beyers want a hundred eyes, sellers none / Augen auf, Kauf ist Kauf / Cerrar la boca, y abrir la bolsa",unive3-l2d-1342,,L2d,15,,,"E,O"
154840,L2d,16,"He that buys what he does not want must often sell what he does want /Wer alles kauft, was er nicht braucht, muß bald verkaufen, was er braucht / Chi compra il superfluo, vendera il necessario",unive3-l2d-1343,,L2d,16,,,"F,E"
154845,M1a,10,"Caution is the mother of wit / Distrust is the mother of safety / Fast bind, fast find / Sicher ist sicher / Seguridad ante todo",unive3-m1a-1344,,M1a,10,,,"E,I,O"
154855,M1a,16,"Forewarned, forearmed / It’s better to be safe than sorry /Praemonitus, praemunitus (Latin)",unive3-m1a-1345,,M1a,16,,,"F,Ew,Es,O"
154856,M1a,17,Opportunity makes the thief / Gelegenheit macht Diebe / Occasio furem facit (Latin),unive3-m1a-1346,,M1a,17,,,"F,E,O"
154864,M1a,23,"Beware of a woman before, of a horse behind, of a cart sideways, of a priest everyday / Guardati dal davanti della donna, dal dietro d'un mulo e da tutti i lati dal frate",unive3-m1a-1347,,M1a,23,"G4c,H1f,M1b,F1c",A2a 28,"F,E,I,O"
154866,M1b,10,Plenty is no plague / Store is no sore / Butter verdirbt keine Kost / Superflua non nocent (Latin),unive3-m1b-1348,,M1b,10,,,"F,E,A,O"
154870,M1b,12,Safety first / Better ten steps around than one step in the mire trl.Chinese,unive3-m1b-1349,G,M1b,12,,M2a 12,"F,Ew,Ee,A,O"
154891,M1b,27,The night is a cloak for sinners / Die Nacht ist eine Freundin der Diebe / Nox nihol moderabile suadet (Latin),unive3-m1b-1350,,M1b,27,"L1d,A3b",,"F,E"
154904,M1c,15,He that looks not before finds himself behind,unive3-m1c-1351,G,M1c,15,,,"F,E,A"
154905,M1c,16,"Keep your eyes open, a sale is a sale / Take heed is a surely rede / Wer die Augen nicht auftut, musst den Beutel auftun / Caveat emptor (Latin)",unive3-m1c-1352,,M1c,16,,,"F,E"
154907,M1c,18,Fields have eyes and woods have ears,unive3-m1c-1353,G,M1c,18,"A1b,A3b,J1d,J1n",,G
154921,M1d,10,"Qui cherche le danger, y périra (French)",unive3-m1d-1354,G,M1d,10,"C2c,E1b",H7b 12,"F,E,A,O,P"
154927,M1d,13,A rat who gnaws at a cat's tail invites destruction trl.Chinese,unive3-m1d-1355,G,M1d,13,H7b,,"F,En,Ee,I,O"
154934,M1d,18,Don't play with fire / Spiele nicht mit Feuer / Camminare sopra il filo di un rasoio,unive3-m1d-1356,,M1d,18,,A1a 11,"F,E,O"
154936,M1d,19,Do not play with edged tools,unive3-m1d-1357,,M1d,19,,,I
154944,M1e,11,"Stecke nicht deine Hand in alle Löcher, entweder kommt eine Schlange oder eine Eidechse heraus",unive3-m1e-1358,G,M1e,11,,,G
154952,M1e,19,"When in doubt, leave it out / In Zweifelsfalle draußen bleiben / In dubiis, abstine (Latin) / En la duda, abstente",unive3-m1e-1359,,M1e,19,,K1e 18b,E
154954,M1e,21,"Still waters run deep / Take heed of still waters, the quick pass away",unive3-m1e-1360,G,M1e,21,"J1d,T1k",,G
154958,M1e,24,"Harm watch, harm catch / Let sleeping dogs lie / Wenn die Sorge schläft, wecke sie nicht / Ne moveas Camarinam (Latin)",unive3-m1e-1361,,M1e,24,C2c,,G
154963,M1e,27,An enemy does not sleep / Ennemi ne s'endort / Licho nie spi (Polish),unive3-m1e-1362,,M1e,27,C5e,C4b 24,"Ew,I,O"
154969,M1f,11,First things first,unive3-m1f-1363,,M1f,11,H2b,H6c 12,Ee
154972,M1f,14,Do not keep all your eggs in one basket / Venture not all in one bottom / Hänge nicht alles an einen Nagel / Uni navi ne commitas omnia (Latin),unive3-m1f-1364,,M1f,14,H2b,,"E,O"
154973,M1f,15,"A mouse that has but one hole is soon caught / Arm råtta, som ej vet mer än ett hål",unive3-m1f-1365,,M1f,15,H2b,,"E,A,O"
154975,M1f,17,"Good riding at two anchors, men have told, for if the one fails, the other may hold / Ein Schiff steht an zwei Ankern fester als en einem / Duabus ancoris fultus (Latin) / Corda doppia regge di più",unive3-m1f-1366,,M1f,17,H3b,,E
154993,M2a,19,"No way so smooth, but it has some rub / Es ist kein Weg so glatt, er hat seine Buckel und Pfützen / Pas de vie sans épines /No hay camino llano que no tenga algún barranco",unive3-m2a-1367,,M2a,19,D1b,,"F,E"
155002,M2b,11,A middle course is safest / The devil takes the hindmost / Mittelstrass' ist das beste Mass / In medio tutissimus ibis (Latin),unive3-m2b-1368,,M2b,11,M1a,,"F,E"
155003,M2b,12,Slow and steady wins the race,unive3-m2b-1369,G,M2b,12,M1a,T4c 21,"F,Ew,A"
155006,M2b,15,"He that leaves the highway to cut short, commonly goes about",unive3-m2b-1370,-a,M2b,15,,,"F,E"
155015,M2c,12,"Who goes for a day in the forest should take bread for a week / Wer reist, der fülle den Brotkorb / Sine baculo ingreditur (Latin) / Cuando fueres al rozo, no vayas sin calagozo",unive3-m2c-1371,,M2c,12,,,"F,E"
155018,M2c,15,In a long journey straw weights / Die Länge trägt die Last / Longo in itinere etiam paleri onea est (Latin) / En luengo camino paja pesa,unive3-m2c-1372,,M2c,15,,,G
155039,M3a,14,Knowledge is power / A good mind posesses a kingdom /Weisheit is besser als Gold und Silber / Wissen ist Macht / Par savoir vient avoir,unive3-m3a-1373,,M3a,14,"T1c,B2e,T3c",,"F,E,I,O"
155043,M3a,18,Kowledge is better than riches / Verstand ist das beste Kapital / Plus ratio quam vis caeca valere solet (Latin),unive3-m3a-1374,,M3a,18,,,"F,E,A"
155044,M3a,19,Wisdom is neither inheritance nor legacy / Wisdom cannot be gotten for gold / Mit Gold kauft man weder Tugend nor Verstand / Amor non si compra nè si vende,unive3-m3a-1375,,M3a,19,,,G
155051,M3a,24,"Skill is better than force / If the lion's skin cannot, the fox's shall / List tut mehr denn Stärke / Adresse passe force",unive3-m3a-1376,,M3a,24,,,"F,E,A,O"
155059,M3a,32,Better an open enemy than a false friend / Blind zeal only does harm / Ein närrischer Freund macht mehr Verdruss als ein weiser Feind,unive3-m3a-1377,,M3a,32,H6a,,"E,I,O,P"
155062,M3a,35,"Much is expected where much is given / Von großen Blöcken haut man große Stücke / À qui il a été beaucoup donné, il sera beaucoup demandé / Al que mucho se le confía, mucho se le exige",unive3-m3a-1378,,M3a,35,,,"F,E"
155065,M3b,10,"Fast bind, safe bind / Trau, schau, wem / Méfiance est mère de sûreté / Aime comme si tu devais haïr un jour / Fiso res periit, diffiso salva remansit",unive3-m3b-1379,,M3b,10,,,E
155067,M3b,11,"It is an equal failing to trust everybody and to trust nobody / Einem trauen is genug, keinen trauen ist nich klug / Vitium est omnia credere, vitium nihon credere (Latin)",unive3-m3b-1380,,M3b,11,,,"Ew,Ee,A,I"
155071,M3b,12,He that knows nothing doubts nothing / Mit dem Wissen wächst der Zweifel / Dubium sapientiae initium (Latin),unive3-m3b-1381,,M3b,12,,,E
155074,M3b,14,Never buy a pig in a poke / Never buy a cat in a bag / Man soll die Katze nicht im Sack kaufen / Emere catullum in sacco (Latin),unive3-m3b-1382,,M3b,14,L2a,,G
155079,M3b,16,"Seeing is believing / Die Augen glauben sich selbst, die Ohren anderen Leuten / Arbiter est oculis certior aure meus (Latin)",unive3-m3b-1383,,M3b,16,,,"F,E,I"
155091,M3b,24,"If fools went to market, bad ware would not be sold / A fool and his money are soon parted",unive3-m3b-1384,,M3b,24,,,G
155094,M3c,10,"When God wishes to destroy, he first deprives of reason / Wenn strafen will die Gotteshand, so nimmt sie einem den Verstand / Deus quem punire vult dementat (Latin)",unive3-m3c-1385,,M3c,10,,E1j 28,"E,I"
155095,M3c,11,Fools grow without watering / Narren wachsen unbegossen / Pazzi crescono senza inaffiarli,unive3-m3c-1386,,M3c,11,,,"F,E"
155097,M3c,12,"If all fools had daubles we should want fuel / Trüge jeder Narr einen Kolben, so würde das Holz teuer / Stultorum infinitus est numerus",unive3-m3c-1387,,M3c,12,,,"Ew,Es"
155102,M3c,16,"None so blind as those who won't see / Wer etwas nicht sehen will, dem helfen weder Licht noch Brill' / No hay peor ciego que el que no quiere ver",unive3-m3c-1388,,M3c,16,,M9b 16,E
155104,M3c,18,A blind man should not judge of colours / Il cieco nin deve giudicar dei colori,unive3-m3c-1389,,M3c,18,,,"F,E,O"
155110,M3c,22,You cannot see the wood for the trees/ Some men go through a forest and see no firewood (?)/ Man kann den Wald nicht vor Bäumen sehen / Les maisons empêchent de voir la ville,unive3-m3c-1390,,M3c,22,E1l,M1f 10b,"E,I"
155114,M3c,26,A word to the wise is sufficient,unive3-m3c-1391,-a,M3c,26,,,"F,E,I,O"
155117,M3d,10,He was in Rome and did not see the pope / Non est cuiuslibet Corinthum adire (Latin) /,unive3-m3d-1392,,M3d,10,,,E
155124,M3d,15,Robbing Peter to pay Paul,unive3-m3d-1393,-a,M3d,15,,,"F,E,I,O"
155127,M3d,16b,To lose a goose and get a feather / Donner un bœuf pour avoir un œuf,unive3-m3d-1394,,M3d,16b,,,O
155132,M3d,19,Don't take out of one pocket to put in the other / Don't rob your belly to cover your back / Dem Peter nehmen und dem Paul geben / Non est spoliandus Petrus ut vestiatur Paulus (Latin),unive3-m3d-1395,,M3d,19,,,"E,I"
155134,M3d,20,He carries water in a sieve,unive3-m3d-1396,-a,M3d,20,,M9c 14,"F,E,I,O"
155135,M3d,21,"Don't cut off the bough on which you are sitting / Man soll den Ast, auf dem man sitzt, nicht absägen",unive3-m3d-1397,,M3d,21,"H5d,H5h",,"F,E,A,O"
155138,M3d,22,Drive the nail that will go / You can't chop wood with a penknife / Es kann keiner mit den Kopf durch die Wand / Non si puo fare alle capate col muro,unive3-m3d-1398,,M3d,22,,,"F,E,I"
155146,M3d,29,"Was man nicht in Kopfe hat, das muss man in den Beinen haben / Les jambes portent la faute de la tête",unive3-m3d-1399,,M3d,29,,,"F,E,I"
155155,M3d,36,He pours water into the sea,unive3-m3d-1400,G,M3d,36,,,G
155163,M3d,41,Don't fish for strawberries in the bottom of the sea / Du suchest Würst in eim Hundestal / Aquam e pumica postulas (Latin),unive3-m3d-1401,,M3d,41,,,"F,E"
155174,M3e,13,"The butcher look'd for his knife, when he had it in his mouth / Er sucht den Löffel und ißt damit / Quaerit aquas in aquis (Latin) / Intus habet, quod poscit /Szuka okularów, a ma je na nosie (Polish)",unive3-m3e-1402,,M3e,13,,,"F,E"
155176,M3e,15,"You look for the horse you ride on / Il cherche son âne et il est monté dessus / Cercava l'asino e c'era sopra / Na klaczy jedzie, a szuka klaczy (Polish)",unive3-m3e-1403,,M3e,15,,,"F,Ew,Ee,O"
155179,M3e,17,It is not necessary to teach a fish to swim,unive3-m3e-1404,-a,M3e,17,"C1c,G6b",,"F,E,I,O"
155183,M3f,10,"Never put a sword in a madman's hand / Messer, Schere, Feuer, Licht sind für kleine Kinder nicht / Nec puero gladium (Latin)",unive3-m3f-1405,,M3f,10,,,"F,E,I,O"
155188,M3f,13,Never bray at an ass / Never contradict a fool,unive3-m3f-1406,,M3f,13,,,"F,Ew,Ee,O"
155189,M3f,13b,"Praise a fool and you water his folly / Qui prie le vilain, se fatigue en vain",unive3-m3f-1407,,M3f,13b,,,"F,Ew,Es"
155193,M3f,15,"He who thinks himself wise is a great fool / Qui se croit sage, est un grand fou",unive3-m3f-1408,,M3f,15,H1b,,"E,I,O"
155195,M3f,17,A fool may put something in a wise body's head,unive3-m3f-1409,-a,M3f,17,,,"F,E,I,O"
155196,M3f,18,If the blind lead the blind both shall fall into the ditch / Ein Blinder führt den anderen / Caecus caeco dux (Latin),unive3-m3f-1410,,M3f,18,"H3b,M3d",,G
155199,M4a,09,"Courage lost, all lost / Mut verloren - alles verloren, da wär' es besser nicht geboren",unive3-m4a-1411,,M4a,09,,,"Ew,O"
155200,M4a,10,Never look back / The show must go on / Schau' nicht nach rückwärts / Non bisogna mai guardar dietro a sé,unive3-m4a-1412,,M4a,10,,M1d 20,"F,Ew"
155203,M4a,13,Fortune favours the brave / God himself helps the brave / Das Glück hilft den Kühnen / Animum fortuna sequitur (Latin),unive3-m4a-1413,,M4a,13,,,"E,O"
155206,M4a,16,"Nothing risk, nothing win / He that counts all costs will never put plough in the earth / Wagen gewinnt, Wägen verliert/ Wer alle Gefahren will erwägen, bleibt ewig hinter dem Ofen liegen",unive3-m4a-1414,,M4a,16,M8c,,"E,I,O"
155208,M4a,16c,Take the will for the deed / Guter Will gilt für die Tat / Bonne volonté est reputé pour le fait,unive3-m4a-1415,,M4a,16c,,,"Ew,En"
155209,M4a,17,Fortune favours the brave,unive3-m4a-1416,G,M4a,17,,,G
155212,M4a,20,"Forbear not sowing because of birds / Wer wird wegen der Vögel die Saat unterlassen? / Per volucres serere si vitas, stultus haberis (Latin) / Non cessar per gli uccelli, di seminar ucelli",unive3-m4a-1417,,M4a,20,,,"F,E"
155215,M4a,21,"He who is ashamed to eat is ashamed to live / Apud mensam verecundari neminem decet (Latin) / Qui a honte de manger, a honte de vivre",unive3-m4a-1418,,M4a,21,,,E
155217,M4a,22,"He that will conquer must fight / No cross, no crown / Ohne Kampf kein Sieg / Nisi certanti nulla corona datur (Latin) / Rien ne vient sans peine / Non s'incorona se non chi combatte",unive3-m4a-1419,,M4a,22,,,"F,E,O"
155218,M4a,23,"One cheek is bloody, the other greasy trl. Ovambo/Afr.",unive3-m4a-1420,-i,M4a,23,,,"F,Ew,Ee,A,O"
155220,M4a,24,"He that would have the eggs must bear the cackling / Willst du geniessen, so lass dich die Mühe nicht verdriessen",unive3-m4a-1421,,M4a,24,,,"Ew,I,O"
155221,M4a,25,"He that would catch fish must not mind getting wet / Wer Rosen pflücken will, darf der Dornen nicht achten",unive3-m4a-1422,,M4a,25,"D3c,C1c,C2e",H7g 20,"E,I"
155222,M4a,26,The best fish swim deep / Grosse Fische fängt man in grossen Wassern / Au fond les belles y sont / Cada una busca donde le va mejor,unive3-m4a-1423,,M4a,26,,,"F,E,O"
155226,M4a,29,"He that steals honey schould beware of the sting / Wer Honig lecken will, darf die Bienen nicht scheuen /",unive3-m4a-1424,,M4a,29,"M1b,F1e,K1e",E1l 25c,G
155241,M4c,10,No pains no gains,unive3-m4c-1425,G,M4c,10,,M4a 17,"Ew,Eb,O"
155245,M4c,14,Fear has a thousand eyes / Fear breed terror / Angst hat grosse Augen / La paura ha cent occhi,unive3-m4c-1426,,M4c,14,,,"F,E"
155247,M4c,16,Man muss den Teufel nicht an die Wand malen / Non tentare divolo,unive3-m4c-1427,,M4c,16,,,"F,E"
155253,M4c,23,"He that fears every bush must never go a-birding / Wer die Stauden fürchtet, kommt nicht in den Wald / Non venit ad silvam, qui cuncta rubeta veretur (Latin)",unive3-m4c-1428,,M4c,23,,,"F,E,A,O"
155260,M4c,29,The fright is greater than the wound,unive3-m4c-1429,-a,M4c,29,,,"F,Ew,I,O"
155261,M4c,29b,"Better die once than live in continual fear / Fear kills more than disease / Den Tod fürchten ist schlimmer als sterben / Qui ne craint point la mort, ne craint point les menaces",unive3-m4c-1430,,M4c,29b,,,E
155267,M4c,34,Better the devil you know than the devil you don't / Ein unbekanntes Ûbel fürchtet man doppelt / Un male ignoto si teme doppiamente,unive3-m4c-1431,,M4c,34,,,E
155269,M4d,11,Live and let live / Leben und leben lassen / Vivre et laisser vivre / Vivir y dejar vivir,unive3-m4d-1432,,M4d,11,,,"F,E"
155271,M4d,13,The wise head gives in / Der Klügere gibt nach / Cedere maiori virtutis fama secunda est (Latin) / Al più potente cede il più prudente,unive3-m4d-1433,,M4d,13,,,"F,E,O"
155273,M4d,15,Better bend than break / Be a willow mot an oak / Besser biegen als brechen / Melius frangi quam flecti (Latin),unive3-m4d-1434,,M4d,15,C4b,M6c 23,"F,E,A,O"
155277,M4d,18,"It is hard to swim against the stream / Es ist schwer, gegen den Strom zu Schwimmen / Contra correntem non est nitendum (Latin) / È difficile andare contro corrente",unive3-m4d-1435,,M4d,18,,,"F,E,A"
155278,M4d,18b,In a calm sea every man is a pilot / It's easy to bowl downhill / Bei gutem Wind ist gut segeln / In tranquillo esse quisque gubernator potest (Latin),unive3-m4d-1436,,M4d,18b,,,E
155280,M4d,19,"If the mountain does not come to Mahomet, Mahomet must go to the mountain / Se la montagna non va a Maometto, Maometto viene alla montagna",unive3-m4d-1437,,M4d,19,,,"E,I"
155281,M4d,21,Wise fear begets care,unive3-m4d-1438,G,M4d,21,,,G
155284,M4d,23,Discretion is the better part of valour / He fights well that fleeth well / Vir fugiens et denuo pugnabit (Latin),unive3-m4d-1439,,M4d,23,F2a,,"F,Ew,Es,A,O"
155291,M4d,26,A living dog is better than a dead lion,unive3-m4d-1440,,M4d,26,G8f,,G
155302,M5a,14b,"There is no such thing as a foolish trade / Es gibt kein dummes Handwerk, es gibt bloss dumme Leute / Il n'est point de sot métier, il n'est que de sottes gens / Tutti i mestieri danno il pane",unive3-m5a-1441,,M5a,14b,,,E
155304,M5a,15,"Like workman, like work / Like carpenter, like chips / Judge a man by his work / Am Werke erkennr man den Meister / Auctorem opus commendat (Latin)",unive3-m5a-1442,,M5a,15,C5b,,"F,E,I"
155309,M5a,17,A trade in hand finds gold in every land / Fleissige Hand baut Leut und Land / Handwerk hat goldenen Boden / Mieux vaut métier qu'héritage,unive3-m5a-1443,,M5a,17,,,"F,E,A"
155314,M5a,22,Good advice is above price / Advisers run no risks / Guter Rat kostet nichts / Guter Rat ist nicht mit Geöd zu bezalen / Bono consilio nullum est munus pretiosius (Latin),unive3-m5a-1444,,M5a,22,,,"F,E,I"
155318,M5a,25,Work bears witness who well does / Das Werk lobt den Meister /Opus laudat artificem (Latin) / L'oeuvre l'ouvrier découvre,unive3-m5a-1445,,M5a,25,,,"F,E,O"
155324,M5a,31,"If a job is worth doing, it's worth doing well / Il ne faut pas faire ces choses à moitié / Non bisogna fare le cose a metà",unive3-m5a-1446,,M5a,31,,,"F,En,O"
155328,M5a,34,A blind man will not thank you for a looking-glass / U aveugle ne vous remerciera pas pour un miroir,unive3-m5a-1447,,M5a,34,,,"F,En,A,O"
155329,M5a,35,A bald-headed man finds a comb trl. Thai,unive3-m5a-1448,-i,M5a,35,,,"Ew,Ee,A,O"
155349,M5b,11,What is a workman without his tools? / Sine baculo ingreditur (Latin) / Non bisogna imbarcarsi senza biscotti,unive3-m5b-1449,,M5b,11,,,"F,E,O,P"
155350,M5b,12,What is a workman without his tools?,unive3-m5b-1450,G,M5b,12,G4a,,"F,E,I"
155369,M5d,13,A cat in gloves catches no mice / die Katze fängt die Mäuse nicht in Handschuhen / jamais chat emmitouflé n'a pris souris / gato con guantes no coge ratón,unive3-m5d-1451,,M5d,13,,,"F,E"
155373,M5d,16,"No flying without wings / Er will fliegen, ehe er federn hat / Sine pennis volare haut facile est (Latin)",unive3-m5d-1452,,M5d,16,,,"F,E,I"
155377,M6a,10,Where there is a will there's a way / His own desire leads every man / Des Manschen wille ist sein Himmelreich/Volenti nil impossible (Latin)/Mens regnum bona possidet (Latin)/Les volontés sont libres,unive3-m6a-1453,,M6a,10,,,"F,E,I"
155384,M6a,14,He that will eat the kernel must crack the nut / Wo ein Wille ist da ist auch ein Weg,unive3-m6a-1454,,M6a,14,,,"E,O"
155387,M6a,15,"He who seeks, finds / Wer sucht, der findet / Qui quaerit, invenit (Latin) / El que busca, halla",unive3-m6a-1455,,M6a,15,,,"F,E,I,O,P"
155393,M6a,20,Each one has to scratch for himself,unive3-m6a-1456,G,M6a,20,H3g,,G
155394,M6a,21,"'tis better than riches to scratch when it itches / Wo's juckt, da kratzt man / Cui capit, ille facit (Latin)",unive3-m6a-1457,,M6a,21,,,"F,E,P"
155395,M6a,22,"One may lead a horse to water but he cannot make him drink / Pherde lassen sich zum Wasser bringen, aber nicht zum trinken zwingen / Bos ad aquam tractus non vult potare coactus (Latin)",unive3-m6a-1458,,M6a,22,K1e,,"F,E,O"
155396,M6a,23,The wind blows where it wills / Spiritus flat ubi vult (Latin) / L'esprit souffle où il veut,unive3-m6a-1459,,M6a,23,,,"F,En,Ew"
155397,M6a,24,"He that touches pitch shall be defiled / Wer Dreck anfasst besudelt sich / Maculatur, qui cum stercore certat (Latin)",unive3-m6a-1460,,M6a,24,"C2c,H1e,F1b",,"F,E,I,O"
155399,M6a,26,"Heaven is high up and the king far away / Der Himmel ist hoch und der Kaiser weit / Deus in altis habitat, rex procul equitat (Latin)",unive3-m6a-1461,,M6a,26,B1f,,"F,E,O"
155400,M6a,27,"Like hen, like chicken",unive3-m6a-1462,,M6a,27,C2a,,"F,Ew"
155401,M6a,28,"When a thing is done, advice comes too late",unive3-m6a-1463,-a,M6a,28,"C2c,J1f,G8c",,"F,E,I,O"
155406,M6a,33,A man without shame is always full trl. Lithuanian,unive3-m6a-1464,-a,M6a,33,F1d,,"F,E,I,O"
155423,M6b,16,"It is not the places that grace men, but men the places / Der Mensch ehrt den Platz, nicht der Platz den Menschen / Homo Locum ornat, non hominem locus (Latin)",unive3-m6b-1465,,M6b,16,,,E
155431,M6b,20d,Every man is his own enemy / Jeder ist selbst sein ärgster Feind / Nostris nos alis capimur (Latin),unive3-m6b-1466,,M6b,20d,,,"Ew,En"
155438,M6b,27,"If you take care of the soil, the soil will take care of you",unive3-m6b-1467,-i,M6b,27,"C2b,H5d",,"F,Ew,Ee,A,O"
155444,M6b,31,"As we live, so shall we end / An ill life, an ill end / Wie gelebt, so gestorben",unive3-m6b-1468,,M6b,31,,,"F,E,O"
155446,M6c,11,There is no such word as impossible / Unmögliches gibt es nicht / Impossible n'est pas français / No hay imposibles,unive3-m6c-1469,,M6c,11,"T3a,C4b,M6a",,"F,Ew,Es"
155451,M6c,13,Step after step the ladder is ascended,unive3-m6c-1470,G,M6c,13,"E1j,T3c,C4c,T4a",,G
155460,M6c,19,He who has been to the mill has flour on his cap trl. Bulgarian,unive3-m6c-1471,-o,M6c,19,M6a,,"F,E,A,I"
155462,M6c,20b,Don't throw the rope after the bucket / Der Axt den Stiel nachwerfen / Varam cum vibia projicit (Latin) / Gettare il manico dietro la scure,unive3-m6c-1472,,M6c,20b,,,E
155463,M6c,21,"Better never begun than never ended / Löffle die Suppe aus, die du dir eingebrockt hat / Melius non incipient quam decinent",unive3-m6c-1473,,M6c,21,T4c,,E
155464,M6c,21b,The road to hell is paved with good intentions / Der Weg zur Hölle ist mit guten Vorsätzen gepflastert / L'enfer esi pavé de bonnes intentions,unive3-m6c-1474,,M6c,21b,T4c,,E
155466,M6c,23,Better to bow than break,unive3-m6c-1475,-i,M6c,23,,M4d 15,F
155468,M6c,25,No remedy like patience / Patience is the plaster for all sores / Bear and forbear / Sustine et abstine (Latin),unive3-m6c-1476,,M6c,25,T3b,,"E,A,I"
155472,M6c,26,"By perseverance the snail reached the ark / Perceverance kills the game / Fleiss bricht Eis / Chi la dura, la vince",unive3-m6c-1477,,M6c,26,"T1j,T1h,K1g,T3b",,G
155479,M6c,26h,An ounce of patience is worth a pound of brains / Geduld ist besser als Rettung / Patience passe science,unive3-m6c-1478,,M6c,26h,,,E
155482,M6c,28,Constant dropping wears the stone / Many a little makes a mickle / Güsse machen Flüsse / Goutte à goutte on emplit la cave,unive3-m6c-1479,,M6c,28,,,G
155484,M6c,29,An oak is not felled at one stroke / Der Baum fällt nicht vom ersten Schlag / Non uno cadit arbor ictu (Latin) / Un solo golpe no derriba a un roble,unive3-m6c-1480,,M6c,29,,,"F,E"
155494,M6c,35,"Men leap over where the hedge is lowest / Wo der Zaun am niedrigsten ist, springt jeder über / Sepem vir calcat ibi plus ubi passio exstat (Latin)",unive3-m6c-1481,,M6c,35,K1l,,G
155499,M6d,10,"Jack of all trades is of no trade (...master of none) / Grasp all, lose all /To know everything is to know nothing / Wer alles weiss, der weiss nichta / Non multa, sed multum (Latin)",unive3-m6d-1482,,M6d,10,,,"E,I,O"
155502,M6d,12,A man of many trades begs his bread on Sunday,unive3-m6d-1483,-a,M6d,12,,,"F,E,I,O"
155509,M6d,15,You cannot hold two watermelons in one hand / You cannot whistle and drink at the same time / Man kann nicht zugleich blasen und schlucken,unive3-m6d-1484,,M6d,15,,M8a 31,"F,E,P"
155514,M6d,17,One shouldn't burn the candle at both ends / Il ne faut pas brûler la chandelle par les deux bouts / Non si può fare stringhe della propria pelle,unive3-m6d-1485,,M6d,17,G7b,,"E,A,I,P"
155515,M6d,18,"He that hath many irons in the fire, some will cool",unive3-m6d-1486,G,M6d,18,,,G
155517,M6d,19,Dogs that put up many hares kill none,unive3-m6d-1487,,M6d,19,,,G
155518,M6d,19b,"Jack of all trades and master of none / Wer viel anfängt beendet wenig / Douze métiers, treize misères",unive3-m6d-1488,,M6d,19b,,,E
155520,M6d,21,No man can serve two masters / Man kann nicht zwei Herren dienen / Nemo potest duobus dominis servire (Latin),unive3-m6d-1489,,M6d,21,"H1d,G5g,G5f",,G
155533,M6d,26,"We learn by teaching / Durch Lehren lernen wir / Docendo discitur (Latin) / En enseignant, on apprend / Enseñando aprendemos / Insegnando s'impara",unive3-m6d-1490,,M6d,26,"H1d,L1b,J1j",,"F,E,A,O"
155537,M6d,28,Between two stools is the fall / Sich zwischen zwei Bänke niedersetzen / Duabus sellis sedit (Latin),unive3-m6d-1491,,M6d,28,E1l,,G
155539,M6d,29,"He who is not with me is against me / Wer nicht mit mir ist, der ist wider mich / Chi non è meco, è contro a me",unive3-m6d-1492,,M6d,29,"H1g,H3a",,"Ew,Es"
155540,M6d,30,"One gives nothing so liberally as advice / Viele zum Rat, wenige zur Tat / Magis consiliarius est quam auxiliarais (Latin) / Aconsejar es más fácil que ejecutar",unive3-m6d-1493,,M6d,30,J1o,,"E,A,O"
155542,M6d,31b,"Who loves to roam may lose his home / Wer seinen Platz verläßt, verliert sein Recht drauf / Qui va à la chasse, perd sa place / Chi va all'osto, perde il posto",unive3-m6d-1494,,M6d,31b,,,"F,E,O"
155544,M6d,33,Keep your fellows' counsel and your own / Jeder hat seinen Sinn für sich / Cor boni concilii statue tecum non est enim tibi aliud pluris illo (Latin),unive3-m6d-1495,,M6d,33,,,E
155551,M6d,39,Don't change horses in midstream / In der Furt soll man die Pferde nicht wechseln / On ne change pas de chevaux au milieu d'un gué,unive3-m6d-1496,,M6d,39,,,Ew
155552,M6e,10,"As the call, so the echo / Wie der hall, so der Schall / Tel bruit, tel écho /Según es la voz es el eco",unive3-m6e-1497,,M6e,10,,,"F,E"
155554,M6e,12,"As the question, so the answer / Wie die Frage, so die Antwort / Quale dixisti verbum, tale contra audies (Latin)",unive3-m6e-1498,,M6e,12,,,"F,Ew,I,O"
155555,M6e,13,"As the question, so the answer / Such a welcome, such a farewell / Wie die Frage, so die Antwort / Ut salutabis ita resalutaberis (Latin) / A gentile saluto, gentile risposta",unive3-m6e-1499,,M6e,13,H5d,,E
155561,M6e,18,In doing good one does it to oneself; in doing evil one does it to oneself,unive3-m6e-1500,G,M6e,18,"C2c,H5d",,G
155580,M7a,10,Diligence is the mother of good fortune,unive3-m7a-1501,G,M7a,10,,,G
155581,M7a,11,He that labours and thrives spins gold / Fleiss erobert alle Dinge / Labor omnia vincit improbus (Latin),unive3-m7a-1502,,M7a,11,,,"F,E,I,O"
155584,M7a,13,"No pains, no gains / No mill, no meal / No work, no eat / Wer nicht arbeiten will, der soll auch nicht essen / Qui non laborat, non manducet (Latin)",unive3-m7a-1503,,M7a,13,,,"F,E"
155585,M7a,14,"No song, no supper / Arbeit bringt Brot, Faulenzen Hungernot / Le renard qui dort la matinée n'a pas la geule emplumée",unive3-m7a-1504,,M7a,14,,,"F,E,A,O"
155600,M7a,23,"Sloth is the mother of poverty / Jamais paresse n'a acquis richesse / Chi va becca, e chi sta si secca",unive3-m7a-1505,,M7a,23,M7c,,"F,Ew,Es,A,O"
155611,M7a,33,"they must hunger in winter, that will not work in summer / Was der Sommer beschert, der Winter verzehrt / Anima dissoluta esuriet (Latin)",unive3-m7a-1506,,M7a,33,,,"F,E,A"
155613,M7a,36,"No sweat, no sweet / Nul pain sans peine / No hay dulzura sin sudor",unive3-m7a-1507,,M7a,36,T4d,,"E,A"
155614,M7a,37,"He who would catch fish must not mind getting wet / el que quiere comer pescado, que se moje los pies",unive3-m7a-1508,,M7a,37,,,"F,E,I"
155615,M7a,38,"No sweat, no sweet / Magna venit nulli sine magna fama labore (Latin) / Nul pain sans peine",unive3-m7a-1509,,M7a,38,,,"F,E,O"
155617,M7a,40,A good workman is never overpaid / Jeder Arbeiter ist eines Lohnes wert,unive3-m7a-1510,,M7a,40,,,G
155623,M7b,13,"When a great oak falls, every neighbour may scuffle for a faggot / Wenn der Baum fällt, so sammelt jedermann Holz",unive3-m7b-1511,,M7b,13,"H3c,H2c",,"F,E,I,O"
155629,M7c,10,A tethered sheep soon starves / Ein Wolf im Schlaf fing nie ein Schaf,unive3-m7c-1512,,M7c,10,"M6c,T1c",,"F,E"
155643,M7c,18,Fish is not caught without bait / Fische lockt man mit Fischen / C'est un petit poisson pour avoir un gros,unive3-m7c-1513,,M7c,18,,D3b 32b,"F,E,A"
155666,M7d,22,"Idle folks lack no excuses / Wann soll ich arbeiten? Im Frühjahr ist viel Wasser, im Herbst viel Schmutz, im Sommer ist's heiss, im Winter kalt",unive3-m7d-1514,,M7d,22,,,"F,E"
155669,M7d,24,To quake at work and sweat at meals / A lazy sheep think its wool heavy (sanak:laiska),unive3-m7d-1515,-o,M7d,24,,,"F,Ew,Ee,A,I"
155672,M7d,26,"Who more busy than they that have least to do? / Idle folks have the least leasure / Wer nichts zu tun hat, findet niemals Zeit /Uomo lento non ha mai tempo",unive3-m7d-1516,,M7d,26,,,"F,E,A"
155678,M7d,31,A lazy man is the devil's bolster / Müssiggang is der Teufels Ruhebank / une tête oisive est l'atelier du diable /un hombre ocioso es la oreja del diablo,unive3-m7d-1517,,M7d,31,,,"F,E,I"
155694,M7f,11,"Business before pleasure / Work before play / Arts die Arbeit, dann das Spiel / Le travail d'abord, le plaisir ensuite",unive3-m7f-1518,,M7f,11,,,E
155700,M7f,16,On ne peut faire qu'en faisant,unive3-m7f-1519,G,M7f,16,"M7a,T4e",,"F,Ew,A,O"
155708,M7f,21,"After dinner sit a while, after supper, walk a mile / Dopo pranzo, sta; dopo cena, va",unive3-m7f-1520,,M7f,21,D4d,,"F,E,O"
155712,M7f,23,A bow long bent at last grows weak / Arcum intensio frangit (Latin) / l'arc toujours tendu se gâte,unive3-m7f-1521,,M7f,23,"K1g,L2c",,"E,A,O"
155718,M7g,13,Christmas comes but once a year / We don't kill a pig every day / Es ist nicht alle Tage Kirmes/Weihnachten / Ogni dì non è festa,unive3-m7g-1522,,M7g,13,,,"F,E,I"
155721,M7g,15,"The more the merrier, the fewer the better cheer /Lieber eng und wohl, als weit und weh /Più grande la compagna, più ci si diverte",unive3-m7g-1523,,M7g,15,,,"F,En"
155725,M7g,18,After the feast comes the reckoning / The next day is never so good as the day before / Es kommt selten etwas Besseres nach / Raro meliora subsectura (Latin) / Tout va pis qu'avant,unive3-m7g-1524,,M7g,18,,D3j 16,"Ew,O"
155727,M7h,11,Doing nothing is hard work / Desidi semper feriae (Latin) / A casa dei poltroni è sempre festa,unive3-m7h-1525,,M7h,11,,,"Ew,Ee,I,O"
155728,M7h,12,Work is the spice of life / No sweet without sweat / Arbeit macht das Leben süss / Le travail fait le charme de la vie,unive3-m7h-1526,,M7h,12,,,"F,E"
155731,M7h,15,Hard work never hurt anybody / Le travail n'a jamais déshonoré personne / Il mestiere non awilisce l'uomo,unive3-m7h-1527,,M7h,15,,M6e 30,"F,E"
155732,M7h,16,The tree is known by his fruit,unive3-m7h-1528,G,M7h,16,J1h,,G
155733,M7h,17,"Such apple-tree, such fruit / Wie der Baum, so die Frucht / Au fruit on connaît l'arbre",unive3-m7h-1529,,M7h,17,C5b,,"F,E,I,O"
155734,M7h,18,Work produces virtue and virtue honour / Arbeit adelt / Labor nobilitat (Latin) / Labourer ennoblit l'homme / Il lavoro nobilita,unive3-m7h-1530,,M7h,18,,,"F,E"
155739,M7h,23,"A rolling stone gathers no moss / A sitting hen never grows fat / To stand still is to move back / Wer rastet, der rostet / Quand on n'avance pas, on recule",unive3-m7h-1531,,M7h,23,"H4a,H4b",,G
155744,M7h,27,"Idleness is the key of beggary /Arbeit bringt Brot, Faulenzen Hungernot /",unive3-m7h-1532,,M7h,27,F1b,,"F,E,I,O"
155751,M7h,29,Iron not used soon rusts / Rost frisst Eisen / Ferrum rubigo consumit (Latin),unive3-m7h-1533,,M7h,29,D2a,T2a 28,"Ew,Ee,O"
155753,M7h,31,"Standing pools gather filth / Stehendes Wasser stinkt / Capiunt vitium, ni moveantur aquae (Latin)",unive3-m7h-1534,,M7h,31,,,"F,E"
155769,M7i,20,"Who does nothing makes no mistakes / Il n'y a que ceux qui ne font rien qui ne se trompent jamais / Chi non fa, no spaglia",unive3-m7i-1535,,M7i,20,,,E
155771,M7i,22,Quick at meal quick work,unive3-m7i-1536,-i,M7i,22,,M7d 24,"F,En,Ee,A,O"
155775,M7i,25b,"A sleeping man is not hungry / Wer schläft, spart die Mahlzeit / Qui dort, dîne / Chi dorme, mangia",unive3-m7i-1537,,M7i,25b,,C3b 12,"Ew,Es"
155778,M8a,11,"Who will not keep a penny shall never keep many / Wer das Kleine nicht ehrt, ist des Grossen nicht wert / Chi non tien conto del poco, non acquista",unive3-m8a-1538,-a,M8a,11,C4c,C4f 13,"F,E,I,O"
155779,M8a,12,"A penny spared is twice got / In for a penny, in for a pound / Cuidad los centavos, que los pesos se cuidan solos",unive3-m8a-1539,,M8a,12,,,E
155782,M8a,14,Drop by drop the lake is drained / Goutte à goutte la mer s'égoutte,unive3-m8a-1540,,M8a,14,C4c,,E
155800,M8a,26,Saving is the first getting / Dem fleißigen Hamster schadet der Winter nichts / Mieux vaut bon gardeur que bon amasseur,unive3-m8a-1541,,M8a,26,,M1b 10,"E,O"
155804,M8a,29,"Waste not, want not / Save something for a rainy day / Spare in der Zeit, so hast du in der Not / Garder une poire pour la soif / Conservati un pan per la vecchiezza",unive3-m8a-1542,,M8a,29,,,"F,E,A,I"
155806,M8a,31,You cannot have your cake and eat it / Man kann nicht alles haben / Il faut qu'une porte soit ouverte ou fermee / On ne peut pas avoir le beurre et l'argent du beurre /No se puede estar en misa y repicando,unive3-m8a-1543,,M8a,31,,M6d 15,"E,I,O"
155825,M8b,21,"Like lips, like lettuce / Man muss das Maul nach der Tasche richten / A tal labra, tal lattuga",unive3-m8b-1544,,M8b,21,,,"F,E,I,O"
155833,M8b,25d,"Dress drains our cellar dry, and keeps our larder clean / Goldene Tressen, nichts zu essen / Abito di seta e ventre smilzo",unive3-m8b-1545,,M8b,25d,,,E
155835,M8b,26b,The law is not concerned with trifles / De minimis non curat praetor (Latin) / Le préteur ne s'occupe pas des petites affaires / Il pretore non cura le minime cose,unive3-m8b-1546,,M8b,26b,,,"Ew,Es"
155837,M8b,28,A broken sack will hold no corn / Un sac percé ne peut tenir le grain / In vas pertusum congerere (Latin),unive3-m8b-1547,,M8b,28,,,"F,E"
155845,M8c,14,Gardener's dog neither eats cabbage himself nor lets anybody else / Il est comme un chien qui garde du foin,unive3-m8c-1548,,M8c,14,H5c,,"F,E"
155848,M8c,16,He'd skin a louse and send the hide and fat to market / Er schindet die Laus des Balges wegen / Il écorcherait un pou pour en avoir la peau / En su casa no comen huevos para no tirar la cáscara,unive3-m8c-1549,,M8c,16,,,"F,E,P"
155857,M8c,24,Only what one has eaten is one's own trl. Kumauni/India,unive3-m8c-1550,-i,M8c,24,K1l,C3c 13,"F,Ew,A,O,P"
155858,M8c,25,"What the good-wife spares, the cat eats",unive3-m8c-1551,G,M8c,25,H7c,,G
155860,M8c,27,Death has the key to open the miser's chest trl. Oji/Afr.,unive3-m8c-1552,-i,M8c,27,"H7c,G8f",,"E,A,O"
155861,M8c,28,"Like a hog, he does no good till he dies /Avarus nisi cum moritur, nil recte facit (Latin) / Den Geizhals und ein fettes Schwein sieht man im Tod erst nützlich sein",unive3-m8c-1553,,M8c,28,"M6e,T4c",,"F,E"
155897,M9a,29,No day without a line / Kein Tag ohne Linie / Nulla dies sine linea (Latin) / Ningún día sin trazar una línea,unive3-m9a-1554,,M9a,29,,,"F,E"
155865,M9a,11,Today is yesterday's pupil / Das Heute ist des Gestern Schüler / Dies diem docet / Le second jour est disciple du premier / Del primo giorno scolare è il secondo,unive3-m9a-1555,,M9a,11,T3c,B1b 29,E
155866,M9a,12,Advercity is a good teacher / Suffering brings experience / Durch Schaden wird man klug / Experientia docet stultos (Latin),unive3-m9a-1556,,M9a,12,,M9e 20,"F,E,I,O"
155867,M9a,13,"Years know more than books / An once of practice is worth a pound of theory / Lehre tut viel, das Leben mehr / Un occhio alla padella ed uno alla gratta",unive3-m9a-1557,,M9a,13,,,"F,E,O"
155870,M9a,14,"Travel makes a wise man better, but a fool worse",unive3-m9a-1558,G,M9a,14,,,"F,En,Ee,A,I"
155881,M9a,17,He that travels far knows much / Weite Reise macht wiese / On s'instruit en voyageant / Viaggiando s'impara,unive3-m9a-1559,,M9a,17,"H4e,E1k",M3c 14,"E,A,I"
155886,M9a,19,Time will tell,unive3-m9a-1560,-i,M9a,19,G6b,,"F,E,A,O"
155890,M9a,22,Travellers have leave to lie,unive3-m9a-1561,G,M9a,22,,,G
155896,M9a,28,I fear the man of one book / Timeo hominem unius libri (Latin),unive3-m9a-1562,,M9a,28,,,"Ew,Es"
155898,M9a,30,"Never too old to learn, never too late to turn / Zum lernen ist niemand zu alt / On apprend en tout âge",unive3-m9a-1563,,M9a,30,,,"F,E,I,O"
155899,M9a,31,"Art is long, life is short / Die Kunst ist lang, das Leben kurz / Ars longa, vita brevis (Latin) / El arte es largo y la vida breve",unive3-m9a-1564,,M9a,31,G2c,,E
155901,M9a,33,"Ignorance is bliss / Wer viel weiss, hat viel zu sorgen / Qui multiplicat scientiam, multiplicat dolorem (Latin)",unive3-m9a-1565,,M9a,33,,,"E,O"
155903,M9a,35,"Too much knowledge makes the head bald / Zuviel wissen macht alt / Chi presto denta, presto sdenta",unive3-m9a-1566,,M9a,35,G6a,,"F,E"
155914,M9b,15,"A word is enough to the wise / Who will not hear must be made to feel / Wo Verstand ist, da braucht es nicht viele Worte / Wer nicht hören will, der muss fühlen / Le sage entend à demi-mot",unive3-m9b-1567,,M9b,15,,,E
155915,M9b,16,"None so deaf as those who will not hear / Niemand ist so taub, wie wer nicht hören will / Deterior surdus eo nullus qui renuit audire (Latin) / No hay peor sordo que el que no quiere oír",unive3-m9b-1568,,M9b,16,,M3c 16,"F,Ew,Es"
155917,M9b,17,"He that will not be counselled cannot be helped / Wem nicht zu raten ist, dem ist auch nicht zu helfen / Consilio, quod respuitur, nullum subest auxilium (Latin)",unive3-m9b-1569,,M9b,17,,M3c 16,E
155929,M9b,25,"You must learn to obey before you command / Wer befehlen will, muss gehorchen lernen / Nemo autem regere potest, nisi qui et regi (Latin)",unive3-m9b-1570,,M9b,25,,,E
155930,M9c,10,Poured water won't stay in the well trl. Finnish,unive3-m9c-1571,-i,M9c,10,"C1c,M3d",,"F,E,A"
155935,M9c,14,"He that washes an ass's head shall lose both lye and his labour / Wasser schöpft man nicht mit einem Sieb / Quien no oye consejo, no llega a viejo",unive3-m9c-1572,,M9c,14,M3d,,"F,E,O,P"
155936,M9d,10,Das Amt lehret den Mann / La sagesse vient avec les emplois,unive3-m9d-1573,,M9d,10,,,"F,E,A,O"
155939,M9d,13,None is born a master / Es wird keiner als Meister geboren / Nemo magister natus (Latin) / Nadie nace maestro,unive3-m9d-1574,,M9d,13,,,"F,E,A"
155941,M9d,14,A barber learns to shave by shaving fools / Am Bart des Narren lernt man scheren / la barba de necio aprenden todos a rapar,unive3-m9d-1575,,M9d,14,,,Ew
155946,M9d,17,"Learn weeping, and thou shalt laugh gaining / Die Wurzel des Lernens ist bitter, die Frucht süß / Radix studiorum amara (Latin) / Aprende llorando y reirás ganando",unive3-m9d-1576,,M9d,17,E1c,,"Ew,Ee,O"
155947,M9d,17b,"Nurture surpasses nature / Geburt ist etwas, Bildung mehr / Nutritura passa natura",unive3-m9d-1577,,M9d,17b,G2b,,Ew
155951,M9d,20,Every man has his forte,unive3-m9d-1578,G,M9d,20,"H1a,M9a,H1b,K1j,K2h",,G
155958,M9d,26,"A young trooper should have an old horse / Ein junges Pherd braucht einen alten Reiter / A barco nuevo, capitán viejo",unive3-m9d-1579,,M9d,26,,,"F,Ew,Es,O"
155959,M9d,27,"Practice makes perfect / Experience is the best teacher / Übung macht den meister / Singe, so lernst du singen / Experientia docet (Latin)",unive3-m9d-1580,,M9d,27,,,"F,E,I,O"
155964,M9d,32,Repetition is the mother of studies / Wiederholung ist die Mutter des Wissens / Repetito est mater studiorum sapentiae / La répétition est l'âme de l'assignement,unive3-m9d-1581,,M9d,32,,,"F,E,I,O"
155969,M9e,10,"If a man cheats me once, shame on him; if he cheats me twice, shame on me",unive3-m9e-1582,G,M9e,10,,,G
155973,M9e,13,"A burned child dreads the fire / Das gebrannte Kind fürchtet das Feuer / Quae nocent, docent (Latin) / enfant échaudé craint le feu",unive3-m9e-1583,,M9e,13,M1b,,G
155975,M9e,14,"Once bitten, twice shy",unive3-m9e-1584,G,M9e,14,M1b,M4c 17,G
155978,M9e,15,"Once bitten, twice shy",unive3-m9e-1585,,M9e,15,,,"F,O"
155982,M9e,19,Failure teaches success / Misfortunes makes us wise / Durch Schaden wird man klug / Errando discitur (Latin),unive3-m9e-1586,,M9e,19,T1e,,G
155985,M9e,22,By others' faults wise men correct their own / Anderer Fehler sind gute Lehren / Ex vitio alterius sapiens emendat suum (Latin),unive3-m9e-1587,,M9e,22,"C1c,H1a,M1a,T4a",M2b 13,G
155986,M9e,23,One grain suffices to test a whole pot of boiled rice trl. Tamili/India,unive3-m9e-1588,-a,M9e,23,"C5c,C6c",,"Ew,I,O"
155987,M9e,24,"It is never too late to learn /None but a fool is always right / Man lernt nie aus / Der Kluge lernt nie aus / El sabio muda consejo, el necio no/ Ne discere cessa (Latin)",unive3-m9e-1589,,M9e,24,,,E
155989,T1a,11,The early bird catches the worm / L'oiseau du matin attrape le plus gros vers / L'uccello mattinero si becca il verme,unive3-t1a-1590,G,T1a,11,L1c,,"F,E,A,I"
155994,T1a,14,"Early to bed and early to rise makes a man healthy, wealthy and wise / Früh auf, gut Lauf / L'heure du matin, l'heure du gain",unive3-t1a-1591,,T1a,14,H2e,,"F,E,I,O"
155999,T1a,18,"First come, first served / Last come, worst served / The bones for those who come late / Der Letzte kriegt die Knochen / Prior tempore, potior iure (Latin)",unive3-t1a-1592,,T1a,18,,,"F,E"
156002,T1a,19,"Eat, afterwards bones only remain trl. Thonga/Afr.",unive3-t1a-1593,G,T1a,19,,,"Ew,A,I"
156005,T1a,22,Time is money / Zeit ist Geld / Le temps vaut argent / Il tempo è denaro,unive3-t1a-1594,,T1a,22,,,"F,E,I,O"
156007,T1b,10,Everything has its time / A place for everything and everything in its place / There is time and place for everything / Ogni cosa a suo tempo,unive3-t1b-1595,,T1b,10,,,"F,E,I"
156009,T1b,10d,"There is a time to be born, and a time to die / Geboren werden hat seine Zeit und Sterben auch /Il y a un temps pour naître, et un temps pour mourir / Hay tiempos de nacer, y tiempos de morir",unive3-t1b-1596,,T1b,10d,,,I
156010,T1b,11,"Make hay while the sun shines / Mache Heu, derweil die Sonne scheint / Zeit, Ebbe und Flut warten auf niemand / Dum licet, et spirant flamina, navis eat /",unive3-t1b-1597,,T1b,11,,,"F,E"
156016,T1b,15,"Strike while the iron is hot / Das Eisen Schmieden, solange es heiss ist / Ferrum dum in igne candet cudendum est (Latin) / Battere il ferro mentre è caldo",unive3-t1b-1598,,T1b,15,,,G
156019,T1b,17,"When the pear is ripe it falls / Man soll den Baum nicht eher schütteln, als bis seine Früchte reif sind / Cum sunt matura, breviter pira sunt ruitura (Latin)",unive3-t1b-1599,,T1b,17,,,"F,E,O"
156024,T1b,20,"As the twig is bent, so it grows / Alte Bäume sind bös' biegen",unive3-t1b-1600,,T1b,20,"G6d,G3c",,G
156027,T1b,24,"Measure thrice and cut once / Erst wägen, dann wagen / N'entreprends rien sans avoit mesuré toutes choses",unive3-t1b-1601,,T1b,24,"M3d,J1f",T1h 17,"F,E,I,O"
156030,T1c,10,"When fortune smiles embrace her /There is no catching the fox twice /Man muss die Gelegenheit beim Schopfe fassen /Il faut saisir l'occasion aux cheveux /Carpe diem, quam minime credula postero(Latin) / There is no time like the present",unive3-t1c-1602,,T1c,10,,,"E,I,O"
156036,T1c,13,"When the mutton is going, it is good to take a slice / Wenn das Ferkel geboten wird, soll der Sack bereit sein / Saccus adaptetur, porcellus cum tibi detur (Latin) / Cuando pasan rábanos, comprarlos",unive3-t1c-1603,,T1c,13,,,"F,E"
156041,T1c,17,Birds fly not into our mouths ready roasted / When the fox sleeps no grapes fall in his mouth / Non c'è bene senza bene,unive3-t1c-1604,,T1c,17,,,"F,E,O"
156043,T1c,20,"Christmas comes but once a year / After feasting, fasting / Every day is not Sunday /Es ist nicht alle Tage Sonntag / Non semper sunt Saturnalia (Latin)",unive3-t1c-1605,,T1c,20,M7g,B2c 35,"F,E,O"
156047,T1d,11b,Prevention is better than cure / Vorbeugen ist besser als heilen / Praestat cautela quam medela (Latin) / Más vale prevenir que curar,unive3-t1d-1606,,T1d,11b,G7c,,O
156048,T1d,12,"A little fire is quickly trodden out / Al male bisogna rimediare da principio / Lösche das Feuer beizeiten, das Unheil wende ab",unive3-t1d-1607,,T1d,12,,,"E,A"
156053,T1d,15,A stitch in time saves nine / Erkanntes Übel ist gut / ein Stich zur Zeit erhält das Kleid,unive3-t1d-1608,,T1d,15,,,"E,I,O"
156058,T1d,20,"He doubles a gift that gives in time / Who gives quickly gives twice / Doppelt gibt, der schnell gibt / Bis dat qui cito dat (Latin)",unive3-t1d-1609,,T1d,20,,,"E,I,O"
156067,T1e,11,Never put off till tomorrow what you can do today / Das Heute soll dem Morgen nichts borgen / Periculum in mora (Latin),unive3-t1e-1610,,T1e,11,"J1e,M7d",C3c 11,"F,E,A,I"
156077,T1e,17,Delay always brings danger / Gefahr im Verzug / Il y a péril en la demeure / Periculum in mora (Latin),unive3-t1e-1611,,T1e,17,,,"E,I,O,P"
156084,T1e,21,"Pick and choose and take the worst / Qui choisit, a pis",unive3-t1e-1612,,T1e,21,D3h,H3f 23,"F,E"
156085,T1e,22,"Better spare at the brim than at the bottom / It is too late to spare when the bottom is bare / Es is zu spät den Wein zu sparen, wenn die Tonne leer ist / Meglio è sparagnar all'orlo ch'al fondo",unive3-t1e-1613,,T1e,22,,,E
156086,T1e,23,It is too late to cast anchor when the ship is on the rocks / Virgebaut ist gut gebaut / Cebar los perros para ir de caza,unive3-t1e-1614,,T1e,23,,,"F,Ew,Eb,P"
156096,T1e,27b,"Slow help is no help / When a friend asks, there is no tomorrow / Donner tard, c'est refuser /Post bellum auxilium (Latin)",unive3-t1e-1615,,T1e,27b,,,E
156097,T1e,27c,"He that has no head need no hat / Wer keinen Kopf hat braucht keinen Hut / Quand la tête est coupée, on ne pleure pas les cheveux / A chi ha testa, non mancha capello",unive3-t1e-1616,,T1e,27c,,,E
156102,T1e,29,"After death the doctor / When I am dead, make me a caudle / Mit Spritzen kommen, wenn das Haus abgebrannt ist / Post mortem medicina (Latin) / Dopo la morte non val medicina",unive3-t1e-1617,,T1e,29,,,G
156103,T1e,30,Don't lock the stable-door after the horse has been stolen / When the wine is run out you'd stop the leak / accepto damno januam claudere (Latin),unive3-t1e-1618,,T1e,30,,,"F,E,I,O"
156105,T1e,32,"He gives by halves, who hesitates to give / A gift much expected is paid, not given / Langsame Gabe verliert den Dank / Non sa donare chi tarda a dare",unive3-t1e-1619,,T1e,32,,,E
156111,T1e,37,After death a doctor / Mortuis mederi (Latin),unive3-t1e-1620,,T1e,37,,,"E,I,O"
156112,T1e,38,After-wit is everybody's wit / Die besten Gedanken kommen immer hinterher / Begangene Tat leidet keinen Rat/ Cogitationes posteriores sunt saniores (Latin),unive3-t1e-1621,,T1e,38,,,"F,E,I,O"
156114,T1e,40,"While the grass grows, the horse starves / Das Pferd stirbt oft, ehe das Gras wächst / Expecta bos olim herba (Latin) / Mientras la hierba crece el caballo muere",unive3-t1e-1622,,T1e,40,,,"F,Ew,Ee,A"
156119,T1e,43,While the grass is growing the steed starves,unive3-t1e-1623,-a,T1e,43,,,"F,E,I,O"
156121,T1e,46,Punctuality is the politeness of kings / Pünktlichkeit ist die Tugend der Könige /L'exactitude est la politesse des rois / La puntualidad es la cortesía de los reyes,unive3-t1e-1624,,T1e,46,,,"Ew,Es"
156126,T1f,13,"Early up and never the nearer / Früh gesattelt, spät geritten / Wer immer zu früh su kommen meint, kommt oft zu spät / Nimium properat, serius absolvit (Latin)",unive3-t1f-1625,,T1f,13,,,"F,E"
156127,T1f,14,Never cackle till your egg is laid,unive3-t1f-1626,,T1f,14,,,"F,En,Es,O"
156132,T1f,17,One swallow makes no summer / One crow does not make a winter / Ein Mädchen macht keinen Tanz / Una hirundo non efficit ver (Latin) / Un filo non fa tela,unive3-t1f-1627,,T1f,17,C4a,,"F,E,I,O,P"
156133,T1f,18,Between cup and the lip a morsel may slip / Es begibt sich viel zwischen Löffel und Munde / Dalla mano alla bocca spesso si perde la zuppa,unive3-t1f-1628,,T1f,18,,,G
156137,T1f,22,Look before you leap / Never praise a ford till you are over / Schrei nicht 'Juche!' bis du über den Zaun bist / Al fin se canta gloria / Guarda innanzi che tu salti,unive3-t1f-1629,,T1f,22,,,"F,E,I"
156142,T1f,27,You cannot contract for the fish that is in the sea / Ungefangene Fische sind nicht gut zu Tische / Comerse los huevos sin tener la gallina,unive3-t1f-1630,,T1f,27,"C3c,B2c",C3c 20,G
156143,T1f,27b,"Dont boil your fish till they are hooked / Ungefangene Fische sind nicht gut zu Tische / Ante quam pisces ceperis, muriam misces (Latin)",unive3-t1f-1631,,T1f,27b,,,"F,E"
156146,T1f,29,Don't count your chickens before they are hatched,unive3-t1f-1632,G,T1f,29,F2c,,G
156149,T1f,32,"Speak no ill of the year before it's gone / Nadie no diga mal del día, hasta que sea pasado y la noche",unive3-t1f-1633,,T1f,32,,,Ew
156150,T1f,33,Call no man happy before he dies / Man soll keinen vor seinem Tode glücklich preisen / Ante mortem ne laudes hominem quemquam,unive3-t1f-1634,,T1f,33,B2c,,E
156152,T1f,35,Praise day at night and life at the end / Attendez à la nuit pour dire que le jour a été beau / Diem vesper commendat (Latin),unive3-t1f-1635,,T1f,35,,,G
156157,T1g,10,A thousand years hence the river will run as it did / Ad fontes redeunt longo post tempore lymphae (Latin),unive3-t1g-1636,,T1g,10,,,"F,Ew"
156162,T1g,14,Tomorrow is a new (another) day / Morgen ist auch ein Tag / Demain il fera jour / Mañana será otro día,unive3-t1g-1637,,T1g,14,,T3c 10,"F,E,A"
156167,T1g,18,An inch an hour is a foot in a day's work,unive3-t1g-1638,,T1g,18,M8a,,"F,Ew,Eb,A"
156173,T1g,22,Put off is not put away / Ce qui est retardé n'est pas perdu / Cosa differita non è perduta,unive3-t1g-1639,,T1g,22,,,Ew
156180,T1h,13,"Time and tide wait for no man / Zeit, Ebbe und Flut warten auf niemand / Tempora labuntur more fluentis aquae (Latin) / El tiempo y la marea no esperan al rey",unive3-t1h-1640,,T1h,13,,,"F,E,O"
156182,T1h,15,We lose nothing by waiting / Patience brings all things about / Mit der Zeit kommt man auch weit / Il mondo è di chi ha pazienza / No se pierde nada por esperar,unive3-t1h-1641,,T1h,15,,,"F,E,I"
156186,T1h,18,Consult with your pillow / Night brings counsel / Take counsel of your pillow / Die Nacht bringt Rat / De nocte consilium (Latin),unive3-t1h-1642,,T1h,18,,,E
156190,T1h,21,Time discloses all / Live and learn / Zeit bringt Rat / Tempus omnia revelant (Latin) / Le temps découvre la vérité / El tiempo lo descubre todo,unive3-t1h-1643,,T1h,21,,,"F,E"
156191,T1h,22,"Time will bring an answer / Time is the greatest innovator / Kommt Zeit, kommt Rat / Maximus novator tempus (Latin) / El tiempo todo lo puede",unive3-t1h-1644,,T1h,22,,,"F,E"
156192,T1h,23,With time and art the mulberry leafs grow to be satin / Zeit und Stroh macht die Aprikosen reif / Annus in apricis maturat collibus uvas (Latin) / Avec le temps et la paille les nèfles mûrissent,unive3-t1h-1645,,T1h,23,H5c,,"F,E,O"
156193,T1h,24,Time is a great healer,unive3-t1h-1646,,T1h,24,,,Ew
156195,T1h,26,Ripe fruit falls of itself trl. Chinese,unive3-t1h-1647,-i,T1h,26,,,"F,E,A,O"
156196,T1h,27,Time cures all things / Time heals all wounds / Zeit heilt alle Wunden / Temporis ars medicina fere est (Latin) / El tiempo todo lo cura,unive3-t1h-1648,,T1h,27,,,"F,E"
156198,T1h,29,Keep a thing seven years and you will find use for it,unive3-t1h-1649,,T1h,29,,,"F,E"
156203,T1i,10,"Slow and steady wins the race / Was lange währt, wird endlich gut / Tarde sed tute (Latin) / A camino largo paso corto",unive3-t1i-1650,,T1i,10,,M6c 13,G
156206,T1i,10d,Hasten slowly / Eile mit Weile / Hâte-toi lentement / Affrettati adagio,unive3-t1i-1651,,T1i,10d,,,"E,I,O"
156207,T1i,10e,"Dress slowly when you are in a hurry / Haste makes waste / More haste, less speed / Blinder Eifer schadet nur / Qui nimium properat, serius absoluit (Latin)/ Maggiore fretta, minore atto",unive3-t1i-1652,,T1i,10e,,,"F,E,O"
156216,T1j,11,A slow fire makes sweet meat,unive3-t1j-1653,G,T1j,11,M1a,,G
156217,T1j,12,"Slow but sure / Fair and softly goes far / Fuss vor Fuss geht man fern / Langsam, aber sicher / Tarde sed tute (Latin)",unive3-t1j-1654,,T1j,12,,,"F,E,A,I,P"
156226,T1j,20,"Easy come, easy go / Wie gewonnen, so zerronnen / Was mit der Flut kommt, geht mit der Ebbe wieder weg / Quel che vien di ruffa in raffa, se ne va di buffa in baffa",unive3-t1j-1655,,T1j,20,,T2a 36,G
156227,T1j,21,"Early ripe, early rotten / Hot love, soon cold / Bad reif hält nicht steif / Quod cito fit, cito perit (Latin)",unive3-t1j-1656,,T1j,21,,,G
156230,T1j,24,Rome was not build in a day/Rom ist nicht an einen Tag erbaut worden/Roma non fuit una die condita (Latin)/Paris n'a pas été bâti en un jour/En una hora no se ganó Zamora/Nie od razu Kraków zbudowano,unive3-t1j-1657,,T1j,24,,,"F,E,O"
156243,T1k,17,Haste makes waste,unive3-t1k-1658,G,T1k,17,,,G
156245,T1k,20,Nothing in haste but catching fleas / Nichts mit Hast als Flöhe fangen,unive3-t1k-1659,,T1k,20,,,"F,E,O"
156249,T1k,23b,"Marry in haste, repent at leasure / Quick choice, long repentance / Heirat in Eile bereut man in Weile / Chi si marita in fretta, stenta adagio",unive3-t1k-1660,,T1k,23b,,,E
156250,T1k,23c,"Hasty judgement leads to repentance / Schnell urteil hat Reue feil / Chi tosto giudica, tosto si pente",unive3-t1k-1661,,T1k,23c,,,"Ew,I"
156251,T1k,24,The hasty bitch brings forth blind whelps / Laufende Hündin gebiert blinde Jungen / Canis festinans caecos parit catulos (Latin) / La gata presurosa para los gatos ciegos,unive3-t1k-1662,,T1k,24,,,"F,E,I,O"
156263,T2a,10,No two days are alike,unive3-t2a-1663,-a,T2a,10,D1b,,"F,E,I,O"
156264,T2a,11,"Times change and we change with them / Other times, other cares /Tempora mutantur et nos mutamur in illis (Latin) / Altri tempi, altre cure",unive3-t2a-1664,,T2a,11,"D1b,C3c",,"F,E,A,I"
156265,T2a,12,"Other days, other ways / Andere Zeiten, andere Sitten / Mores secundum tempus (Latin) / Altri tempi, altri costumi",unive3-t2a-1665,,T2a,12,D1b,,E
156266,T2a,13,There is nothing permanent except change / Nichts ist dauernd als der Wechsel / Omnia mutantur (Latin),unive3-t2a-1666,,T2a,13,D1b,,E
156267,T2a,13b,The days follow each other but are not alike / Es ist nicht ein Tag wie der andere,unive3-t2a-1667,,T2a,13b,,,"E,A"
156269,T2a,15,Time flies / Die Zeit hat Flügel / Fugit inrevocabile tempus (Latin) / Il tempo fugge,unive3-t2a-1668,,T2a,15,D1b,,"E,O"
156276,T2a,19,"The world is a ladder for some to go up and some down / So geht es in der Welt, der eine steigt, der and're fällt / Omnium rerum, heus, vicissitudo est (Latin)",unive3-t2a-1669,,T2a,19,"D1b,B2c,D1a",,"Ew,A,O,P"
156277,T2a,20,"New lords, new laws / Neuer Herr, neues Recht / Novus rex, nova lex (Latin) / Nuovo principe, nuove usanze",unive3-t2a-1670,,T2a,20,D1b,T2b 10,"E,O"
156279,T2a,22,Every tide has its ebb,unive3-t2a-1671,G,T2a,22,"D1b,T3c",E1k 31,G
156281,T2a,23c,After annoy there comes joy / After a storm comes calm / Auf Regen folgt Sonnenschein / nube solet pulsa candidus ire dies (Latin),unive3-t2a-1672,,T2a,23c,,,"F,E,A,O"
156285,T2a,25,"Time undermines us / Time is a file that wears and makes no noise / Tout passe, tout casse, tout lasse",unive3-t2a-1673,,T2a,25,D1b,,"F,E"
156289,T2a,26b,Life is but an empty dream / Das Leben ist ein Traum / Pulvis et umbra sumus (Latin) / La vida es sueño,unive3-t2a-1674,,T2a,26b,T3c,,"E,A,O"
156297,T2a,35,"The last will be first, and the first last / Die Ersten werden die Letzten sein / Los primeros serán postreros",unive3-t2a-1675,,T2a,35,"D1b,B2c,T4c",,"E,P"
156301,T2b,10,New brooms sweep clean / Neue Besen kehren gut/ Scopae recentiores semper meliores (Latin),unive3-t2b-1676,,T2b,10,K1b,,G
156307,T2b,13,"New things are fair / Was neu ist, gefällt / Grata est novitas (Latin) / Tout nouveau, tout beau / Di novello, tutto è bello",unive3-t2b-1677,,T2b,13,,,E
156312,T2b,17b,"He complains wrongfully of the sea that suffers shipwreck twice / Improbe Neptunum accusat, qui iterum naugfragium facit (Latin) / Sin razón se queja del mar quien otra vez navega",unive3-t2b-1678,,T2b,17b,,,E
156313,T2b,18,"What is valuable is not new, and what is new is not valuable",unive3-t2b-1679,-o,T2b,18,,,"F,E,A,I"
156320,T2b,22,Don't throw away dirty water until you have not clean / No hay que tirar el agua sucia antes de tener la limpia,unive3-t2b-1680,,T2b,22,,E1e 11,"F,E,A,P"
156328,T2b,29,"Old friends and old wine are best /Forsake not an old friend, for the new is not comparable to him / Neue Freunde gewinnen, die alten nicht verlieren /",unive3-t2b-1681,,T2b,29,,,"E,I,O"
156331,T2c,10,There's nothing new under the sun / There is nothing new except what has been forgotten / Neues hat die Sonne nie gesehen / Nihil novi sub caelo (Latin) / Niente di nuovo sotto il sole,unive3-t2c-1682,,T2c,10,,,"E,I,O"
156332,T2c,11,History repeats itself / Gesichte widerholt sich / L'histoire se répète / La storia si ripete,unive3-t2c-1683,,T2c,11,,,E
156333,T2c,12,Nature does not make leaps / die Natur liebt keinen Sprung / Natura non facit saltus (Latin) / La naturaleza no procede por saltos,unive3-t2c-1684,,T2c,12,,,"Ew,Es"
156335,T2c,14,"Old wine in new skins / Alter Wein in neuen Schläuchen / A veccia mula, freno dorato",unive3-t2c-1685,,T2c,14,,,"Ew,Es,I"
156339,T2c,18,Take heed of enemies reconciled and of meat twice boiled /Afgewärmter Kohl war niemals gut,unive3-t2c-1686,,T2c,18,D1b,,"E,A"
156346,T3a,12,"Today a man, tomorrow a mouse / Anything is possible / Nihil, ante quam evenerit, non evenire posse arbitrari (Latin)",unive3-t3a-1687,,T3a,12,,,G
156349,T3a,14,Don't call a morsel fat before you've skinned the animal,unive3-t3a-1688,-i,T3a,14,,,"F,Ew,A,O"
156356,T3a,19,"If fortune favours, beware of being exalted; if fortune thunders, beware of being overwhelmed /Im Glück nicht jubeln, im Sturm nicht zagen/Si fortuna iuvat, caveto tolli, si fortuna tonat,caveto mergi",unive3-t3a-1689,,T3a,19,B2g,,"E,I"
156371,T3b,16,No day passes by without some grief,unive3-t3b-1690,G,T3b,16,,,"F,E,O"
156372,T3b,17,"No day passes without some grief / Anderer Tag, anderer Plag / Nulla dies maerore caret (Latin)",unive3-t3b-1691,,T3b,17,C3d,T1g 19,"F,E,A,I"
156378,T3b,24,Honour and ease are seldom bedfellows / Durch Gedränge zum Gepränge / Per aspera ad astra (Latin) / No es blando el camino del cielo,unive3-t3b-1692,,T3b,24,,,"E,I"
156381,T3b,27,"The bitter past, more welcome is the sweet (Shakespeare)",unive3-t3b-1693,G,T3b,27,,E1k 29c,G
156387,T3c,12,Time cures all things,unive3-t3c-1694,,T3c,12,T1h,,"F,Ew,Eb"
156397,T3c,15,After supper the reckoning,unive3-t3c-1695,,T3c,15,C2c,,Ew
156398,T3c,16,Every cloud has a silver lining / The darkest hour is nearest the dawn,unive3-t3c-1696,,T3c,16,,,"Ew,I"
156399,T3c,16b,There is no night so dark but that it is surmonted with the day,unive3-t3c-1697,,T3c,16b,A3b,T1g 14,"F,E,A,I"
156401,T3c,20,"If one door shuts, another will open / Wenn Gott eine Tür zumacht, macht er die andere auf / Pour un de perdu, dix de retrouvés / Uno perduto, dieci trovati",unive3-t3c-1698,,T3c,20,H4e,,G
156405,T3c,24,"You cannot make an omelette without breaking eggs / Man macht kein Eierkuchen, ohne Eier zu zerbrechen / Non si fanno frittate senza rompere le uova",unive3-t3c-1699,,T3c,24,"M6c,T4a",,"E,P"
156406,T3c,25,"Where there's life, there's hope / Der Lebende soll hoffen / Dum vita est, spes est (Latin)",unive3-t3c-1700,,T3c,25,,,G
156407,T3c,25b,Without hope the heart would break / Spes sola hominem in miseris solatur (Latin) / L'espérance est le pain du malhereux,unive3-t3c-1701,,T3c,25b,,,"Ew,Es"
156408,T3c,26,Hope is no mockery / Man lives by hope / Der Mensch lebt von der Hoffnung / Hoffnung lässt nicht zuschanden werden / L'espérance ne trompe point / L'espoir fait vivre,unive3-t3c-1702,,T3c,26,,,"F,E,A"
156412,T3c,29,"When the need is highest, help is nearest",unive3-t3c-1703,G,T3c,29,"B1b,B1e,B2e",,G
156415,T4a,11,Jeder Kuh ist früher ein Kalb gewesen / Ogni cosa vuol principio,unive3-t4a-1704,,T4a,11,,,E
156417,T4a,12,"If you want to touch the head, first touch the foot trl. Singhalese",unive3-t4a-1705,-i,T4a,12,K1j,,"F,Ew,A,O"
156421,T4a,13,All beginnings are hard / You must spoil before you spin / Omne initium difficile est (Latin) / Le tout c'est commencer,unive3-t4a-1706,,T4a,13,,,G
156422,T4a,14,It is only the first step that counts / The first step is the hardest / Der erste Schritt ist immer der Schwerste / Porta itinieri longissima (Latin) / Il primo scudo è il più difficile a fare,unive3-t4a-1707,,T4a,14,,,"E,I,O"
156429,T4b,11b,"The best step, the first step",unive3-t4b-1708,G,T4b,11b,,,Ew
156436,T4b,14,Well begun is half done / guter Anfang ist die halbe Arbeit / Bonum initium est dimidium facti (Latin),unive3-t4b-1709,,T4b,14,,,"F,E,O"
156440,T4b,17b,The first dish pleases all / Les premiers morceaux nuisent aux derniers / Il primo boccone è l'assassino,unive3-t4b-1710,,T4b,17b,"J1f,D4b",,"Ew,Es,I"
156441,T4b,18,It's the first impression that counts /Der erste Eindruck zählt / La prima impressione è quella giusta,unive3-t4b-1711,,T4b,18,,,"Ew,O"
156442,T4b,19,"Who loves well is slow to forget / Die erste Liebe ist die beste / Antiquus amor cancer est (Latin) / Quien bien ama, tarde se olvida",unive3-t4b-1712,,T4b,19,,,E
156447,T4c,11,Beware the rope's end / Bedenke das Ende /,unive3-t4c-1713,,T4c,11,,,E
156450,T4c,13,"All's well that ends well / In the end things will mend / Ende gut, alles gut / Jede Flut hat ihre Ebbe / La fin fait tout",unive3-t4c-1714,,T4c,13,T1f,,"F,E,I,O"
156454,T4c,15,"Always keep the end in view / Was du auch tust, bedenke das Ende / Dans tout ce que tu fais, considère la fin",unive3-t4c-1715,,T4c,15,,,E
156460,T4c,19,The end is the most difficult of all / The sting is in the tail / In cauda venenum (Latin) /Das Ende ist am Schwierigsten / Le venin est à la queue / La coda è la più difficile da scorticare,unive3-t4c-1716,,T4c,19,,,"E,I"
156463,T4c,22,"He laughs best who laughs last / Wer zuletzt lacht, lacht am besten / Ride bene chi ride l'ultimo",unive3-t4c-1717,,T4c,22,,,"F,E,A,I"
156465,T4c,24,"The nearer the bone, the sweeter the meat / Je näher dem Bein, desto süßer das Fleisch / Dulcior illa sapit caro, quae magis ossibus haeret (Latin) / La meilleure chair est sur les os",unive3-t4c-1718,,T4c,24,,,"F,E"
156473,T4d,09,"Such a beginning, such an end / Anfang und Ende reichen sich die Hände / Quale principium, talis et clausula (Latin) / Quien bien ata, bien desata",unive3-t4d-1719,,T4d,09,,,"F,E"
156476,T4d,12,"A bad beginning makes a worse ending / Böser Anfang, böses Ende / Chi comincia male, finisce peggio",unive3-t4d-1720,,T4d,12,C2b,,E
156477,T4d,13,"A good beginning makes a good ending / Guter Anfang, gutes Ende / Boni principii bonus finis (Latin) / A buen principio, buen fin",unive3-t4d-1721,G,T4d,13,"A3c,T3c",,G
156479,T4d,15,Everything has a beginning,unive3-t4d-1722,G,T4d,15,,,G
156488,T4e,11,Everything has an end / All good things come to an end / The best of friends must part / Même les meilleures choses ont une fin,unive3-t4e-1723,,T4e,11,"G8c,T3b",,"F,E,A,I"
156492,T4e,13,"Every day has its night, every weal its woe / Auch der längste Tag hat mal ein Ende",unive3-t4e-1724,,T4e,13,,,"F,Ew"
156494,T4e,14,"He that says 'A' must also say 'B' / Wer 'A' sagt, muss auch 'B' sagen",unive3-t4e-1725,,T4e,14,,,"F,E"
156501,T4e,19,Jamais deux sans trois,unive3-t4e-1726,,T4e,19,"M1b,M1f",,"F,E,I,O"
156502,T4e,20,All good things go in threes / The third time's lucky / Die Drei ist eine heilige Zahl / Le troisième coup fait mouche,unive3-t4e-1727,,T4e,20,,H5g 15,"F,E,I,O"
156503,T4e,21,"Who can do more can do less / Kommt man über den Hund, kommt man auch über den Schwanz / Qui fait un pot, fait bien une poêle / Quien puede lo más, puede lo menos",unive3-t4e-1728,,T4e,21,,,"F,E"
