cluster_id,claim,coverage,support,wisdom_score,cultures,examples,attestation_support,theme
12,"While the grass grows, the horse starves.",7,2,7.6,"Eastern Europe, Europe (general), Finnish and Baltic Sea cultures, Islamic cultures, Older Asiatic cultures (Kuusi), Sub-Saharan Africa, Western Europe and the Americas","{'Eastern Europe': 'While the grass grows, the horse starves', 'Europe (general)': 'While the grass is growing the steed starves', 'Finnish and Baltic Sea cultures': 'While the grass grows, the horse starves', 'Islamic cultures': 'While the grass is growing the steed starves', 'Older Asiatic cultures (Kuusi)': 'While the grass is growing the steed starves', 'Sub-Saharan Africa': 'While the grass grows, the horse starves', 'Western Europe and the Americas': 'While the grass grows, the horse starves'}",8,Fate / Fortune / Opportunity
1,Seeing is believing.,6,4,7.2,"Eastern Europe, Europe (general), Finnish and Baltic Sea cultures, Islamic cultures, Sub-Saharan Africa, Western Europe and the Americas","{'Eastern Europe': 'Seeing is believing; feeling is the naked truth', 'Europe (general)': 'Seeing is believing; feeling is the naked truth', 'Finnish and Baltic Sea cultures': 'Seeing is believing; feeling is the naked truth', 'Islamic cultures': 'Seeing is believing', 'Sub-Saharan Africa': 'Seeing is believing; feeling is the naked truth', 'Western Europe and the Americas': 'Seeing is believing; feeling is the naked truth'}",10,Trust / Honesty / Deception
59,"Love me, love my dog.",6,2,6.6,"Europe (general), Finnish and Baltic Sea cultures, Islamic cultures, Older Asiatic cultures (Kuusi), Southern Europe, Western Europe and the Americas","{'Europe (general)': 'Love me, love my dog', 'Finnish and Baltic Sea cultures': 'Love me, love my dog', 'Islamic cultures': 'Love me, love my dog', 'Older Asiatic cultures (Kuusi)': 'Love me, love my dog', 'Southern Europe': 'Love me, love my dog', 'Western Europe and the Americas': 'Love me, love my dog'}",7,Other
63,Better A good neighbour at hand than a brother far away.,6,2,6.6,"Europe (general), Finnish and Baltic Sea cultures, Islamic cultures, Older Asiatic cultures (Kuusi), Sub-Saharan Africa, Western Europe and the Americas","{'Europe (general)': 'Better is a neighbour that is near than a brother far off', 'Finnish and Baltic Sea cultures': 'Better is a neighbour that is near than a brother far off', 'Islamic cultures': 'Better is a neighbour that is near than a brother far off', 'Older Asiatic cultures (Kuusi)': 'A good neighbour at hand is better than a brother far away', 'Sub-Saharan Africa': 'A good neighbour at hand is better than a brother far away', 'Western Europe and the Americas': 'A good neighbour at hand is better than a brother far away'}",7,Cooperation / Social Support
70,Quick at meal quick work.,6,2,6.6,"Eastern Europe, Europe (general), Finnish and Baltic Sea cultures, Northern Europe, Older Asiatic cultures (Kuusi), Sub-Saharan Africa","{'Eastern Europe': 'Quick at meal quick work', 'Europe (general)': 'Quick at meat, quick at work', 'Finnish and Baltic Sea cultures': 'Quick at meat, quick at work', 'Northern Europe': 'Quick at meal quick work', 'Older Asiatic cultures (Kuusi)': 'Quick at meat, quick at work', 'Sub-Saharan Africa': 'Quick at meat, quick at work'}",9,Effort / Time / Persistence
75,What the heart thinks the tongue speaks.,6,2,6.6,"Europe (general), Finnish and Baltic Sea cultures, Global type (Kuusi), Older Asiatic cultures (Kuusi), Pacific area, Sub-Saharan Africa","{'Europe (general)': 'What the heart thinks the tongue speaks', 'Finnish and Baltic Sea cultures': 'What the heart thinks the tongue speaks', 'Global type (Kuusi)': 'What the heart thinks, the mouth speaks', 'Older Asiatic cultures (Kuusi)': 'What the heart thinks the tongue speaks', 'Pacific area': 'What the heart thinks the tongue speaks', 'Sub-Saharan Africa': 'What the heart thinks the tongue speaks'}",6,Knowledge / Speech / Silence
90,Action speaks louder than words.,6,2,6.6,"Eastern Europe, Europe (general), Finnish and Baltic Sea cultures, Islamic cultures, Older Asiatic cultures (Kuusi), Western Europe and the Americas","{'Eastern Europe': 'Action speaks louder than words', 'Europe (general)': 'Actions speak louder than words', 'Finnish and Baltic Sea cultures': 'Actions speak louder than words', 'Islamic cultures': 'Action speaks louder than words', 'Older Asiatic cultures (Kuusi)': 'Action speaks louder than words', 'Western Europe and the Americas': 'Action speaks louder than words'}",6,Knowledge / Speech / Silence
127,"Play, women and wine undo men laughing.",6,2,6.6,"Europe (general), Finnish and Baltic Sea cultures, Islamic cultures, Older Asiatic cultures (Kuusi), Southern Europe, Western Europe and the Americas","{'Europe (general)': 'Play, women and wine undo men laughing', 'Finnish and Baltic Sea cultures': 'Play, women and wine undo men laughing', 'Islamic cultures': 'Play, women and wine undo men laughing', 'Older Asiatic cultures (Kuusi)': 'Play, women and wine undo men laughing', 'Southern Europe': 'Play, women and wine undo men laughing', 'Western Europe and the Americas': 'Play, women and wine undo men laughing'}",7,Other
4,"As the question, so the answer.",5,3,5.9,"Europe (general), Finnish and Baltic Sea cultures, Islamic cultures, Older Asiatic cultures (Kuusi), Western Europe and the Americas","{'Europe (general)': 'A stupid question deserves no answer', 'Finnish and Baltic Sea cultures': 'As the question, so the answer', 'Islamic cultures': 'As the question, so the answer', 'Older Asiatic cultures (Kuusi)': 'As the question, so the answer', 'Western Europe and the Americas': 'As the question, so the answer'}",6,Other
3,A thousand years hence the river will run as it did.,5,2,5.6,"Europe (general), Finnish and Baltic Sea cultures, Older Asiatic cultures (Kuusi), Sub-Saharan Africa, Western Europe and the Americas","{'Europe (general)': 'It will be all the same a thousand years hence', 'Finnish and Baltic Sea cultures': 'It will be all the same a thousand years hence', 'Older Asiatic cultures (Kuusi)': 'It will be all the same a thousand years hence', 'Sub-Saharan Africa': 'It will be all the same a thousand years hence', 'Western Europe and the Americas': 'A thousand years hence the river will run as it did'}",6,Other
6,God's mill grinds slow but sure.,5,2,5.6,"Europe (general), Finnish and Baltic Sea cultures, Islamic cultures, Pacific area, Sub-Saharan Africa","{'Europe (general)': ""God's mill grinds slow but sure"", 'Finnish and Baltic Sea cultures': ""God's mill grinds slow but sure"", 'Islamic cultures': ""God's mill grinds slow but sure"", 'Pacific area': 'Slow but sure', 'Sub-Saharan Africa': 'Slow but sure'}",8,Prudence / Risk & Uncertainty
11,Better an egg today than a hen tomorrow.,5,2,5.6,"Europe (general), Finnish and Baltic Sea cultures, Global type (Kuusi), Islamic cultures, Older Asiatic cultures (Kuusi)","{'Europe (general)': 'Better an egg today than a hen tomorrow', 'Finnish and Baltic Sea cultures': 'Better an egg today than a hen tomorrow', 'Global type (Kuusi)': 'I today, you tomorrow', 'Islamic cultures': 'Better an egg today than a hen tomorrow', 'Older Asiatic cultures (Kuusi)': 'Better an egg today than a hen tomorrow'}",5,Other
27,"Love and a cough (smoke, an itch) cannot be hid.",5,2,5.6,"Europe (general), Finnish and Baltic Sea cultures, Islamic cultures, Older Asiatic cultures (Kuusi), Western Europe and the Americas","{'Europe (general)': 'Love and a cough (smoke, an itch) cannot be hid', 'Finnish and Baltic Sea cultures': 'Love and a cough (smoke, an itch) cannot be hid', 'Islamic cultures': 'Love and a cough (smoke, an itch) cannot be hid', 'Older Asiatic cultures (Kuusi)': 'Love and a cough (smoke, an itch) cannot be hid', 'Western Europe and the Americas': 'Love, cough and itch cannot be hid'}",5,Other
35,Time and tide wait for no man.,5,2,5.6,"Europe (general), Finnish and Baltic Sea cultures, Islamic cultures, Older Asiatic cultures (Kuusi), Sub-Saharan Africa","{'Europe (general)': 'Time and tide wait for no man', 'Finnish and Baltic Sea cultures': 'Time and tide wait for no man', 'Islamic cultures': 'Time and tide wait for no man', 'Older Asiatic cultures (Kuusi)': 'Time and tide wait for no man', 'Sub-Saharan Africa': 'Time and tide wait for no man'}",7,Effort / Time / Persistence
36,Older and wiser.,5,2,5.6,"Europe (general), Finnish and Baltic Sea cultures, Islamic cultures, Older Asiatic cultures (Kuusi), Sub-Saharan Africa","{'Europe (general)': 'The older the wiser', 'Finnish and Baltic Sea cultures': 'The older the wiser', 'Islamic cultures': 'The older the wiser', 'Older Asiatic cultures (Kuusi)': 'Older and wiser', 'Sub-Saharan Africa': 'Older and wiser'}",7,Other
45,Death pays all debts.,5,2,5.6,"Europe (general), Finnish and Baltic Sea cultures, Older Asiatic cultures (Kuusi), The Balkans, Western Europe and the Americas","{'Europe (general)': 'Death pays all debts', 'Finnish and Baltic Sea cultures': 'Death pays all debts', 'Older Asiatic cultures (Kuusi)': 'Death pays all debts', 'The Balkans': 'Death pays all debts', 'Western Europe and the Americas': 'Death pays all debts'}",6,Other
49,Better an egg in peace than an ox in war.,5,2,5.6,"Eastern Europe, Europe (general), Finnish and Baltic Sea cultures, Islamic cultures, Older Asiatic cultures (Kuusi)","{'Eastern Europe': 'Better an egg in peace than an ox in war', 'Europe (general)': 'Better an egg in peace than an ox in war', 'Finnish and Baltic Sea cultures': 'Better an egg in peace than an ox in war', 'Islamic cultures': 'Better an egg in peace than an ox in war', 'Older Asiatic cultures (Kuusi)': 'Better an egg in peace than an ox in war'}",6,Other
56,A word spoken is an arrow let fly.,5,2,5.6,"Europe (general), Finnish and Baltic Sea cultures, Global type (Kuusi), Islamic cultures, Older Asiatic cultures (Kuusi)","{'Europe (general)': 'A word spoken is an arrow let fly', 'Finnish and Baltic Sea cultures': 'A word spoken is an arrow let fly', 'Global type (Kuusi)': 'A word spoken is an arrow let fly', 'Islamic cultures': 'A word spoken is an arrow let fly', 'Older Asiatic cultures (Kuusi)': 'A word spoken is an arrow let fly'}",5,Knowledge / Speech / Silence
64,"Who breaks, pays.",5,2,5.6,"Europe (general), Finnish and Baltic Sea cultures, Islamic cultures, Older Asiatic cultures (Kuusi), Sub-Saharan Africa","{'Europe (general)': 'Who breaks, pays', 'Finnish and Baltic Sea cultures': 'Who breaks, pays', 'Islamic cultures': 'Who breaks, pays', 'Older Asiatic cultures (Kuusi)': 'Who breaks, pays', 'Sub-Saharan Africa': 'Who breaks, pays'}",6,Other
77,Few words are best.,5,2,5.6,"Europe (general), Finnish and Baltic Sea cultures, Global type (Kuusi), Islamic cultures, Older Asiatic cultures (Kuusi)","{'Europe (general)': 'Few words are best', 'Finnish and Baltic Sea cultures': 'Few words are best', 'Global type (Kuusi)': 'Few words are best', 'Islamic cultures': 'Few words are best', 'Older Asiatic cultures (Kuusi)': 'Few words are best'}",5,Knowledge / Speech / Silence
81,No pains no gains.,5,2,5.6,"Europe (general), Finnish and Baltic Sea cultures, Older Asiatic cultures (Kuusi), The Balkans, Western Europe and the Americas","{'Europe (general)': 'No pains, no gains', 'Finnish and Baltic Sea cultures': 'No pains, no gains', 'Older Asiatic cultures (Kuusi)': 'No pains no gains', 'The Balkans': 'No pains no gains', 'Western Europe and the Americas': 'No pains no gains'}",5,Other
83,No day passes by without some grief.,5,2,5.6,"Europe (general), Finnish and Baltic Sea cultures, Islamic cultures, Older Asiatic cultures (Kuusi), Sub-Saharan Africa","{'Europe (general)': 'No day passes by without some grief', 'Finnish and Baltic Sea cultures': 'No day passes by without some grief', 'Islamic cultures': 'No day passes without some grief', 'Older Asiatic cultures (Kuusi)': 'No day passes by without some grief', 'Sub-Saharan Africa': 'No day passes without some grief'}",7,Other
89,What is a workman without his tools?,5,2,5.6,"Europe (general), Finnish and Baltic Sea cultures, Islamic cultures, Older Asiatic cultures (Kuusi), Pacific area","{'Europe (general)': 'What is a workman without his tools?', 'Finnish and Baltic Sea cultures': 'What is a workman without his tools?', 'Islamic cultures': 'What is a workman without his tools?', 'Older Asiatic cultures (Kuusi)': 'What is a workman without his tools?', 'Pacific area': 'What is a workman without his tools?'}",7,Effort / Time / Persistence
96,Ill weeds grow apace.,5,2,5.6,"Europe (general), Finnish and Baltic Sea cultures, Islamic cultures, Older Asiatic cultures (Kuusi), Sub-Saharan Africa","{'Europe (general)': 'Ill weeds grow apace', 'Finnish and Baltic Sea cultures': 'Ill weeds grow apace', 'Islamic cultures': 'Ill weeds grow apace', 'Older Asiatic cultures (Kuusi)': 'Ill weeds grow apace', 'Sub-Saharan Africa': 'Ill weeds grow apace'}",7,Other
125,Death makes equal the high and low.,5,2,5.6,"Europe (general), Finnish and Baltic Sea cultures, Islamic cultures, Older Asiatic cultures (Kuusi), Sub-Saharan Africa","{'Europe (general)': 'Death makes equal the high and low', 'Finnish and Baltic Sea cultures': 'Death makes equal the high and low', 'Islamic cultures': 'Death makes equal the high and low', 'Older Asiatic cultures (Kuusi)': 'Death makes equal the high and low', 'Sub-Saharan Africa': 'Death makes equal the high and low'}",6,Other
130,Only what one has eaten is one's own.,5,1,5.3,"Finnish and Baltic Sea cultures, Older Asiatic cultures (Kuusi), Pacific area, Sub-Saharan Africa, Western Europe and the Americas","{'Finnish and Baltic Sea cultures': ""Only what one has eaten is one's own"", 'Older Asiatic cultures (Kuusi)': ""Only what one has eaten is one's own"", 'Pacific area': ""Only what one has eaten is one's own"", 'Sub-Saharan Africa': ""Only what one has eaten is one's own"", 'Western Europe and the Americas': ""Only what one has eaten is one's own""}",5,Other
143,"If you take care of the soil, then the soil will take care of you.",5,1,5.3,"Eastern Europe, Finnish and Baltic Sea cultures, Older Asiatic cultures (Kuusi), Sub-Saharan Africa, Western Europe and the Americas","{'Eastern Europe': 'If you take care of the soil, the soil will take care of you', 'Finnish and Baltic Sea cultures': 'If you take care of the soil, the soil will take care of you', 'Older Asiatic cultures (Kuusi)': 'If you take care of the soil, the soil will take care of you', 'Sub-Saharan Africa': 'If you take care of the soil, the soil will take care of you', 'Western Europe and the Americas': 'If you take care of the soil, the soil will take care of you'}",5,Other
247,To quake at work and sweat at meals.,5,1,5.3,"Eastern Europe, Finnish and Baltic Sea cultures, Islamic cultures, Sub-Saharan Africa, Western Europe and the Americas","{'Eastern Europe': 'To quake at work and sweat at meals', 'Finnish and Baltic Sea cultures': 'To quake at work and sweat at meals', 'Islamic cultures': 'To quake at work and sweat at meals', 'Sub-Saharan Africa': 'To quake at work and sweat at meals', 'Western Europe and the Americas': 'To quake at work and sweat at meals'}",5,Effort / Time / Persistence
312,Avoid argue against one who is greater than you.,5,1,5.3,"Finnish and Baltic Sea cultures, Islamic cultures, Older Asiatic cultures (Kuusi), Southern Europe, Sub-Saharan Africa","{'Finnish and Baltic Sea cultures': 'Never argue against one who is greater than you', 'Islamic cultures': 'Never argue against one who is greater than you', 'Older Asiatic cultures (Kuusi)': 'Never argue against one who is greater than you', 'Southern Europe': 'Never argue against one who is greater than you', 'Sub-Saharan Africa': 'Never argue against one who is greater than you'}",5,Prudence / Risk & Uncertainty
346,One swallow makes no summer.,5,1,5.3,"Europe (general), Finnish and Baltic Sea cultures, Islamic cultures, Older Asiatic cultures (Kuusi), Pacific area","{'Europe (general)': 'One swallow makes no summer', 'Finnish and Baltic Sea cultures': 'One swallow makes no summer', 'Islamic cultures': 'One swallow makes no summer', 'Older Asiatic cultures (Kuusi)': 'One swallow makes no summer', 'Pacific area': 'One swallow makes no summer'}",5,Other
348,"One cheek is bloody, the other greasy.",5,1,5.3,"Eastern Europe, Finnish and Baltic Sea cultures, Older Asiatic cultures (Kuusi), Sub-Saharan Africa, Western Europe and the Americas","{'Eastern Europe': 'One cheek is bloody, the other greasy', 'Finnish and Baltic Sea cultures': 'One cheek is bloody, the other greasy', 'Older Asiatic cultures (Kuusi)': 'One cheek is bloody, the other greasy', 'Sub-Saharan Africa': 'One cheek is bloody, the other greasy', 'Western Europe and the Americas': 'One cheek is bloody, the other greasy'}",5,Family / Kinship / Obligation
358,Discretion is the better part of valour.,5,1,5.3,"Finnish and Baltic Sea cultures, Older Asiatic cultures (Kuusi), Southern Europe, Sub-Saharan Africa, Western Europe and the Americas","{'Finnish and Baltic Sea cultures': 'Discretion is the better part of valour', 'Older Asiatic cultures (Kuusi)': 'Discretion is the better part of valour', 'Southern Europe': 'Discretion is the better part of valour', 'Sub-Saharan Africa': 'Discretion is the better part of valour', 'Western Europe and the Americas': 'Discretion is the better part of valour'}",5,Other
454,"He who seeks, finds.",5,1,5.3,"Europe (general), Finnish and Baltic Sea cultures, Islamic cultures, Older Asiatic cultures (Kuusi), Pacific area","{'Europe (general)': 'He who seeks, finds', 'Finnish and Baltic Sea cultures': 'He who seeks, finds', 'Islamic cultures': 'He who seeks, finds', 'Older Asiatic cultures (Kuusi)': 'He who seeks, finds', 'Pacific area': 'He who seeks, finds'}",5,Other
484,Sloth is the mother of poverty.,5,1,5.3,"Finnish and Baltic Sea cultures, Older Asiatic cultures (Kuusi), Southern Europe, Sub-Saharan Africa, Western Europe and the Americas","{'Finnish and Baltic Sea cultures': 'Sloth is the mother of poverty', 'Older Asiatic cultures (Kuusi)': 'Sloth is the mother of poverty', 'Southern Europe': 'Sloth is the mother of poverty', 'Sub-Saharan Africa': 'Sloth is the mother of poverty', 'Western Europe and the Americas': 'Sloth is the mother of poverty'}",5,Family / Kinship / Obligation
511,"Travel makes a wise man better, but a fool worse.",5,1,5.3,"Eastern Europe, Finnish and Baltic Sea cultures, Islamic cultures, Northern Europe, Sub-Saharan Africa","{'Eastern Europe': 'Travel makes a wise man better, but a fool worse', 'Finnish and Baltic Sea cultures': 'Travel makes a wise man better, but a fool worse', 'Islamic cultures': 'Travel makes a wise man better, but a fool worse', 'Northern Europe': 'Travel makes a wise man better, but a fool worse', 'Sub-Saharan Africa': 'Travel makes a wise man better, but a fool worse'}",5,Other
532,Safety first.,5,1,5.3,"Eastern Europe, Finnish and Baltic Sea cultures, Older Asiatic cultures (Kuusi), Sub-Saharan Africa, Western Europe and the Americas","{'Eastern Europe': 'Safety first', 'Finnish and Baltic Sea cultures': 'Safety first', 'Older Asiatic cultures (Kuusi)': 'Safety first', 'Sub-Saharan Africa': 'Safety first', 'Western Europe and the Americas': 'Safety first'}",5,Other
540,That is true which stands the flame.,5,1,5.3,"Europe (general), Finnish and Baltic Sea cultures, Islamic cultures, Older Asiatic cultures (Kuusi), Pacific area","{'Europe (general)': 'That is true which stands the flame', 'Finnish and Baltic Sea cultures': 'That is true which stands the flame', 'Islamic cultures': 'That is true which stands the flame', 'Older Asiatic cultures (Kuusi)': 'That is true which stands the flame', 'Pacific area': 'That is true which stands the flame'}",5,Other
552,He who spits towards the sky gets it back into his own face.,5,1,5.3,"Europe (general), Finnish and Baltic Sea cultures, Islamic cultures, Older Asiatic cultures (Kuusi), Pacific area","{'Europe (general)': 'He who spits towards the sky gets it back into his own face', 'Finnish and Baltic Sea cultures': 'He who spits towards the sky gets it back into his own face', 'Islamic cultures': 'He who spits towards the sky gets it back into his own face', 'Older Asiatic cultures (Kuusi)': 'He who spits towards the sky gets it back into his own face', 'Pacific area': 'He who spits towards the sky gets it back into his own face'}",5,Other
604,All lay load on the willing horse.,5,1,5.3,"Europe (general), Finnish and Baltic Sea cultures, Islamic cultures, Older Asiatic cultures (Kuusi), Pacific area","{'Europe (general)': 'All lay load on the willing horse', 'Finnish and Baltic Sea cultures': 'All lay load on the willing horse', 'Islamic cultures': 'All lay load on the willing horse', 'Older Asiatic cultures (Kuusi)': 'All lay load on the willing horse', 'Pacific area': 'All lay load on the willing horse'}",5,Other
621,A bribe enters without knocking.,5,1,5.3,"Europe (general), Finnish and Baltic Sea cultures, Islamic cultures, Older Asiatic cultures (Kuusi), Pacific area","{'Europe (general)': 'A bribe enters without knocking', 'Finnish and Baltic Sea cultures': 'A bribe enters without knocking', 'Islamic cultures': 'A bribe enters without knocking', 'Older Asiatic cultures (Kuusi)': 'A bribe enters without knocking', 'Pacific area': 'A bribe enters without knocking'}",5,Family / Kinship / Obligation
679,A rat who gnaws at a cat's tail invites destruction.,5,1,5.3,"Eastern Europe, Finnish and Baltic Sea cultures, Islamic cultures, Northern Europe, Older Asiatic cultures (Kuusi)","{'Eastern Europe': ""A rat who gnaws at a cat's tail invites destruction"", 'Finnish and Baltic Sea cultures': ""A rat who gnaws at a cat's tail invites destruction"", 'Islamic cultures': ""A rat who gnaws at a cat's tail invites destruction"", 'Northern Europe': ""A rat who gnaws at a cat's tail invites destruction"", 'Older Asiatic cultures (Kuusi)': ""A rat who gnaws at a cat's tail invites destruction""}",5,Other
697,"A diamond is valuable, though it lie on a dunghill.",5,1,5.3,"Europe (general), Finnish and Baltic Sea cultures, Islamic cultures, Older Asiatic cultures (Kuusi), Pacific area","{'Europe (general)': 'A diamond is valuable, though it lie on a dunghill', 'Finnish and Baltic Sea cultures': 'A diamond is valuable, though it lie on a dunghill', 'Islamic cultures': 'A diamond is valuable, though it lie on a dunghill', 'Older Asiatic cultures (Kuusi)': 'A diamond is valuable, though it lie on a dunghill', 'Pacific area': 'A diamond is valuable, though it lie on a dunghill'}",5,Trust / Honesty / Deception
707,The tongue kills man and the tongue saves man.,5,1,5.3,"Eastern Europe, Finnish and Baltic Sea cultures, Older Asiatic cultures (Kuusi), Southern Europe, Sub-Saharan Africa","{'Eastern Europe': 'The tongue kills man and the tongue saves man', 'Finnish and Baltic Sea cultures': 'The tongue kills man and the tongue saves man', 'Older Asiatic cultures (Kuusi)': 'The tongue kills man and the tongue saves man', 'Southern Europe': 'The tongue kills man and the tongue saves man', 'Sub-Saharan Africa': 'The tongue kills man and the tongue saves man'}",5,Knowledge / Speech / Silence
751,"A dog will not cry, if you beat him with a bone.",5,1,5.3,"Eastern Europe, Finnish and Baltic Sea cultures, Northern Europe, Older Asiatic cultures (Kuusi), Sub-Saharan Africa","{'Eastern Europe': 'A dog will not cry, if you beat him with a bone', 'Finnish and Baltic Sea cultures': 'A dog will not cry, if you beat him with a bone', 'Northern Europe': 'A dog will not cry, if you beat him with a bone', 'Older Asiatic cultures (Kuusi)': 'A dog will not cry, if you beat him with a bone', 'Sub-Saharan Africa': 'A dog will not cry, if you beat him with a bone'}",5,Other
782,You must learn to creep before you go.,5,1,5.3,"Finnish and Baltic Sea cultures, Islamic cultures, Pacific area, Sub-Saharan Africa, Western Europe and the Americas","{'Finnish and Baltic Sea cultures': 'You must learn to creep before you go', 'Islamic cultures': 'You must learn to creep before you go', 'Pacific area': 'You must learn to creep before you go', 'Sub-Saharan Africa': 'You must learn to creep before you go', 'Western Europe and the Americas': 'You must learn to creep before you go'}",5,Knowledge / Speech / Silence
814,It does not become the sparrow to mix in the dance of the cranes.,5,1,5.3,"Finnish and Baltic Sea cultures, Older Asiatic cultures (Kuusi), Pacific area, Sub-Saharan Africa, Western Europe and the Americas","{'Finnish and Baltic Sea cultures': 'It does not become the sparrow to mix in the dance of the cranes', 'Older Asiatic cultures (Kuusi)': 'It does not become the sparrow to mix in the dance of the cranes', 'Pacific area': 'It does not become the sparrow to mix in the dance of the cranes', 'Sub-Saharan Africa': 'It does not become the sparrow to mix in the dance of the cranes', 'Western Europe and the Americas': 'It does not become the sparrow to mix in the dance of the cranes'}",5,Other
845,There is more than one ass at the fair called Martin.,5,1,5.3,"Europe (general), Finnish and Baltic Sea cultures, Older Asiatic cultures (Kuusi), Pacific area, Sub-Saharan Africa","{'Europe (general)': 'There is more than one ass at the fair called Martin', 'Finnish and Baltic Sea cultures': 'There is more than one ass at the fair called Martin', 'Older Asiatic cultures (Kuusi)': 'There is more than one ass at the fair called Martin', 'Pacific area': 'There is more than one ass at the fair called Martin', 'Sub-Saharan Africa': 'There is more than one ass at the fair called Martin'}",5,Other
857,The life of man is as spotted as woodpecker's coat.,5,1,5.3,"Eastern Europe, Finnish and Baltic Sea cultures, Islamic cultures, Older Asiatic cultures (Kuusi), Western Europe and the Americas","{'Eastern Europe': ""The life of man is as spotted as woodpecker's coat"", 'Finnish and Baltic Sea cultures': ""The life of man is as spotted as woodpecker's coat"", 'Islamic cultures': ""The life of man is as spotted as woodpecker's coat"", 'Older Asiatic cultures (Kuusi)': ""The life of man is as spotted as woodpecker's coat"", 'Western Europe and the Americas': ""The life of man is as spotted as woodpecker's coat""}",5,Other
872,One is not so soon healed as hurt.,5,1,5.3,"Eastern Europe, Finnish and Baltic Sea cultures, Older Asiatic cultures (Kuusi), Sub-Saharan Africa, Western Europe and the Americas","{'Eastern Europe': 'One is not so soon healed as hurt', 'Finnish and Baltic Sea cultures': 'One is not so soon healed as hurt', 'Older Asiatic cultures (Kuusi)': 'One is not so soon healed as hurt', 'Sub-Saharan Africa': 'One is not so soon healed as hurt', 'Western Europe and the Americas': 'One is not so soon healed as hurt'}",5,Other
882,A man pleads anothers's cause with a stick.,5,1,5.3,"Eastern Europe, Finnish and Baltic Sea cultures, Islamic cultures, Northern Europe, Sub-Saharan Africa","{'Eastern Europe': ""A man pleads anothers's cause with a stick"", 'Finnish and Baltic Sea cultures': ""A man pleads anothers's cause with a stick"", 'Islamic cultures': ""A man pleads anothers's cause with a stick"", 'Northern Europe': ""A man pleads anothers's cause with a stick"", 'Sub-Saharan Africa': ""A man pleads anothers's cause with a stick""}",5,Other
883,When anyone has learnt to steal he must also learn to hang.,5,1,5.3,"Eastern Europe, Finnish and Baltic Sea cultures, Older Asiatic cultures (Kuusi), Sub-Saharan Africa, Western Europe and the Americas","{'Eastern Europe': 'When anyone has learnt to steal he must also learn to hang', 'Finnish and Baltic Sea cultures': 'When anyone has learnt to steal he must also learn to hang', 'Older Asiatic cultures (Kuusi)': 'When anyone has learnt to steal he must also learn to hang', 'Sub-Saharan Africa': 'When anyone has learnt to steal he must also learn to hang', 'Western Europe and the Americas': 'When anyone has learnt to steal he must also learn to hang'}",5,Knowledge / Speech / Silence
889,Lazy youth makes lousy age.,5,1,5.3,"Europe (general), Finnish and Baltic Sea cultures, Islamic cultures, Older Asiatic cultures (Kuusi), Pacific area","{'Europe (general)': 'Lazy youth makes lousy age', 'Finnish and Baltic Sea cultures': 'Lazy youth makes lousy age', 'Islamic cultures': 'Lazy youth makes lousy age', 'Older Asiatic cultures (Kuusi)': 'Lazy youth makes lousy age', 'Pacific area': 'Lazy youth makes lousy age'}",5,Other
893,Strech your legs according to your coverlet.,5,1,5.3,"Europe (general), Finnish and Baltic Sea cultures, Islamic cultures, Older Asiatic cultures (Kuusi), Pacific area","{'Europe (general)': 'Strech your legs according to your coverlet', 'Finnish and Baltic Sea cultures': 'Strech your legs according to your coverlet', 'Islamic cultures': 'Strech your legs according to your coverlet', 'Older Asiatic cultures (Kuusi)': 'Strech your legs according to your coverlet', 'Pacific area': 'Strech your legs according to your coverlet'}",5,Other
897,What matters if we drink milk in a dream out of bellmetal or gold?,5,1,5.3,"Europe (general), Finnish and Baltic Sea cultures, Older Asiatic cultures (Kuusi), Pacific area, Sub-Saharan Africa","{'Europe (general)': 'What matters if we drink milk in a dream out of bellmetal or gold?', 'Finnish and Baltic Sea cultures': 'What matters if we drink milk in a dream out of bellmetal or gold?', 'Older Asiatic cultures (Kuusi)': 'What matters if we drink milk in a dream out of bellmetal or gold?', 'Pacific area': 'What matters if we drink milk in a dream out of bellmetal or gold?', 'Sub-Saharan Africa': 'What matters if we drink milk in a dream out of bellmetal or gold?'}",5,Other
937,Baghdad is not remote to a lover.,5,1,5.3,"Eastern Europe, Finnish and Baltic Sea cultures, Older Asiatic cultures (Kuusi), Sub-Saharan Africa, Western Europe and the Americas","{'Eastern Europe': 'Baghdad is not remote to a lover', 'Finnish and Baltic Sea cultures': 'Baghdad is not remote to a lover', 'Older Asiatic cultures (Kuusi)': 'Baghdad is not remote to a lover', 'Sub-Saharan Africa': 'Baghdad is not remote to a lover', 'Western Europe and the Americas': 'Baghdad is not remote to a lover'}",5,Other
960,Absence makes the heart grow fonder.,5,1,5.3,"Eastern Europe, Finnish and Baltic Sea cultures, Northern Europe, Older Asiatic cultures (Kuusi), Sub-Saharan Africa","{'Eastern Europe': 'Absence makes the heart grow fonder', 'Finnish and Baltic Sea cultures': 'Absence makes the heart grow fonder', 'Northern Europe': 'Absence makes the heart grow fonder', 'Older Asiatic cultures (Kuusi)': 'Absence makes the heart grow fonder', 'Sub-Saharan Africa': 'Absence makes the heart grow fonder'}",5,Other
982,What's got over the devil's back is bent under his belly.,5,1,5.3,"Europe (general), Finnish and Baltic Sea cultures, Islamic cultures, Pacific area, Sub-Saharan Africa","{'Europe (general)': ""What's got over the devil's back is bent under his belly"", 'Finnish and Baltic Sea cultures': ""What's got over the devil's back is bent under his belly"", 'Islamic cultures': ""What's got over the devil's back is bent under his belly"", 'Pacific area': ""What's got over the devil's back is bent under his belly"", 'Sub-Saharan Africa': ""What's got over the devil's back is bent under his belly""}",5,Other
1111,From a little seed may spring a great stock.,5,1,5.3,"Eastern Europe, Finnish and Baltic Sea cultures, Islamic cultures, Pacific area, Sub-Saharan Africa","{'Eastern Europe': 'From a little seed may spring a great stock', 'Finnish and Baltic Sea cultures': 'From a little seed may spring a great stock', 'Islamic cultures': 'From a little seed may spring a great stock', 'Pacific area': 'From a little seed may spring a great stock', 'Sub-Saharan Africa': 'From a little seed may spring a great stock'}",5,Other
1135,"A blind man may, by fortune, catch a hare.",5,1,5.3,"Eastern Europe, Finnish and Baltic Sea cultures, Older Asiatic cultures (Kuusi), Sub-Saharan Africa, Western Europe and the Americas","{'Eastern Europe': 'A blind man may, by fortune, catch a hare', 'Finnish and Baltic Sea cultures': 'A blind man may, by fortune, catch a hare', 'Older Asiatic cultures (Kuusi)': 'A blind man may, by fortune, catch a hare', 'Sub-Saharan Africa': 'A blind man may, by fortune, catch a hare', 'Western Europe and the Americas': 'A blind man may, by fortune, catch a hare'}",5,Fate / Fortune / Opportunity
1139,The medicine for hate is separation.,5,1,5.3,"Europe (general), Finnish and Baltic Sea cultures, Islamic cultures, Older Asiatic cultures (Kuusi), Sub-Saharan Africa","{'Europe (general)': 'The medicine for hate is separation', 'Finnish and Baltic Sea cultures': 'The medicine for hate is separation', 'Islamic cultures': 'The medicine for hate is separation', 'Older Asiatic cultures (Kuusi)': 'The medicine for hate is separation', 'Sub-Saharan Africa': 'The medicine for hate is separation'}",5,Other
1140,One can work well with many and eat well with few.,5,1,5.3,"Finnish and Baltic Sea cultures, Older Asiatic cultures (Kuusi), Pacific area, Sub-Saharan Africa, Western Europe and the Americas","{'Finnish and Baltic Sea cultures': 'One can work well with many and eat well with few', 'Older Asiatic cultures (Kuusi)': 'One can work well with many and eat well with few', 'Pacific area': 'One can work well with many and eat well with few', 'Sub-Saharan Africa': 'One can work well with many and eat well with few', 'Western Europe and the Americas': 'One can work well with many and eat well with few'}",5,Effort / Time / Persistence
1164,April and May are the keys of the year.,5,1,5.3,"Eastern Europe, Finnish and Baltic Sea cultures, Islamic cultures, Northern Europe, Older Asiatic cultures (Kuusi)","{'Eastern Europe': 'April and May are the keys of the year', 'Finnish and Baltic Sea cultures': 'April and May are the keys of the year', 'Islamic cultures': 'April and May are the keys of the year', 'Northern Europe': 'April and May are the keys of the year', 'Older Asiatic cultures (Kuusi)': 'April and May are the keys of the year'}",5,Other
1203,"Avoid went out ass, and came home horse.",5,1,5.3,"Europe (general), Finnish and Baltic Sea cultures, Islamic cultures, Older Asiatic cultures (Kuusi), Pacific area","{'Europe (general)': 'Never went out ass, and came home horse', 'Finnish and Baltic Sea cultures': 'Never went out ass, and came home horse', 'Islamic cultures': 'Never went out ass, and came home horse', 'Older Asiatic cultures (Kuusi)': 'Never went out ass, and came home horse', 'Pacific area': 'Never went out ass, and came home horse'}",5,Prudence / Risk & Uncertainty
1213,An age to an age is not a brother.,5,1,5.3,"Finnish and Baltic Sea cultures, Islamic cultures, Southern Europe, Sub-Saharan Africa, Western Europe and the Americas","{'Finnish and Baltic Sea cultures': 'An age to an age is not a brother', 'Islamic cultures': 'An age to an age is not a brother', 'Southern Europe': 'An age to an age is not a brother', 'Sub-Saharan Africa': 'An age to an age is not a brother', 'Western Europe and the Americas': 'An age to an age is not a brother'}",5,Other
1246,The heaviest ear of corn bends lowest.,5,1,5.3,"Eastern Europe, Finnish and Baltic Sea cultures, Older Asiatic cultures (Kuusi), Pacific area, Western Europe and the Americas","{'Eastern Europe': 'The heaviest ear of corn bends lowest', 'Finnish and Baltic Sea cultures': 'The heaviest ear of corn bends lowest', 'Older Asiatic cultures (Kuusi)': 'The heaviest ear of corn bends lowest', 'Pacific area': 'The heaviest ear of corn bends lowest', 'Western Europe and the Americas': 'The heaviest ear of corn bends lowest'}",5,Other
1255,If you are over fastidious you will fare worse.,5,1,5.3,"Europe (general), Finnish and Baltic Sea cultures, Older Asiatic cultures (Kuusi), Pacific area, Sub-Saharan Africa","{'Europe (general)': 'If you are over fastidious you will fare worse', 'Finnish and Baltic Sea cultures': 'If you are over fastidious you will fare worse', 'Older Asiatic cultures (Kuusi)': 'If you are over fastidious you will fare worse', 'Pacific area': 'If you are over fastidious you will fare worse', 'Sub-Saharan Africa': 'If you are over fastidious you will fare worse'}",5,Other
1258,A kind heart dies wretched.,5,1,5.3,"Eastern Europe, Finnish and Baltic Sea cultures, Islamic cultures, Older Asiatic cultures (Kuusi), Southern Europe","{'Eastern Europe': 'A kind heart dies wretched', 'Finnish and Baltic Sea cultures': 'A kind heart dies wretched', 'Islamic cultures': 'A kind heart dies wretched', 'Older Asiatic cultures (Kuusi)': 'A kind heart dies wretched', 'Southern Europe': 'A kind heart dies wretched'}",5,Family / Kinship / Obligation
1278,One must howl with the wolves.,5,1,5.3,"Europe (general), Finnish and Baltic Sea cultures, Islamic cultures, Older Asiatic cultures (Kuusi), Pacific area","{'Europe (general)': 'One must howl with the wolves', 'Finnish and Baltic Sea cultures': 'One must howl with the wolves', 'Islamic cultures': 'One must howl with the wolves', 'Older Asiatic cultures (Kuusi)': 'One must howl with the wolves', 'Pacific area': 'One must howl with the wolves'}",5,Other
1294,One man's death is another man's breath.,5,1,5.3,"Europe (general), Finnish and Baltic Sea cultures, Older Asiatic cultures (Kuusi), Pacific area, Sub-Saharan Africa","{'Europe (general)': ""One man's death is another man's breath"", 'Finnish and Baltic Sea cultures': ""One man's death is another man's breath"", 'Older Asiatic cultures (Kuusi)': ""One man's death is another man's breath"", 'Pacific area': ""One man's death is another man's breath"", 'Sub-Saharan Africa': ""One man's death is another man's breath""}",5,Other
1295,Fire and flax agree not.,5,1,5.3,"Europe (general), Finnish and Baltic Sea cultures, Older Asiatic cultures (Kuusi), Pacific area, Sub-Saharan Africa","{'Europe (general)': 'Fire and flax agree not', 'Finnish and Baltic Sea cultures': 'Fire and flax agree not', 'Older Asiatic cultures (Kuusi)': 'Fire and flax agree not', 'Pacific area': 'Fire and flax agree not', 'Sub-Saharan Africa': 'Fire and flax agree not'}",5,Other
1299,Self-praise stinks.,5,1,5.3,"Europe (general), Finnish and Baltic Sea cultures, Islamic cultures, Older Asiatic cultures (Kuusi), Pacific area","{'Europe (general)': 'Self-praise stinks', 'Finnish and Baltic Sea cultures': 'Self-praise stinks', 'Islamic cultures': 'Self-praise stinks', 'Older Asiatic cultures (Kuusi)': 'Self-praise stinks', 'Pacific area': 'Self-praise stinks'}",5,Other
1341,You cannot wash charcoal white.,5,1,5.3,"Europe (general), Finnish and Baltic Sea cultures, Islamic cultures, Older Asiatic cultures (Kuusi), Pacific area","{'Europe (general)': 'You cannot wash charcoal white', 'Finnish and Baltic Sea cultures': 'You cannot wash charcoal white', 'Islamic cultures': 'You cannot wash charcoal white', 'Older Asiatic cultures (Kuusi)': 'You cannot wash charcoal white', 'Pacific area': 'You cannot wash charcoal white'}",5,Other
1350,You see the mote in another's eye ...,5,1,5.3,"Europe (general), Finnish and Baltic Sea cultures, Older Asiatic cultures (Kuusi), Pacific area, Sub-Saharan Africa","{'Europe (general)': ""You see the mote in another's eye ..."", 'Finnish and Baltic Sea cultures': ""You see the mote in another's eye ..."", 'Older Asiatic cultures (Kuusi)': ""You see the mote in another's eye ..."", 'Pacific area': ""You see the mote in another's eye ..."", 'Sub-Saharan Africa': ""You see the mote in another's eye ...""}",5,Other
1353,A wolf in sheep's clothing.,5,1,5.3,"Europe (general), Finnish and Baltic Sea cultures, Islamic cultures, Older Asiatic cultures (Kuusi), Pacific area","{'Europe (general)': ""A wolf in sheep's clothing"", 'Finnish and Baltic Sea cultures': ""A wolf in sheep's clothing"", 'Islamic cultures': ""A wolf in sheep's clothing"", 'Older Asiatic cultures (Kuusi)': ""A wolf in sheep's clothing"", 'Pacific area': ""A wolf in sheep's clothing""}",5,Trust / Honesty / Deception
1414,Rain in spring is as precious as oil.,5,1,5.3,"Eastern Europe, Finnish and Baltic Sea cultures, Older Asiatic cultures (Kuusi), Southern Europe, Sub-Saharan Africa","{'Eastern Europe': 'Rain in spring is as precious as oil', 'Finnish and Baltic Sea cultures': 'Rain in spring is as precious as oil', 'Older Asiatic cultures (Kuusi)': 'Rain in spring is as precious as oil', 'Southern Europe': 'Rain in spring is as precious as oil', 'Sub-Saharan Africa': 'Rain in spring is as precious as oil'}",5,Other
1429,He that has nothing can never be bankrupt.,5,1,5.3,"Europe (general), Finnish and Baltic Sea cultures, Islamic cultures, Older Asiatic cultures (Kuusi), Pacific area","{'Europe (general)': 'He that has nothing can never be bankrupt', 'Finnish and Baltic Sea cultures': 'He that has nothing can never be bankrupt', 'Islamic cultures': 'He that has nothing can never be bankrupt', 'Older Asiatic cultures (Kuusi)': 'He that has nothing can never be bankrupt', 'Pacific area': 'He that has nothing can never be bankrupt'}",5,Prudence / Risk & Uncertainty
1484,"Act quickly, think slowly.",5,1,5.3,"Europe (general), Finnish and Baltic Sea cultures, Islamic cultures, Older Asiatic cultures (Kuusi), Pacific area","{'Europe (general)': 'Act quickly, think slowly', 'Finnish and Baltic Sea cultures': 'Act quickly, think slowly', 'Islamic cultures': 'Act quickly, think slowly', 'Older Asiatic cultures (Kuusi)': 'Act quickly, think slowly', 'Pacific area': 'Act quickly, think slowly'}",5,Prudence / Risk & Uncertainty
1486,"So many men, so many minds; so many dogs, so many kinds.",5,1,5.3,"Europe (general), Finnish and Baltic Sea cultures, Older Asiatic cultures (Kuusi), Pacific area, Sub-Saharan Africa","{'Europe (general)': 'So many men, so many minds; so many dogs, so many kinds', 'Finnish and Baltic Sea cultures': 'So many men, so many minds; so many dogs, so many kinds', 'Older Asiatic cultures (Kuusi)': 'So many men, so many minds; so many dogs, so many kinds', 'Pacific area': 'So many men, so many minds; so many dogs, so many kinds', 'Sub-Saharan Africa': 'So many men, so many minds; so many dogs, so many kinds'}",5,Family / Kinship / Obligation
1508,Plenty is no dainty.,5,1,5.3,"Europe (general), Finnish and Baltic Sea cultures, Islamic cultures, Older Asiatic cultures (Kuusi), Pacific area","{'Europe (general)': 'Plenty is no dainty', 'Finnish and Baltic Sea cultures': 'Plenty is no dainty', 'Islamic cultures': 'Plenty is no dainty', 'Older Asiatic cultures (Kuusi)': 'Plenty is no dainty', 'Pacific area': 'Plenty is no dainty'}",5,Other
1536,When it rains and the sun shines...,5,1,5.3,"Eastern Europe, Finnish and Baltic Sea cultures, Older Asiatic cultures (Kuusi), Sub-Saharan Africa, Western Europe and the Americas","{'Eastern Europe': 'When it rains and the sun shines...', 'Finnish and Baltic Sea cultures': 'When it rains and the sun shines...', 'Older Asiatic cultures (Kuusi)': 'When it rains and the sun shines...', 'Sub-Saharan Africa': 'When it rains and the sun shines...', 'Western Europe and the Americas': 'When it rains and the sun shines...'}",5,Other
1551,Water will stand in a hollow.,5,1,5.3,"Eastern Europe, Finnish and Baltic Sea cultures, Older Asiatic cultures (Kuusi), Sub-Saharan Africa, Western Europe and the Americas","{'Eastern Europe': 'Water will stand in a hollow', 'Finnish and Baltic Sea cultures': 'Water will stand in a hollow', 'Older Asiatic cultures (Kuusi)': 'Water will stand in a hollow', 'Sub-Saharan Africa': 'Water will stand in a hollow', 'Western Europe and the Americas': 'Water will stand in a hollow'}",5,Other
1586,Like begets like.,5,1,5.3,"Europe (general), Finnish and Baltic Sea cultures, Older Asiatic cultures (Kuusi), Pacific area, Sub-Saharan Africa","{'Europe (general)': 'Like begets like', 'Finnish and Baltic Sea cultures': 'Like begets like', 'Older Asiatic cultures (Kuusi)': 'Like begets like', 'Pacific area': 'Like begets like', 'Sub-Saharan Africa': 'Like begets like'}",5,Other
1590,Better the grave than a life of want.,5,1,5.3,"Europe (general), Finnish and Baltic Sea cultures, Islamic cultures, Older Asiatic cultures (Kuusi), Pacific area","{'Europe (general)': 'Better the grave than a life of want', 'Finnish and Baltic Sea cultures': 'Better the grave than a life of want', 'Islamic cultures': 'Better the grave than a life of want', 'Older Asiatic cultures (Kuusi)': 'Better the grave than a life of want', 'Pacific area': 'Better the grave than a life of want'}",5,Other
1604,"Today red, tomorrow dead.",5,1,5.3,"Finnish and Baltic Sea cultures, Older Asiatic cultures (Kuusi), Southern Europe, Sub-Saharan Africa, Western Europe and the Americas","{'Finnish and Baltic Sea cultures': 'Today red, tomorrow dead', 'Older Asiatic cultures (Kuusi)': 'Today red, tomorrow dead', 'Southern Europe': 'Today red, tomorrow dead', 'Sub-Saharan Africa': 'Today red, tomorrow dead', 'Western Europe and the Americas': 'Today red, tomorrow dead'}",5,Other
8,A good deed is soon forgotten.,4,3,4.9,"Eastern Europe, Global type (Kuusi), Islamic cultures, Western Europe and the Americas","{'Eastern Europe': 'A good deed is soon forgotten', 'Global type (Kuusi)': 'Long absent, soon forgotten', 'Islamic cultures': 'A good deed is soon forgotten', 'Western Europe and the Americas': 'A good deed is soon forgotten'}",5,Other
7,All's well that ends well.,4,2,4.6,"Europe (general), Finnish and Baltic Sea cultures, Islamic cultures, Older Asiatic cultures (Kuusi)","{'Europe (general)': 'Do well and have well', 'Finnish and Baltic Sea cultures': 'Do well and have well', 'Islamic cultures': 'Do well and have well', 'Older Asiatic cultures (Kuusi)': ""All's well that ends well""}",7,Other
9,Everything has an end.,4,2,4.6,"Europe (general), Finnish and Baltic Sea cultures, Islamic cultures, Sub-Saharan Africa","{'Europe (general)': 'Everything has its time', 'Finnish and Baltic Sea cultures': 'Everything has its time', 'Islamic cultures': 'Everything has its time', 'Sub-Saharan Africa': 'Everything has an end'}",7,Other
10,Money begets money.,4,2,4.6,"Europe (general), Finnish and Baltic Sea cultures, Islamic cultures, Older Asiatic cultures (Kuusi)","{'Europe (general)': 'Money makes money', 'Finnish and Baltic Sea cultures': 'Money makes money', 'Islamic cultures': 'Money begets money', 'Older Asiatic cultures (Kuusi)': 'Money begets money'}",6,Other
13,Fire is a good servant but a bad master.,4,2,4.6,"Europe (general), Finnish and Baltic Sea cultures, Islamic cultures, Older Asiatic cultures (Kuusi)","{'Europe (general)': 'Fire is a good servant but a bad master', 'Finnish and Baltic Sea cultures': 'Fire is a good servant but a bad master', 'Islamic cultures': 'Fire is a good servant but a bad master', 'Older Asiatic cultures (Kuusi)': 'Fire is a good servant but a bad master'}",5,Other
15,A good anvil does not fear the hammer.,4,2,4.6,"Europe (general), Older Asiatic cultures (Kuusi), Pacific area, Sub-Saharan Africa","{'Europe (general)': 'The anvil is not afraid of the hammer', 'Older Asiatic cultures (Kuusi)': 'A good anvil does not fear the hammer', 'Pacific area': 'A good anvil does not fear the hammer', 'Sub-Saharan Africa': 'A good anvil does not fear the hammer'}",4,Other
16,"Avoid too old to learn, never too late to turn.",4,2,4.6,"Europe (general), Finnish and Baltic Sea cultures, Islamic cultures, Older Asiatic cultures (Kuusi)","{'Europe (general)': 'Never too old to learn, never too late to turn', 'Finnish and Baltic Sea cultures': 'Never too old to learn, never too late to turn', 'Islamic cultures': 'Never too old to learn, never too late to turn', 'Older Asiatic cultures (Kuusi)': 'Never too old to learn, never too late to turn'}",5,Prudence / Risk & Uncertainty
17,Great thieves hang little ones.,4,2,4.6,"Europe (general), Finnish and Baltic Sea cultures, Older Asiatic cultures (Kuusi), Sub-Saharan Africa","{'Europe (general)': 'Great thieves hang little ones', 'Finnish and Baltic Sea cultures': 'Great thieves hang little ones', 'Older Asiatic cultures (Kuusi)': 'Little thieves we hang but great ones we let go', 'Sub-Saharan Africa': 'Little thieves we hang but great ones we let go'}",6,Other
22,"All covet, all lose.",4,2,4.6,"Europe (general), Finnish and Baltic Sea cultures, Islamic cultures, Sub-Saharan Africa","{'Europe (general)': 'All covet, alla lose', 'Finnish and Baltic Sea cultures': 'All covet, all lose', 'Islamic cultures': 'All covet, alla lose', 'Sub-Saharan Africa': 'All covet, all lose'}",6,Other
23,Death and sleep are brothers.,4,2,4.6,"Eastern Europe, Finnish and Baltic Sea cultures, Global type (Kuusi), Western Europe and the Americas","{'Eastern Europe': 'Death and sleep are brothers', 'Finnish and Baltic Sea cultures': 'Death and sleep are brothers', 'Global type (Kuusi)': 'Sleep is brother to death', 'Western Europe and the Americas': 'Death and sleep are brothers'}",4,Other
24,Old dogs will learn no new tricks.,4,2,4.6,"Europe (general), Finnish and Baltic Sea cultures, Islamic cultures, Older Asiatic cultures (Kuusi)","{'Europe (general)': 'Old dogs will learn no new tricks', 'Finnish and Baltic Sea cultures': 'Old dogs will learn no new tricks', 'Islamic cultures': 'Old dogs will learn no new tricks', 'Older Asiatic cultures (Kuusi)': 'Old dogs will learn no new tricks'}",7,Knowledge / Speech / Silence
26,Better bend than break.,4,2,4.6,"Europe (general), Finnish and Baltic Sea cultures, Older Asiatic cultures (Kuusi), Sub-Saharan Africa","{'Europe (general)': 'Better bend than break', 'Finnish and Baltic Sea cultures': 'Better bend than break', 'Older Asiatic cultures (Kuusi)': 'Better bend than break', 'Sub-Saharan Africa': 'Better bend than break'}",5,Other
29,Nature passes nurture.,4,2,4.6,"Europe (general), Finnish and Baltic Sea cultures, Islamic cultures, Western Europe and the Americas","{'Europe (general)': 'Nature passes nurture', 'Finnish and Baltic Sea cultures': 'Nature passes nurture', 'Islamic cultures': 'Nature passes nurture', 'Western Europe and the Americas': 'Nurture surpasses nature'}",4,Other
30,Better a good name than riches.,4,2,4.6,"Europe (general), Finnish and Baltic Sea cultures, Islamic cultures, Older Asiatic cultures (Kuusi)","{'Europe (general)': 'Better a good name than riches', 'Finnish and Baltic Sea cultures': 'Better a good name than riches', 'Islamic cultures': 'Better a good name than riches', 'Older Asiatic cultures (Kuusi)': 'Better a good name than riches'}",8,Other
31,All cats are alike in the dark.,4,2,4.6,"Europe (general), Finnish and Baltic Sea cultures, Global type (Kuusi), Pacific area","{'Europe (general)': 'All cats are grey in the dark', 'Finnish and Baltic Sea cultures': 'All cats are grey in the dark', 'Global type (Kuusi)': 'All cats are alike in the dark', 'Pacific area': 'All cats are grey in the dark'}",4,Other
34,"Come uncalled, sit unserved.",4,2,4.6,"Europe (general), Finnish and Baltic Sea cultures, Islamic cultures, Older Asiatic cultures (Kuusi)","{'Europe (general)': 'Come uncalled, sit unserved', 'Finnish and Baltic Sea cultures': 'Come uncalled, sit unserved', 'Islamic cultures': 'Come uncalled, sit unserved', 'Older Asiatic cultures (Kuusi)': 'He who comes uncalled sits unserved'}",7,Other
40,Consistency beats speed.,4,2,4.6,"Finnish and Baltic Sea cultures, Global type (Kuusi), Sub-Saharan Africa, Western Europe and the Americas","{'Finnish and Baltic Sea cultures': 'Slow and steady wins the race', 'Global type (Kuusi)': 'Slow and steady wins the race', 'Sub-Saharan Africa': 'Slow and steady wins the race', 'Western Europe and the Americas': 'Slow and steady wins the race'}",4,Other
42,A soft answer turneth away wrath.,4,2,4.6,"Europe (general), Finnish and Baltic Sea cultures, Global type (Kuusi), Sub-Saharan Africa","{'Europe (general)': 'A soft answer turneth away wrath', 'Finnish and Baltic Sea cultures': 'A soft answer turneth away wrath', 'Global type (Kuusi)': 'A soft answer turns away wrath', 'Sub-Saharan Africa': 'A soft answer turneth away wrath'}",4,Other
55,After death a doctor.,4,2,4.6,"Europe (general), Global type (Kuusi), Islamic cultures, Older Asiatic cultures (Kuusi)","{'Europe (general)': 'After death a doctor', 'Global type (Kuusi)': 'After death the doctor', 'Islamic cultures': 'After death a doctor', 'Older Asiatic cultures (Kuusi)': 'After death a doctor'}",4,Other
62,Christmas comes but once a year.,4,2,4.6,"Europe (general), Finnish and Baltic Sea cultures, Islamic cultures, Older Asiatic cultures (Kuusi)","{'Europe (general)': 'Christmas comes but once a year', 'Finnish and Baltic Sea cultures': 'Christmas comes but once a year', 'Islamic cultures': 'Christmas comes but once a year', 'Older Asiatic cultures (Kuusi)': 'Christmas comes but once a year'}",6,Other
74,A hedge between keeps friendship green.,4,2,4.6,"Europe (general), Finnish and Baltic Sea cultures, Islamic cultures, Older Asiatic cultures (Kuusi)","{'Europe (general)': 'A hedge between keeps friendship green', 'Finnish and Baltic Sea cultures': 'A hedge between keeps friendship green', 'Islamic cultures': 'A hedge between keeps friendship green', 'Older Asiatic cultures (Kuusi)': 'A hedge between keeps friendship green'}",5,Cooperation / Social Support
76,He that has no head need no hat.,4,2,4.6,"Europe (general), Finnish and Baltic Sea cultures, Islamic cultures, Pacific area","{'Europe (general)': 'He that has no head needs no hat', 'Finnish and Baltic Sea cultures': 'He that has no head needs no hat', 'Islamic cultures': 'He that has no head needs no hat', 'Pacific area': 'He that has no head needs no hat'}",5,Other
82,Beauty is in the eye of the beholder.,4,2,4.6,"Europe (general), Finnish and Baltic Sea cultures, Global type (Kuusi), Islamic cultures","{'Europe (general)': 'Beauty is in the eye of the beholder', 'Finnish and Baltic Sea cultures': 'Beauty is in the eye of the beholder', 'Global type (Kuusi)': 'Beauty is in the eye of the beholder', 'Islamic cultures': 'Beauty is in the eye of the beholder'}",4,Other
98,"First come, first served.",4,2,4.6,"Europe (general), Finnish and Baltic Sea cultures, Islamic cultures, Sub-Saharan Africa","{'Europe (general)': 'First come, first served', 'Finnish and Baltic Sea cultures': 'First come, first served', 'Islamic cultures': 'First come, first served', 'Sub-Saharan Africa': 'First come, first served'}",6,Other
133,"No sweat, no sweet.",4,2,4.6,"Europe (general), Finnish and Baltic Sea cultures, Older Asiatic cultures (Kuusi), Sub-Saharan Africa","{'Europe (general)': 'No sweat, no sweet', 'Finnish and Baltic Sea cultures': 'No sweat, no sweet', 'Older Asiatic cultures (Kuusi)': 'No sweat, no sweet', 'Sub-Saharan Africa': 'No sweat, no sweet'}",5,Other
152,Time cures all things.,4,2,4.6,"Europe (general), Finnish and Baltic Sea cultures, The Balkans, Western Europe and the Americas","{'Europe (general)': 'Time cures all things', 'Finnish and Baltic Sea cultures': 'Time cures all things', 'The Balkans': 'Time cures all things', 'Western Europe and the Americas': 'Time cures all things'}",5,Effort / Time / Persistence
171,"Today a man, tomorrow a mouse.",4,2,4.6,"Europe (general), Finnish and Baltic Sea cultures, Global type (Kuusi), Sub-Saharan Africa","{'Europe (general)': 'Today a man, tomorrow a mouse', 'Finnish and Baltic Sea cultures': 'Today a man, tomorrow a mouse', 'Global type (Kuusi)': 'Today a man, tomorrow a mouse', 'Sub-Saharan Africa': 'Today a man, tomorrow a mouse'}",4,Other
172,"Harm watch, harm catch.",4,2,4.6,"Europe (general), Global type (Kuusi), Islamic cultures, Older Asiatic cultures (Kuusi)","{'Europe (general)': 'Harm watch, harm catch', 'Global type (Kuusi)': 'Harm watch, harm catch', 'Islamic cultures': 'Harm watch, harm catch', 'Older Asiatic cultures (Kuusi)': 'Harm watch, harm catch'}",4,Other
52,"What is valuable is not new, and what is new is not valuable.",4,1,4.3,"Europe (general), Finnish and Baltic Sea cultures, Islamic cultures, Sub-Saharan Africa","{'Europe (general)': 'What is valuable is not new, and what is new is not valuable', 'Finnish and Baltic Sea cultures': 'What is valuable is not new, and what is new is not valuable', 'Islamic cultures': 'What is valuable is not new, and what is new is not valuable', 'Sub-Saharan Africa': 'What is valuable is not new, and what is new is not valuable'}",4,Other
53,Practice improves skill.,4,1,4.3,"Europe (general), Finnish and Baltic Sea cultures, Islamic cultures, Older Asiatic cultures (Kuusi)","{'Europe (general)': 'Practice makes perfect', 'Finnish and Baltic Sea cultures': 'Practice makes perfect', 'Islamic cultures': 'Practice makes perfect', 'Older Asiatic cultures (Kuusi)': 'Practice makes perfect'}",4,Effort / Time / Persistence
58,There is no night so dark but that it is surmonted with the day.,4,1,4.3,"Europe (general), Finnish and Baltic Sea cultures, Islamic cultures, Sub-Saharan Africa","{'Europe (general)': 'There is no night so dark but that it is surmonted with the day', 'Finnish and Baltic Sea cultures': 'There is no night so dark but that it is surmonted with the day', 'Islamic cultures': 'There is no night so dark but that it is surmonted with the day', 'Sub-Saharan Africa': 'There is no night so dark but that it is surmonted with the day'}",4,Other
65,He laughs best who laughs last.,4,1,4.3,"Europe (general), Finnish and Baltic Sea cultures, Islamic cultures, Sub-Saharan Africa","{'Europe (general)': 'He laughs best who laughs last', 'Finnish and Baltic Sea cultures': 'He laughs best who laughs last', 'Islamic cultures': 'He laughs best who laughs last', 'Sub-Saharan Africa': 'He laughs best who laughs last'}",4,Other
72,Ripe fruit falls of itself.,4,1,4.3,"Europe (general), Finnish and Baltic Sea cultures, Older Asiatic cultures (Kuusi), Sub-Saharan Africa","{'Europe (general)': 'Ripe fruit falls of itself', 'Finnish and Baltic Sea cultures': 'Ripe fruit falls of itself', 'Older Asiatic cultures (Kuusi)': 'Ripe fruit falls of itself', 'Sub-Saharan Africa': 'Ripe fruit falls of itself'}",4,Other
93,Delay always brings danger.,4,1,4.3,"Europe (general), Islamic cultures, Older Asiatic cultures (Kuusi), Pacific area","{'Europe (general)': 'Delay always brings danger', 'Islamic cultures': 'Delay always brings danger', 'Older Asiatic cultures (Kuusi)': 'Delay always brings danger', 'Pacific area': 'Delay always brings danger'}",4,Prudence / Risk & Uncertainty
95,All good things go in threes.,4,1,4.3,"Europe (general), Finnish and Baltic Sea cultures, Islamic cultures, Older Asiatic cultures (Kuusi)","{'Europe (general)': 'All good things go in threes', 'Finnish and Baltic Sea cultures': 'All good things go in threes', 'Islamic cultures': 'All good things go in threes', 'Older Asiatic cultures (Kuusi)': 'All good things go in threes'}",4,Other
102,Time will tell.,4,1,4.3,"Europe (general), Finnish and Baltic Sea cultures, Older Asiatic cultures (Kuusi), Sub-Saharan Africa","{'Europe (general)': 'Time will tell', 'Finnish and Baltic Sea cultures': 'Time will tell', 'Older Asiatic cultures (Kuusi)': 'Time will tell', 'Sub-Saharan Africa': 'Time will tell'}",4,Effort / Time / Persistence
104,"Early to bed and early to rise makes a man healthy, wealthy and wise.",4,1,4.3,"Europe (general), Finnish and Baltic Sea cultures, Islamic cultures, Older Asiatic cultures (Kuusi)","{'Europe (general)': 'Early to bed and early to rise makes a man healthy, wealthy and wise', 'Finnish and Baltic Sea cultures': 'Early to bed and early to rise makes a man healthy, wealthy and wise', 'Islamic cultures': 'Early to bed and early to rise makes a man healthy, wealthy and wise', 'Older Asiatic cultures (Kuusi)': 'Early to bed and early to rise makes a man healthy, wealthy and wise'}",4,Effort / Time / Persistence
110,Avoid throw away dirty water until you have not clean.,4,1,4.3,"Europe (general), Finnish and Baltic Sea cultures, Pacific area, Sub-Saharan Africa","{'Europe (general)': ""Don't throw away dirty water until you have not clean"", 'Finnish and Baltic Sea cultures': ""Don't throw away dirty water until you have not clean"", 'Pacific area': ""Don't throw away dirty water until you have not clean"", 'Sub-Saharan Africa': ""Don't throw away dirty water until you have not clean""}",4,Prudence / Risk & Uncertainty
123,After-wit is everybody's wit.,4,1,4.3,"Europe (general), Finnish and Baltic Sea cultures, Islamic cultures, Older Asiatic cultures (Kuusi)","{'Europe (general)': ""After-wit is everybody's wit"", 'Finnish and Baltic Sea cultures': ""After-wit is everybody's wit"", 'Islamic cultures': ""After-wit is everybody's wit"", 'Older Asiatic cultures (Kuusi)': ""After-wit is everybody's wit""}",4,Other
128,Times change and we change with them.,4,1,4.3,"Europe (general), Finnish and Baltic Sea cultures, Islamic cultures, Sub-Saharan Africa","{'Europe (general)': 'Times change and we change with them', 'Finnish and Baltic Sea cultures': 'Times change and we change with them', 'Islamic cultures': 'Times change and we change with them', 'Sub-Saharan Africa': 'Times change and we change with them'}",4,Effort / Time / Persistence
131,Avoid call a morsel fat before you've skinned the animal.,4,1,4.3,"Finnish and Baltic Sea cultures, Older Asiatic cultures (Kuusi), Sub-Saharan Africa, Western Europe and the Americas","{'Finnish and Baltic Sea cultures': ""Don't call a morsel fat before you've skinned the animal"", 'Older Asiatic cultures (Kuusi)': ""Don't call a morsel fat before you've skinned the animal"", 'Sub-Saharan Africa': ""Don't call a morsel fat before you've skinned the animal"", 'Western Europe and the Americas': ""Don't call a morsel fat before you've skinned the animal""}",4,Prudence / Risk & Uncertainty
134,The hasty bitch brings forth blind whelps.,4,1,4.3,"Europe (general), Finnish and Baltic Sea cultures, Islamic cultures, Older Asiatic cultures (Kuusi)","{'Europe (general)': 'The hasty bitch brings forth blind whelps', 'Finnish and Baltic Sea cultures': 'The hasty bitch brings forth blind whelps', 'Islamic cultures': 'The hasty bitch brings forth blind whelps', 'Older Asiatic cultures (Kuusi)': 'The hasty bitch brings forth blind whelps'}",4,Cooperation / Social Support
145,Advercity is a good teacher.,4,1,4.3,"Europe (general), Finnish and Baltic Sea cultures, Islamic cultures, Older Asiatic cultures (Kuusi)","{'Europe (general)': 'Advercity is a good teacher', 'Finnish and Baltic Sea cultures': 'Advercity is a good teacher', 'Islamic cultures': 'Advercity is a good teacher', 'Older Asiatic cultures (Kuusi)': 'Advercity is a good teacher'}",4,Other
150,The world is a ladder for some to go up and some down.,4,1,4.3,"Older Asiatic cultures (Kuusi), Pacific area, Sub-Saharan Africa, Western Europe and the Americas","{'Older Asiatic cultures (Kuusi)': 'The world is a ladder for some to go up and some down', 'Pacific area': 'The world is a ladder for some to go up and some down', 'Sub-Saharan Africa': 'The world is a ladder for some to go up and some down', 'Western Europe and the Americas': 'The world is a ladder for some to go up and some down'}",4,Other
180,"If you want to touch the head, then first touch the foot.",4,1,4.3,"Finnish and Baltic Sea cultures, Older Asiatic cultures (Kuusi), Sub-Saharan Africa, Western Europe and the Americas","{'Finnish and Baltic Sea cultures': 'If you want to touch the head, first touch the foot', 'Older Asiatic cultures (Kuusi)': 'If you want to touch the head, first touch the foot', 'Sub-Saharan Africa': 'If you want to touch the head, first touch the foot', 'Western Europe and the Americas': 'If you want to touch the head, first touch the foot'}",4,Other
186,Avoid put off till tomorrow what you can do today.,4,1,4.3,"Europe (general), Finnish and Baltic Sea cultures, Islamic cultures, Sub-Saharan Africa","{'Europe (general)': 'Never put off till tomorrow what you can do today', 'Finnish and Baltic Sea cultures': 'Never put off till tomorrow what you can do today', 'Islamic cultures': 'Never put off till tomorrow what you can do today', 'Sub-Saharan Africa': 'Never put off till tomorrow what you can do today'}",4,Prudence / Risk & Uncertainty
187,Knowledge is power.,4,1,4.3,"Europe (general), Finnish and Baltic Sea cultures, Islamic cultures, Older Asiatic cultures (Kuusi)","{'Europe (general)': 'Knowledge is power', 'Finnish and Baltic Sea cultures': 'Knowledge is power', 'Islamic cultures': 'Knowledge is power', 'Older Asiatic cultures (Kuusi)': 'Knowledge is power'}",4,Knowledge / Speech / Silence
191,A word to the wise is sufficient.,4,1,4.3,"Europe (general), Finnish and Baltic Sea cultures, Islamic cultures, Older Asiatic cultures (Kuusi)","{'Europe (general)': 'A word to the wise is sufficient', 'Finnish and Baltic Sea cultures': 'A word to the wise is sufficient', 'Islamic cultures': 'A word to the wise is sufficient', 'Older Asiatic cultures (Kuusi)': 'A word to the wise is sufficient'}",4,Knowledge / Speech / Silence
195,"Waste not, want not.",4,1,4.3,"Europe (general), Finnish and Baltic Sea cultures, Islamic cultures, Sub-Saharan Africa","{'Europe (general)': 'Waste not, want not', 'Finnish and Baltic Sea cultures': 'Waste not, want not', 'Islamic cultures': 'Waste not, want not', 'Sub-Saharan Africa': 'Waste not, want not'}",4,Other
196,No two days are alike.,4,1,4.3,"Europe (general), Finnish and Baltic Sea cultures, Islamic cultures, Older Asiatic cultures (Kuusi)","{'Europe (general)': 'No two days are alike', 'Finnish and Baltic Sea cultures': 'No two days are alike', 'Islamic cultures': 'No two days are alike', 'Older Asiatic cultures (Kuusi)': 'No two days are alike'}",4,Other
199,We learn by teaching.,4,1,4.3,"Europe (general), Finnish and Baltic Sea cultures, Older Asiatic cultures (Kuusi), Sub-Saharan Africa","{'Europe (general)': 'We learn by teaching', 'Finnish and Baltic Sea cultures': 'We learn by teaching', 'Older Asiatic cultures (Kuusi)': 'We learn by teaching', 'Sub-Saharan Africa': 'We learn by teaching'}",4,Knowledge / Speech / Silence
206,Who will not keep a penny shall never keep many.,4,1,4.3,"Europe (general), Finnish and Baltic Sea cultures, Islamic cultures, Older Asiatic cultures (Kuusi)","{'Europe (general)': 'Who will not keep a penny shall never keep many', 'Finnish and Baltic Sea cultures': 'Who will not keep a penny shall never keep many', 'Islamic cultures': 'Who will not keep a penny shall never keep many', 'Older Asiatic cultures (Kuusi)': 'Who will not keep a penny shall never keep many'}",4,Prudence / Risk & Uncertainty
207,He that washes an ass's head shall lose both lye and his labour.,4,1,4.3,"Europe (general), Finnish and Baltic Sea cultures, Older Asiatic cultures (Kuusi), Pacific area","{'Europe (general)': ""He that washes an ass's head shall lose both lye and his labour"", 'Finnish and Baltic Sea cultures': ""He that washes an ass's head shall lose both lye and his labour"", 'Older Asiatic cultures (Kuusi)': ""He that washes an ass's head shall lose both lye and his labour"", 'Pacific area': ""He that washes an ass's head shall lose both lye and his labour""}",4,Other
208,He who has been to the mill has flour on his cap.,4,1,4.3,"Europe (general), Finnish and Baltic Sea cultures, Islamic cultures, Sub-Saharan Africa","{'Europe (general)': 'He who has been to the mill has flour on his cap', 'Finnish and Baltic Sea cultures': 'He who has been to the mill has flour on his cap', 'Islamic cultures': 'He who has been to the mill has flour on his cap', 'Sub-Saharan Africa': 'He who has been to the mill has flour on his cap'}",4,Other
209,Idleness is the key of beggary.,4,1,4.3,"Europe (general), Finnish and Baltic Sea cultures, Islamic cultures, Older Asiatic cultures (Kuusi)","{'Europe (general)': 'Idleness is the key of beggary', 'Finnish and Baltic Sea cultures': 'Idleness is the key of beggary', 'Islamic cultures': 'Idleness is the key of beggary', 'Older Asiatic cultures (Kuusi)': 'Idleness is the key of beggary'}",4,Other
216,Avoid bray at an ass.,4,1,4.3,"Eastern Europe, Finnish and Baltic Sea cultures, Older Asiatic cultures (Kuusi), Western Europe and the Americas","{'Eastern Europe': 'Never bray at an ass', 'Finnish and Baltic Sea cultures': 'Never bray at an ass', 'Older Asiatic cultures (Kuusi)': 'Never bray at an ass', 'Western Europe and the Americas': 'Never bray at an ass'}",4,Prudence / Risk & Uncertainty
220,One shouldn't burn the candle at both ends.,4,1,4.3,"Europe (general), Islamic cultures, Pacific area, Sub-Saharan Africa","{'Europe (general)': ""One shouldn't burn the candle at both ends"", 'Islamic cultures': ""One shouldn't burn the candle at both ends"", 'Pacific area': ""One shouldn't burn the candle at both ends"", 'Sub-Saharan Africa': ""One shouldn't burn the candle at both ends""}",4,Other
232,Repetition is the mother of studies.,4,1,4.3,"Europe (general), Finnish and Baltic Sea cultures, Islamic cultures, Older Asiatic cultures (Kuusi)","{'Europe (general)': 'Repetition is the mother of studies', 'Finnish and Baltic Sea cultures': 'Repetition is the mother of studies', 'Islamic cultures': 'Repetition is the mother of studies', 'Older Asiatic cultures (Kuusi)': 'Repetition is the mother of studies'}",4,Family / Kinship / Obligation
238,Early action brings worm.,4,1,4.3,"Europe (general), Finnish and Baltic Sea cultures, Islamic cultures, Sub-Saharan Africa","{'Europe (general)': 'The early bird catches the worm', 'Finnish and Baltic Sea cultures': 'The early bird catches the worm', 'Islamic cultures': 'The early bird catches the worm', 'Sub-Saharan Africa': 'The early bird catches the worm'}",4,Effort / Time / Persistence
241,After annoy there comes joy.,4,1,4.3,"Europe (general), Finnish and Baltic Sea cultures, Older Asiatic cultures (Kuusi), Sub-Saharan Africa","{'Europe (general)': 'After annoy there comes joy', 'Finnish and Baltic Sea cultures': 'After annoy there comes joy', 'Older Asiatic cultures (Kuusi)': 'After annoy there comes joy', 'Sub-Saharan Africa': 'After annoy there comes joy'}",4,Other
246,Time has value.,4,1,4.3,"Europe (general), Finnish and Baltic Sea cultures, Islamic cultures, Older Asiatic cultures (Kuusi)","{'Europe (general)': 'Time is money', 'Finnish and Baltic Sea cultures': 'Time is money', 'Islamic cultures': 'Time is money', 'Older Asiatic cultures (Kuusi)': 'Time is money'}",4,Effort / Time / Persistence
251,"No receiver, no thief.",4,1,4.3,"Europe (general), Finnish and Baltic Sea cultures, Islamic cultures, Older Asiatic cultures (Kuusi)","{'Europe (general)': 'No receiver, no thief', 'Finnish and Baltic Sea cultures': 'No receiver, no thief', 'Islamic cultures': 'No receiver, no thief', 'Older Asiatic cultures (Kuusi)': 'No receiver, no thief'}",4,Trust / Honesty / Deception
252,Better Skill than force.,4,1,4.3,"Europe (general), Finnish and Baltic Sea cultures, Older Asiatic cultures (Kuusi), Sub-Saharan Africa","{'Europe (general)': 'Skill is better than force', 'Finnish and Baltic Sea cultures': 'Skill is better than force', 'Older Asiatic cultures (Kuusi)': 'Skill is better than force', 'Sub-Saharan Africa': 'Skill is better than force'}",4,Other
253,It is too late to cast anchor when the ship is on the rocks.,4,1,4.3,"Finnish and Baltic Sea cultures, Pacific area, The Balkans, Western Europe and the Americas","{'Finnish and Baltic Sea cultures': 'It is too late to cast anchor when the ship is on the rocks', 'Pacific area': 'It is too late to cast anchor when the ship is on the rocks', 'The Balkans': 'It is too late to cast anchor when the ship is on the rocks', 'Western Europe and the Americas': 'It is too late to cast anchor when the ship is on the rocks'}",4,Other
262,He carries water in a sieve.,4,1,4.3,"Europe (general), Finnish and Baltic Sea cultures, Islamic cultures, Older Asiatic cultures (Kuusi)","{'Europe (general)': 'He carries water in a sieve', 'Finnish and Baltic Sea cultures': 'He carries water in a sieve', 'Islamic cultures': 'He carries water in a sieve', 'Older Asiatic cultures (Kuusi)': 'He carries water in a sieve'}",4,Other
269,Avoid cackle till your egg is laid.,4,1,4.3,"Finnish and Baltic Sea cultures, Northern Europe, Older Asiatic cultures (Kuusi), Southern Europe","{'Finnish and Baltic Sea cultures': 'Never cackle till your egg is laid', 'Northern Europe': 'Never cackle till your egg is laid', 'Older Asiatic cultures (Kuusi)': 'Never cackle till your egg is laid', 'Southern Europe': 'Never cackle till your egg is laid'}",4,Prudence / Risk & Uncertainty
277,Might is right.,4,1,4.3,"Europe (general), Finnish and Baltic Sea cultures, Islamic cultures, Older Asiatic cultures (Kuusi)","{'Europe (general)': 'Might is right', 'Finnish and Baltic Sea cultures': 'Might is right', 'Islamic cultures': 'Might is right', 'Older Asiatic cultures (Kuusi)': 'Might is right'}",4,Other
278,Fire is not quenched by fire.,4,1,4.3,"Europe (general), Finnish and Baltic Sea cultures, Islamic cultures, Older Asiatic cultures (Kuusi)","{'Europe (general)': 'Fire is not quenched by fire', 'Finnish and Baltic Sea cultures': 'Fire is not quenched by fire', 'Islamic cultures': 'Fire is not quenched by fire', 'Older Asiatic cultures (Kuusi)': 'Fire is not quenched by fire'}",4,Other
279,The fiend laughs when one thief robs another.,4,1,4.3,"Europe (general), Finnish and Baltic Sea cultures, Islamic cultures, Older Asiatic cultures (Kuusi)","{'Europe (general)': 'The fiend laughs when one thief robs another', 'Finnish and Baltic Sea cultures': 'The fiend laughs when one thief robs another', 'Islamic cultures': 'The fiend laughs when one thief robs another', 'Older Asiatic cultures (Kuusi)': 'The fiend laughs when one thief robs another'}",4,Trust / Honesty / Deception
283,On ne peut faire qu'en faisant.,4,1,4.3,"Finnish and Baltic Sea cultures, Older Asiatic cultures (Kuusi), Sub-Saharan Africa, Western Europe and the Americas","{'Finnish and Baltic Sea cultures': ""On ne peut faire qu'en faisant"", 'Older Asiatic cultures (Kuusi)': ""On ne peut faire qu'en faisant"", 'Sub-Saharan Africa': ""On ne peut faire qu'en faisant"", 'Western Europe and the Americas': ""On ne peut faire qu'en faisant""}",4,Other
289,"No song, no supper.",4,1,4.3,"Europe (general), Finnish and Baltic Sea cultures, Older Asiatic cultures (Kuusi), Sub-Saharan Africa","{'Europe (general)': 'No song, no supper', 'Finnish and Baltic Sea cultures': 'No song, no supper', 'Older Asiatic cultures (Kuusi)': 'No song, no supper', 'Sub-Saharan Africa': 'No song, no supper'}",4,Family / Kinship / Obligation
290,"Forewarned, forearmed.",4,1,4.3,"Finnish and Baltic Sea cultures, Older Asiatic cultures (Kuusi), Southern Europe, Western Europe and the Americas","{'Finnish and Baltic Sea cultures': 'Forewarned, forearmed', 'Older Asiatic cultures (Kuusi)': 'Forewarned, forearmed', 'Southern Europe': 'Forewarned, forearmed', 'Western Europe and the Americas': 'Forewarned, forearmed'}",4,Other
293,Avoid lock the stable-door after the horse has been stolen.,4,1,4.3,"Europe (general), Finnish and Baltic Sea cultures, Islamic cultures, Older Asiatic cultures (Kuusi)","{'Europe (general)': ""Don't lock the stable-door after the horse has been stolen"", 'Finnish and Baltic Sea cultures': ""Don't lock the stable-door after the horse has been stolen"", 'Islamic cultures': ""Don't lock the stable-door after the horse has been stolen"", 'Older Asiatic cultures (Kuusi)': ""Don't lock the stable-door after the horse has been stolen""}",4,Prudence / Risk & Uncertainty
294,A young trooper should have an old horse.,4,1,4.3,"Finnish and Baltic Sea cultures, Older Asiatic cultures (Kuusi), Southern Europe, Western Europe and the Americas","{'Finnish and Baltic Sea cultures': 'A young trooper should have an old horse', 'Older Asiatic cultures (Kuusi)': 'A young trooper should have an old horse', 'Southern Europe': 'A young trooper should have an old horse', 'Western Europe and the Americas': 'A young trooper should have an old horse'}",4,Other
306,An inch an hour is a foot in a day's work.,4,1,4.3,"Finnish and Baltic Sea cultures, Sub-Saharan Africa, The Balkans, Western Europe and the Americas","{'Finnish and Baltic Sea cultures': ""An inch an hour is a foot in a day's work"", 'Sub-Saharan Africa': ""An inch an hour is a foot in a day's work"", 'The Balkans': ""An inch an hour is a foot in a day's work"", 'Western Europe and the Americas': ""An inch an hour is a foot in a day's work""}",4,Effort / Time / Persistence
313,"Like lips, like lettuce.",4,1,4.3,"Europe (general), Finnish and Baltic Sea cultures, Islamic cultures, Older Asiatic cultures (Kuusi)","{'Europe (general)': 'Like lips, like lettuce', 'Finnish and Baltic Sea cultures': 'Like lips, like lettuce', 'Islamic cultures': 'Like lips, like lettuce', 'Older Asiatic cultures (Kuusi)': 'Like lips, like lettuce'}",4,Other
314,He that labours and thrives spins gold.,4,1,4.3,"Europe (general), Finnish and Baltic Sea cultures, Islamic cultures, Older Asiatic cultures (Kuusi)","{'Europe (general)': 'He that labours and thrives spins gold', 'Finnish and Baltic Sea cultures': 'He that labours and thrives spins gold', 'Islamic cultures': 'He that labours and thrives spins gold', 'Older Asiatic cultures (Kuusi)': 'He that labours and thrives spins gold'}",4,Other
323,"Truth may be blamed, but cannot be shamed.",4,1,4.3,"Europe (general), Finnish and Baltic Sea cultures, Islamic cultures, Older Asiatic cultures (Kuusi)","{'Europe (general)': 'Truth may be blamed, but cannot be shamed', 'Finnish and Baltic Sea cultures': 'Truth may be blamed, but cannot be shamed', 'Islamic cultures': 'Truth may be blamed, but cannot be shamed', 'Older Asiatic cultures (Kuusi)': 'Truth may be blamed, but cannot be shamed'}",4,Trust / Honesty / Deception
325,Measure thrice and cut once.,4,1,4.3,"Europe (general), Finnish and Baltic Sea cultures, Islamic cultures, Older Asiatic cultures (Kuusi)","{'Europe (general)': 'Measure thrice and cut once', 'Finnish and Baltic Sea cultures': 'Measure thrice and cut once', 'Islamic cultures': 'Measure thrice and cut once', 'Older Asiatic cultures (Kuusi)': 'Measure thrice and cut once'}",4,Other
329,No secret but between two.,4,1,4.3,"Europe (general), Finnish and Baltic Sea cultures, Islamic cultures, Older Asiatic cultures (Kuusi)","{'Europe (general)': 'No secret but between two', 'Finnish and Baltic Sea cultures': 'No secret but between two', 'Islamic cultures': 'No secret but between two', 'Older Asiatic cultures (Kuusi)': 'No secret but between two'}",4,Other
336,What's writ is writ.,4,1,4.3,"Europe (general), Finnish and Baltic Sea cultures, Older Asiatic cultures (Kuusi), Sub-Saharan Africa","{'Europe (general)': ""What's writ is writ"", 'Finnish and Baltic Sea cultures': ""What's writ is writ"", 'Older Asiatic cultures (Kuusi)': ""What's writ is writ"", 'Sub-Saharan Africa': ""What's writ is writ""}",4,Other
341,A fool may put something in a wise body's head.,4,1,4.3,"Europe (general), Finnish and Baltic Sea cultures, Islamic cultures, Older Asiatic cultures (Kuusi)","{'Europe (general)': ""A fool may put something in a wise body's head"", 'Finnish and Baltic Sea cultures': ""A fool may put something in a wise body's head"", 'Islamic cultures': ""A fool may put something in a wise body's head"", 'Older Asiatic cultures (Kuusi)': ""A fool may put something in a wise body's head""}",4,Other
347,"Such apple-tree, such fruit.",4,1,4.3,"Europe (general), Finnish and Baltic Sea cultures, Islamic cultures, Older Asiatic cultures (Kuusi)","{'Europe (general)': 'Such apple-tree, such fruit', 'Finnish and Baltic Sea cultures': 'Such apple-tree, such fruit', 'Islamic cultures': 'Such apple-tree, such fruit', 'Older Asiatic cultures (Kuusi)': 'Such apple-tree, such fruit'}",4,Family / Kinship / Obligation
351,It is not necessary to teach a fish to swim.,4,1,4.3,"Europe (general), Finnish and Baltic Sea cultures, Islamic cultures, Older Asiatic cultures (Kuusi)","{'Europe (general)': 'It is not necessary to teach a fish to swim', 'Finnish and Baltic Sea cultures': 'It is not necessary to teach a fish to swim', 'Islamic cultures': 'It is not necessary to teach a fish to swim', 'Older Asiatic cultures (Kuusi)': 'It is not necessary to teach a fish to swim'}",4,Other
352,He that eats king's goose shall be choked with the feathers.,4,1,4.3,"Europe (general), Finnish and Baltic Sea cultures, Older Asiatic cultures (Kuusi), Sub-Saharan Africa","{'Europe (general)': ""He that eats king's goose shall be choked with the feathers"", 'Finnish and Baltic Sea cultures': ""He that eats king's goose shall be choked with the feathers"", 'Older Asiatic cultures (Kuusi)': ""He that eats king's goose shall be choked with the feathers"", 'Sub-Saharan Africa': ""He that eats king's goose shall be choked with the feathers""}",4,Family / Kinship / Obligation
360,A blind man will not thank you for a looking-glass.,4,1,4.3,"Finnish and Baltic Sea cultures, Northern Europe, Older Asiatic cultures (Kuusi), Sub-Saharan Africa","{'Finnish and Baltic Sea cultures': 'A blind man will not thank you for a looking-glass', 'Northern Europe': 'A blind man will not thank you for a looking-glass', 'Older Asiatic cultures (Kuusi)': 'A blind man will not thank you for a looking-glass', 'Sub-Saharan Africa': 'A blind man will not thank you for a looking-glass'}",4,Family / Kinship / Obligation
368,The fright is greater than the wound.,4,1,4.3,"Finnish and Baltic Sea cultures, Islamic cultures, Older Asiatic cultures (Kuusi), Western Europe and the Americas","{'Finnish and Baltic Sea cultures': 'The fright is greater than the wound', 'Islamic cultures': 'The fright is greater than the wound', 'Older Asiatic cultures (Kuusi)': 'The fright is greater than the wound', 'Western Europe and the Americas': 'The fright is greater than the wound'}",4,Other
370,Old age is a heavy burden.,4,1,4.3,"Europe (general), Finnish and Baltic Sea cultures, Islamic cultures, Older Asiatic cultures (Kuusi)","{'Europe (general)': 'Old age is a heavy burden', 'Finnish and Baltic Sea cultures': 'Old age is a heavy burden', 'Islamic cultures': 'Old age is a heavy burden', 'Older Asiatic cultures (Kuusi)': 'Old age is a heavy burden'}",4,Other
372,It is an equal failing to trust everybody and to trust nobody.,4,1,4.3,"Eastern Europe, Islamic cultures, Sub-Saharan Africa, Western Europe and the Americas","{'Eastern Europe': 'It is an equal failing to trust everybody and to trust nobody', 'Islamic cultures': 'It is an equal failing to trust everybody and to trust nobody', 'Sub-Saharan Africa': 'It is an equal failing to trust everybody and to trust nobody', 'Western Europe and the Americas': 'It is an equal failing to trust everybody and to trust nobody'}",4,Trust / Honesty / Deception
373,A bald-headed man finds a comb.,4,1,4.3,"Eastern Europe, Older Asiatic cultures (Kuusi), Sub-Saharan Africa, Western Europe and the Americas","{'Eastern Europe': 'A bald-headed man finds a comb', 'Older Asiatic cultures (Kuusi)': 'A bald-headed man finds a comb', 'Sub-Saharan Africa': 'A bald-headed man finds a comb', 'Western Europe and the Americas': 'A bald-headed man finds a comb'}",4,Other
379,If you grease well you speed well.,4,1,4.3,"Europe (general), Finnish and Baltic Sea cultures, Islamic cultures, Older Asiatic cultures (Kuusi)","{'Europe (general)': 'If you grease well you speed well', 'Finnish and Baltic Sea cultures': 'If you grease well you speed well', 'Islamic cultures': 'If you grease well you speed well', 'Older Asiatic cultures (Kuusi)': 'If you grease well you speed well'}",4,Other
398,Business is business.,4,1,4.3,"Europe (general), Finnish and Baltic Sea cultures, Islamic cultures, Older Asiatic cultures (Kuusi)","{'Europe (general)': 'Business is business', 'Finnish and Baltic Sea cultures': 'Business is business', 'Islamic cultures': 'Business is business', 'Older Asiatic cultures (Kuusi)': 'Business is business'}",4,Other
402,The more it is stirred the more it will stink.,4,1,4.3,"Europe (general), Finnish and Baltic Sea cultures, Islamic cultures, Older Asiatic cultures (Kuusi)","{'Europe (general)': 'The more it is stirred the more it will stink', 'Finnish and Baltic Sea cultures': 'The more it is stirred the more it will stink', 'Islamic cultures': 'The more it is stirred the more it will stink', 'Older Asiatic cultures (Kuusi)': 'The more it is stirred the more it will stink'}",4,Other
404,"He that gives all before he dies, provides to suffer.",4,1,4.3,"Europe (general), Finnish and Baltic Sea cultures, Islamic cultures, Older Asiatic cultures (Kuusi)","{'Europe (general)': 'He that gives all before he dies, provides to suffer', 'Finnish and Baltic Sea cultures': 'He that gives all before he dies, provides to suffer', 'Islamic cultures': 'He that gives all before he dies, provides to suffer', 'Older Asiatic cultures (Kuusi)': 'He that gives all before he dies, provides to suffer'}",4,Other
411,Four eyes see better than two.,4,1,4.3,"Europe (general), Finnish and Baltic Sea cultures, Older Asiatic cultures (Kuusi), Sub-Saharan Africa","{'Europe (general)': 'Four eyes see better than two', 'Finnish and Baltic Sea cultures': 'Four eyes see better than two', 'Older Asiatic cultures (Kuusi)': 'Four eyes see better than two', 'Sub-Saharan Africa': 'Four eyes see better than two'}",4,Other
415,To the place where the heart loves the feet will carry you.,4,1,4.3,"Europe (general), Finnish and Baltic Sea cultures, Islamic cultures, Sub-Saharan Africa","{'Europe (general)': 'To the place where the heart loves the feet will carry you', 'Finnish and Baltic Sea cultures': 'To the place where the heart loves the feet will carry you', 'Islamic cultures': 'To the place where the heart loves the feet will carry you', 'Sub-Saharan Africa': 'To the place where the heart loves the feet will carry you'}",4,Other
418,To tell the truth makes enemies.,4,1,4.3,"Europe (general), Finnish and Baltic Sea cultures, Islamic cultures, Older Asiatic cultures (Kuusi)","{'Europe (general)': 'To tell the truth makes enemies', 'Finnish and Baltic Sea cultures': 'To tell the truth makes enemies', 'Islamic cultures': 'To tell the truth makes enemies', 'Older Asiatic cultures (Kuusi)': 'To tell the truth makes enemies'}",4,Trust / Honesty / Deception
419,Robbing Peter to pay Paul.,4,1,4.3,"Europe (general), Finnish and Baltic Sea cultures, Islamic cultures, Older Asiatic cultures (Kuusi)","{'Europe (general)': 'Robbing Peter to pay Paul', 'Finnish and Baltic Sea cultures': 'Robbing Peter to pay Paul', 'Islamic cultures': 'Robbing Peter to pay Paul', 'Older Asiatic cultures (Kuusi)': 'Robbing Peter to pay Paul'}",4,Other
429,Plenty is no plague.,4,1,4.3,"Europe (general), Finnish and Baltic Sea cultures, Older Asiatic cultures (Kuusi), Sub-Saharan Africa","{'Europe (general)': 'Plenty is no plague', 'Finnish and Baltic Sea cultures': 'Plenty is no plague', 'Older Asiatic cultures (Kuusi)': 'Plenty is no plague', 'Sub-Saharan Africa': 'Plenty is no plague'}",4,Other
433,"Give-gaff is a good man, but he is soon weary.",4,1,4.3,"Europe (general), Finnish and Baltic Sea cultures, Islamic cultures, Sub-Saharan Africa","{'Europe (general)': 'Give-gaff is a good man, but he is soon weary', 'Finnish and Baltic Sea cultures': 'Give-gaff is a good man, but he is soon weary', 'Islamic cultures': 'Give-gaff is a good man, but he is soon weary', 'Sub-Saharan Africa': 'Give-gaff is a good man, but he is soon weary'}",4,Other
435,There must be two at least to a quarrel.,4,1,4.3,"Europe (general), Finnish and Baltic Sea cultures, Older Asiatic cultures (Kuusi), Sub-Saharan Africa","{'Europe (general)': 'There must be two at least to a quarrel', 'Finnish and Baltic Sea cultures': 'There must be two at least to a quarrel', 'Older Asiatic cultures (Kuusi)': 'There must be two at least to a quarrel', 'Sub-Saharan Africa': 'There must be two at least to a quarrel'}",4,Other
441,You look for the horse you ride on.,4,1,4.3,"Eastern Europe, Finnish and Baltic Sea cultures, Older Asiatic cultures (Kuusi), Western Europe and the Americas","{'Eastern Europe': 'You look for the horse you ride on', 'Finnish and Baltic Sea cultures': 'You look for the horse you ride on', 'Older Asiatic cultures (Kuusi)': 'You look for the horse you ride on', 'Western Europe and the Americas': 'You look for the horse you ride on'}",4,Other
443,The gift blinds the wise.,4,1,4.3,"Europe (general), Finnish and Baltic Sea cultures, Older Asiatic cultures (Kuusi), Sub-Saharan Africa","{'Europe (general)': 'The gift blinds the wise', 'Finnish and Baltic Sea cultures': 'The gift blinds the wise', 'Older Asiatic cultures (Kuusi)': 'The gift blinds the wise', 'Sub-Saharan Africa': 'The gift blinds the wise'}",4,Other
446,A baited cat may grow as fierce as a lion.,4,1,4.3,"Islamic cultures, Older Asiatic cultures (Kuusi), Pacific area, Western Europe and the Americas","{'Islamic cultures': 'A baited cat may grow as fierce as a lion', 'Older Asiatic cultures (Kuusi)': 'A baited cat may grow as fierce as a lion', 'Pacific area': 'A baited cat may grow as fierce as a lion', 'Western Europe and the Americas': 'A baited cat may grow as fierce as a lion'}",4,Other
447,"Whose bread I eat, his song I sing.",4,1,4.3,"Europe (general), Finnish and Baltic Sea cultures, Islamic cultures, Older Asiatic cultures (Kuusi)","{'Europe (general)': 'Whose bread I eat, his song I sing', 'Finnish and Baltic Sea cultures': 'Whose bread I eat, his song I sing', 'Islamic cultures': 'Whose bread I eat, his song I sing', 'Older Asiatic cultures (Kuusi)': 'Whose bread I eat, his song I sing'}",4,Family / Kinship / Obligation
448,A soft tongue may break down solid bone.,4,1,4.3,"Europe (general), Finnish and Baltic Sea cultures, Islamic cultures, Older Asiatic cultures (Kuusi)","{'Europe (general)': 'A soft tongue may break down solid bone', 'Finnish and Baltic Sea cultures': 'A soft tongue may break down solid bone', 'Islamic cultures': 'A soft tongue may break down solid bone', 'Older Asiatic cultures (Kuusi)': 'A soft tongue may break down solid bone'}",4,Knowledge / Speech / Silence
450,The cracked pot lasts longest.,4,1,4.3,"Europe (general), Finnish and Baltic Sea cultures, Older Asiatic cultures (Kuusi), Sub-Saharan Africa","{'Europe (general)': 'The cracked pot lasts longest', 'Finnish and Baltic Sea cultures': 'The cracked pot lasts longest', 'Older Asiatic cultures (Kuusi)': 'The cracked pot lasts longest', 'Sub-Saharan Africa': 'The cracked pot lasts longest'}",4,Other
461,Claw me and I'll claw you.,4,1,4.3,"Europe (general), Finnish and Baltic Sea cultures, Islamic cultures, Older Asiatic cultures (Kuusi)","{'Europe (general)': ""Claw me and I'll claw you"", 'Finnish and Baltic Sea cultures': ""Claw me and I'll claw you"", 'Islamic cultures': ""Claw me and I'll claw you"", 'Older Asiatic cultures (Kuusi)': ""Claw me and I'll claw you""}",4,Other
465,"Cobbler, stick to your last.",4,1,4.3,"Europe (general), Finnish and Baltic Sea cultures, Islamic cultures, Older Asiatic cultures (Kuusi)","{'Europe (general)': 'Cobbler, stick to your last', 'Finnish and Baltic Sea cultures': 'Cobbler, stick to your last', 'Islamic cultures': 'Cobbler, stick to your last', 'Older Asiatic cultures (Kuusi)': 'Cobbler, stick to your last'}",4,Other
480,Love is the true price of love.,4,1,4.3,"Europe (general), Finnish and Baltic Sea cultures, Older Asiatic cultures (Kuusi), Sub-Saharan Africa","{'Europe (general)': 'Love is the true price of love', 'Finnish and Baltic Sea cultures': 'Love is the true price of love', 'Older Asiatic cultures (Kuusi)': 'Love is the true price of love', 'Sub-Saharan Africa': 'Love is the true price of love'}",4,Other
488,A threefold cord is not quickly broken.,4,1,4.3,"Europe (general), Finnish and Baltic Sea cultures, Pacific area, Sub-Saharan Africa","{'Europe (general)': 'A threefold cord is not quickly broken', 'Finnish and Baltic Sea cultures': 'A threefold cord is not quickly broken', 'Pacific area': 'A threefold cord is not quickly broken', 'Sub-Saharan Africa': 'A threefold cord is not quickly broken'}",4,Other
489,A deserved reproach hurts.,4,1,4.3,"Europe (general), Finnish and Baltic Sea cultures, Islamic cultures, Older Asiatic cultures (Kuusi)","{'Europe (general)': 'A deserved reproach hurts', 'Finnish and Baltic Sea cultures': 'A deserved reproach hurts', 'Islamic cultures': 'A deserved reproach hurts', 'Older Asiatic cultures (Kuusi)': 'A deserved reproach hurts'}",4,Other
493,"If a thing is done, then advice comes too late.",4,1,4.3,"Europe (general), Finnish and Baltic Sea cultures, Islamic cultures, Older Asiatic cultures (Kuusi)","{'Europe (general)': 'When a thing is done, advice comes too late', 'Finnish and Baltic Sea cultures': 'When a thing is done, advice comes too late', 'Islamic cultures': 'When a thing is done, advice comes too late', 'Older Asiatic cultures (Kuusi)': 'When a thing is done, advice comes too late'}",4,Other
496,Avoid cut off the bough on which you are sitting.,4,1,4.3,"Europe (general), Finnish and Baltic Sea cultures, Older Asiatic cultures (Kuusi), Sub-Saharan Africa","{'Europe (general)': ""Don't cut off the bough on which you are sitting"", 'Finnish and Baltic Sea cultures': ""Don't cut off the bough on which you are sitting"", 'Older Asiatic cultures (Kuusi)': ""Don't cut off the bough on which you are sitting"", 'Sub-Saharan Africa': ""Don't cut off the bough on which you are sitting""}",4,Prudence / Risk & Uncertainty
498,Money commands all.,4,1,4.3,"Europe (general), Finnish and Baltic Sea cultures, Islamic cultures, Older Asiatic cultures (Kuusi)","{'Europe (general)': 'Money commands all', 'Finnish and Baltic Sea cultures': 'Money commands all', 'Islamic cultures': 'Money commands all', 'Older Asiatic cultures (Kuusi)': 'Money commands all'}",4,Other
502,A man of many trades begs his bread on Sunday.,4,1,4.3,"Europe (general), Finnish and Baltic Sea cultures, Islamic cultures, Older Asiatic cultures (Kuusi)","{'Europe (general)': 'A man of many trades begs his bread on Sunday', 'Finnish and Baltic Sea cultures': 'A man of many trades begs his bread on Sunday', 'Islamic cultures': 'A man of many trades begs his bread on Sunday', 'Older Asiatic cultures (Kuusi)': 'A man of many trades begs his bread on Sunday'}",4,Other
512,He that fears every bush must never go a-birding.,4,1,4.3,"Europe (general), Finnish and Baltic Sea cultures, Older Asiatic cultures (Kuusi), Sub-Saharan Africa","{'Europe (general)': 'He that fears every bush must never go a-birding', 'Finnish and Baltic Sea cultures': 'He that fears every bush must never go a-birding', 'Older Asiatic cultures (Kuusi)': 'He that fears every bush must never go a-birding', 'Sub-Saharan Africa': 'He that fears every bush must never go a-birding'}",4,Prudence / Risk & Uncertainty
525,The fish that gets away is always a large one.,4,1,4.3,"Europe (general), Finnish and Baltic Sea cultures, Islamic cultures, Older Asiatic cultures (Kuusi)","{'Europe (general)': 'The fish that gets away is always a large one', 'Finnish and Baltic Sea cultures': 'The fish that gets away is always a large one', 'Islamic cultures': 'The fish that gets away is always a large one', 'Older Asiatic cultures (Kuusi)': 'The fish that gets away is always a large one'}",4,Other
528,A stick has two ends.,4,1,4.3,"Europe (general), Finnish and Baltic Sea cultures, Islamic cultures, Sub-Saharan Africa","{'Europe (general)': 'A stick has two ends', 'Finnish and Baltic Sea cultures': 'A stick has two ends', 'Islamic cultures': 'A stick has two ends', 'Sub-Saharan Africa': 'A stick has two ends'}",4,Other
531,You aim at magpies but shoot at crows.,4,1,4.3,"Europe (general), Finnish and Baltic Sea cultures, Islamic cultures, Older Asiatic cultures (Kuusi)","{'Europe (general)': 'You aim at magpies but shoot at crows', 'Finnish and Baltic Sea cultures': 'You aim at magpies but shoot at crows', 'Islamic cultures': 'You aim at magpies but shoot at crows', 'Older Asiatic cultures (Kuusi)': 'You aim at magpies but shoot at crows'}",4,Other
543,To dine with Duke Humphrey.,4,1,4.3,"Europe (general), Finnish and Baltic Sea cultures, Islamic cultures, Older Asiatic cultures (Kuusi)","{'Europe (general)': 'To dine with Duke Humphrey', 'Finnish and Baltic Sea cultures': 'To dine with Duke Humphrey', 'Islamic cultures': 'To dine with Duke Humphrey', 'Older Asiatic cultures (Kuusi)': 'To dine with Duke Humphrey'}",4,Other
554,All that is known is not told.,4,1,4.3,"Europe (general), Finnish and Baltic Sea cultures, Islamic cultures, Older Asiatic cultures (Kuusi)","{'Europe (general)': 'All that is known is not told', 'Finnish and Baltic Sea cultures': 'All that is known is not told', 'Islamic cultures': 'All that is known is not told', 'Older Asiatic cultures (Kuusi)': 'All that is known is not told'}",4,Other
556,"Lange Krankheit, sicher Tod.",4,1,4.3,"Europe (general), Finnish and Baltic Sea cultures, Islamic cultures, Sub-Saharan Africa","{'Europe (general)': 'Lange Krankheit, sicher Tod', 'Finnish and Baltic Sea cultures': 'Lange Krankheit, sicher Tod', 'Islamic cultures': 'Lange Krankheit, sicher Tod', 'Sub-Saharan Africa': 'Lange Krankheit, sicher Tod'}",4,Other
557,People who come from hell are not afraid of hot ashes.,4,1,4.3,"Islamic cultures, Older Asiatic cultures (Kuusi), The Balkans, Western Europe and the Americas","{'Islamic cultures': 'People who come from hell are not afraid of hot ashes', 'Older Asiatic cultures (Kuusi)': 'People who come from hell are not afraid of hot ashes', 'The Balkans': 'People who come from hell are not afraid of hot ashes', 'Western Europe and the Americas': 'People who come from hell are not afraid of hot ashes'}",4,Other
568,Avoid talk Arabic in the house of a Moor.,4,1,4.3,"Europe (general), Finnish and Baltic Sea cultures, Older Asiatic cultures (Kuusi), Sub-Saharan Africa","{'Europe (general)': 'Do not talk Arabic in the house of a Moor', 'Finnish and Baltic Sea cultures': 'Do not talk Arabic in the house of a Moor', 'Older Asiatic cultures (Kuusi)': 'Do not talk Arabic in the house of a Moor', 'Sub-Saharan Africa': 'Do not talk Arabic in the house of a Moor'}",4,Prudence / Risk & Uncertainty
588,Into a shut mouth flies fly not.,4,1,4.3,"Finnish and Baltic Sea cultures, Islamic cultures, Southern Europe, Western Europe and the Americas","{'Finnish and Baltic Sea cultures': 'Into a shut mouth flies fly not', 'Islamic cultures': 'Into a shut mouth flies fly not', 'Southern Europe': 'Into a shut mouth flies fly not', 'Western Europe and the Americas': 'Into a shut mouth flies fly not'}",4,Trust / Honesty / Deception
592,We never know the value of water till the well is dry.,4,1,4.3,"Europe (general), Finnish and Baltic Sea cultures, Islamic cultures, Older Asiatic cultures (Kuusi)","{'Europe (general)': 'We never know the value of water till the well is dry', 'Finnish and Baltic Sea cultures': 'We never know the value of water till the well is dry', 'Islamic cultures': 'We never know the value of water till the well is dry', 'Older Asiatic cultures (Kuusi)': 'We never know the value of water till the well is dry'}",4,Prudence / Risk & Uncertainty
606,"Do what you ought, let come what may.",4,1,4.3,"Europe (general), Finnish and Baltic Sea cultures, Islamic cultures, Older Asiatic cultures (Kuusi)","{'Europe (general)': 'Do what you ought, let come what may', 'Finnish and Baltic Sea cultures': 'Do what you ought, let come what may', 'Islamic cultures': 'Do what you ought, let come what may', 'Older Asiatic cultures (Kuusi)': 'Do what you ought, let come what may'}",4,Other
612,He that touches pitch shall be defiled.,4,1,4.3,"Europe (general), Finnish and Baltic Sea cultures, Islamic cultures, Older Asiatic cultures (Kuusi)","{'Europe (general)': 'He that touches pitch shall be defiled', 'Finnish and Baltic Sea cultures': 'He that touches pitch shall be defiled', 'Islamic cultures': 'He that touches pitch shall be defiled', 'Older Asiatic cultures (Kuusi)': 'He that touches pitch shall be defiled'}",4,Other
622,"Speak fitly, or be silent wisely.",4,1,4.3,"Europe (general), Finnish and Baltic Sea cultures, Islamic cultures, Older Asiatic cultures (Kuusi)","{'Europe (general)': 'Speak fitly, or be silent wisely', 'Finnish and Baltic Sea cultures': 'Speak fitly, or be silent wisely', 'Islamic cultures': 'Speak fitly, or be silent wisely', 'Older Asiatic cultures (Kuusi)': 'Speak fitly, or be silent wisely'}",4,Knowledge / Speech / Silence
627,The great fish eat the small.,4,1,4.3,"Europe (general), Islamic cultures, Older Asiatic cultures (Kuusi), Pacific area","{'Europe (general)': 'The great fish eat the small', 'Islamic cultures': 'The great fish eat the small', 'Older Asiatic cultures (Kuusi)': 'The great fish eat the small', 'Pacific area': 'The great fish eat the small'}",4,Other
634,"You a gentleman and I a gentleman, who will milk the cow?",4,1,4.3,"Europe (general), Finnish and Baltic Sea cultures, Islamic cultures, Older Asiatic cultures (Kuusi)","{'Europe (general)': 'You a gentleman and I a gentleman, who will milk the cow?', 'Finnish and Baltic Sea cultures': 'You a gentleman and I a gentleman, who will milk the cow?', 'Islamic cultures': 'You a gentleman and I a gentleman, who will milk the cow?', 'Older Asiatic cultures (Kuusi)': 'You a gentleman and I a gentleman, who will milk the cow?'}",4,Other
640,What you have given will be a shield.,4,1,4.3,"Europe (general), Finnish and Baltic Sea cultures, Older Asiatic cultures (Kuusi), Sub-Saharan Africa","{'Europe (general)': 'What you have given will be a shield', 'Finnish and Baltic Sea cultures': 'What you have given will be a shield', 'Older Asiatic cultures (Kuusi)': 'What you have given will be a shield', 'Sub-Saharan Africa': 'What you have given will be a shield'}",4,Other
641,The truthful man has no room even in the tavern.,4,1,4.3,"Europe (general), Finnish and Baltic Sea cultures, Islamic cultures, Older Asiatic cultures (Kuusi)","{'Europe (general)': 'The truthful man has no room even in the tavern', 'Finnish and Baltic Sea cultures': 'The truthful man has no room even in the tavern', 'Islamic cultures': 'The truthful man has no room even in the tavern', 'Older Asiatic cultures (Kuusi)': 'The truthful man has no room even in the tavern'}",4,Trust / Honesty / Deception
646,Bend the willow while it is young.,4,1,4.3,"Europe (general), Finnish and Baltic Sea cultures, Islamic cultures, Older Asiatic cultures (Kuusi)","{'Europe (general)': 'Bend the willow while it is young', 'Finnish and Baltic Sea cultures': 'Bend the willow while it is young', 'Islamic cultures': 'Bend the willow while it is young', 'Older Asiatic cultures (Kuusi)': 'Bend the willow while it is young'}",4,Other
647,Anger is misery.,4,1,4.3,"Europe (general), Finnish and Baltic Sea cultures, Islamic cultures, Sub-Saharan Africa","{'Europe (general)': 'Anger is misery', 'Finnish and Baltic Sea cultures': 'Anger is misery', 'Islamic cultures': 'Anger is misery', 'Sub-Saharan Africa': 'Anger is misery'}",4,Other
648,Loaned out trousers don't get better.,4,1,4.3,"Finnish and Baltic Sea cultures, Northern Europe, Older Asiatic cultures (Kuusi), Sub-Saharan Africa","{'Finnish and Baltic Sea cultures': ""Loaned out trousers don't get better"", 'Northern Europe': ""Loaned out trousers don't get better"", 'Older Asiatic cultures (Kuusi)': ""Loaned out trousers don't get better"", 'Sub-Saharan Africa': ""Loaned out trousers don't get better""}",4,Other
651,"Bear wealth, poverty will bear itself.",4,1,4.3,"Finnish and Baltic Sea cultures, Older Asiatic cultures (Kuusi), Southern Europe, Western Europe and the Americas","{'Finnish and Baltic Sea cultures': 'Bear wealth, poverty will bear itself', 'Older Asiatic cultures (Kuusi)': 'Bear wealth, poverty will bear itself', 'Southern Europe': 'Bear wealth, poverty will bear itself', 'Western Europe and the Americas': 'Bear wealth, poverty will bear itself'}",4,Other
652,A fool may give a wise man counsel.,4,1,4.3,"Finnish and Baltic Sea cultures, Islamic cultures, Older Asiatic cultures (Kuusi), Western Europe and the Americas","{'Finnish and Baltic Sea cultures': 'A fool may give a wise man counsel', 'Islamic cultures': 'A fool may give a wise man counsel', 'Older Asiatic cultures (Kuusi)': 'A fool may give a wise man counsel', 'Western Europe and the Americas': 'A fool may give a wise man counsel'}",4,Other
661,Pigs grunt about everything and nothing.,4,1,4.3,"Europe (general), Finnish and Baltic Sea cultures, Islamic cultures, Older Asiatic cultures (Kuusi)","{'Europe (general)': 'Pigs grunt about everything and nothing', 'Finnish and Baltic Sea cultures': 'Pigs grunt about everything and nothing', 'Islamic cultures': 'Pigs grunt about everything and nothing', 'Older Asiatic cultures (Kuusi)': 'Pigs grunt about everything and nothing'}",4,Other
676,He that promises too much means nothing.,4,1,4.3,"Europe (general), Finnish and Baltic Sea cultures, Islamic cultures, Older Asiatic cultures (Kuusi)","{'Europe (general)': 'He that promises too much means nothing', 'Finnish and Baltic Sea cultures': 'He that promises too much means nothing', 'Islamic cultures': 'He that promises too much means nothing', 'Older Asiatic cultures (Kuusi)': 'He that promises too much means nothing'}",4,Other
688,There are as many good stepmothers as white ravens.,4,1,4.3,"Europe (general), Finnish and Baltic Sea cultures, Islamic cultures, Older Asiatic cultures (Kuusi)","{'Europe (general)': 'There are as many good stepmothers as white ravens', 'Finnish and Baltic Sea cultures': 'There are as many good stepmothers as white ravens', 'Islamic cultures': 'There are as many good stepmothers as white ravens', 'Older Asiatic cultures (Kuusi)': 'There are as many good stepmothers as white ravens'}",4,Family / Kinship / Obligation
704,In at one ear and out at the other.,4,1,4.3,"Europe (general), Finnish and Baltic Sea cultures, Islamic cultures, Older Asiatic cultures (Kuusi)","{'Europe (general)': 'In at one ear and out at the other', 'Finnish and Baltic Sea cultures': 'In at one ear and out at the other', 'Islamic cultures': 'In at one ear and out at the other', 'Older Asiatic cultures (Kuusi)': 'In at one ear and out at the other'}",4,Other
709,Judge not lest ye be judged.,4,1,4.3,"Europe (general), Finnish and Baltic Sea cultures, Older Asiatic cultures (Kuusi), Sub-Saharan Africa","{'Europe (general)': 'Judge not lest ye be judged', 'Finnish and Baltic Sea cultures': 'Judge not lest ye be judged', 'Older Asiatic cultures (Kuusi)': 'Judge not lest ye be judged', 'Sub-Saharan Africa': 'Judge not lest ye be judged'}",4,Other
710,Necessity is the mother of invention.,4,1,4.3,"Europe (general), Finnish and Baltic Sea cultures, Islamic cultures, Older Asiatic cultures (Kuusi)","{'Europe (general)': 'Necessity is the mother of invention', 'Finnish and Baltic Sea cultures': 'Necessity is the mother of invention', 'Islamic cultures': 'Necessity is the mother of invention', 'Older Asiatic cultures (Kuusi)': 'Necessity is the mother of invention'}",4,Family / Kinship / Obligation
713,Death spares neither small nor great.,4,1,4.3,"Europe (general), Finnish and Baltic Sea cultures, Islamic cultures, Sub-Saharan Africa","{'Europe (general)': 'Death spares neither small nor great', 'Finnish and Baltic Sea cultures': 'Death spares neither small nor great', 'Islamic cultures': 'Death spares neither small nor great', 'Sub-Saharan Africa': 'Death spares neither small nor great'}",4,Other
714,Bad news travels fast.,4,1,4.3,"Europe (general), Finnish and Baltic Sea cultures, Islamic cultures, Older Asiatic cultures (Kuusi)","{'Europe (general)': 'Bad news travels fast', 'Finnish and Baltic Sea cultures': 'Bad news travels fast', 'Islamic cultures': 'Bad news travels fast', 'Older Asiatic cultures (Kuusi)': 'Bad news travels fast'}",4,Other
722,Money makes the mare go.,4,1,4.3,"Europe (general), Finnish and Baltic Sea cultures, Islamic cultures, Older Asiatic cultures (Kuusi)","{'Europe (general)': 'Money makes the mare go', 'Finnish and Baltic Sea cultures': 'Money makes the mare go', 'Islamic cultures': 'Money makes the mare go', 'Older Asiatic cultures (Kuusi)': 'Money makes the mare go'}",4,Other
736,Poverty is no shame.,4,1,4.3,"Europe (general), Finnish and Baltic Sea cultures, Islamic cultures, Older Asiatic cultures (Kuusi)","{'Europe (general)': 'Poverty is no shame', 'Finnish and Baltic Sea cultures': 'Poverty is no shame', 'Islamic cultures': 'Poverty is no shame', 'Older Asiatic cultures (Kuusi)': 'Poverty is no shame'}",4,Other
737,Avoid put a sword in a madman's hand.,4,1,4.3,"Europe (general), Finnish and Baltic Sea cultures, Islamic cultures, Older Asiatic cultures (Kuusi)","{'Europe (general)': ""Never put a sword in a madman's hand"", 'Finnish and Baltic Sea cultures': ""Never put a sword in a madman's hand"", 'Islamic cultures': ""Never put a sword in a madman's hand"", 'Older Asiatic cultures (Kuusi)': ""Never put a sword in a madman's hand""}",4,Prudence / Risk & Uncertainty
747,Love cannot be forced.,4,1,4.3,"Europe (general), Finnish and Baltic Sea cultures, Islamic cultures, Sub-Saharan Africa","{'Europe (general)': 'Love cannot be forced', 'Finnish and Baltic Sea cultures': 'Love cannot be forced', 'Islamic cultures': 'Love cannot be forced', 'Sub-Saharan Africa': 'Love cannot be forced'}",4,Other
753,"He that comes now and then, shall have a fat hen.",4,1,4.3,"Europe (general), Finnish and Baltic Sea cultures, Islamic cultures, Older Asiatic cultures (Kuusi)","{'Europe (general)': 'He that comes now and then, shall have a fat hen', 'Finnish and Baltic Sea cultures': 'He that comes now and then, shall have a fat hen', 'Islamic cultures': 'He that comes now and then, shall have a fat hen', 'Older Asiatic cultures (Kuusi)': 'He that comes now and then, shall have a fat hen'}",4,Other
754,There is sure to be fuel near a big tree.,4,1,4.3,"Eastern Europe, Finnish and Baltic Sea cultures, Older Asiatic cultures (Kuusi), Sub-Saharan Africa","{'Eastern Europe': 'There is sure to be fuel near a big tree', 'Finnish and Baltic Sea cultures': 'There is sure to be fuel near a big tree', 'Older Asiatic cultures (Kuusi)': 'There is sure to be fuel near a big tree', 'Sub-Saharan Africa': 'There is sure to be fuel near a big tree'}",4,Family / Kinship / Obligation
756,Even birds in a nest quarrel.,4,1,4.3,"Europe (general), Finnish and Baltic Sea cultures, Older Asiatic cultures (Kuusi), Sub-Saharan Africa","{'Europe (general)': 'Even birds in a nest quarrel', 'Finnish and Baltic Sea cultures': 'Even birds in a nest quarrel', 'Older Asiatic cultures (Kuusi)': 'Even birds in a nest quarrel', 'Sub-Saharan Africa': 'Even birds in a nest quarrel'}",4,Other
760,The old cow thinks she was never a calf.,4,1,4.3,"Europe (general), Finnish and Baltic Sea cultures, Older Asiatic cultures (Kuusi), Sub-Saharan Africa","{'Europe (general)': 'The old cow thinks she was never a calf', 'Finnish and Baltic Sea cultures': 'The old cow thinks she was never a calf', 'Older Asiatic cultures (Kuusi)': 'The old cow thinks she was never a calf', 'Sub-Saharan Africa': 'The old cow thinks she was never a calf'}",4,Prudence / Risk & Uncertainty
761,Deaths foreseen come not.,4,1,4.3,"Europe (general), Finnish and Baltic Sea cultures, Older Asiatic cultures (Kuusi), Sub-Saharan Africa","{'Europe (general)': 'Deaths foreseen come not', 'Finnish and Baltic Sea cultures': 'Deaths foreseen come not', 'Older Asiatic cultures (Kuusi)': 'Deaths foreseen come not', 'Sub-Saharan Africa': 'Deaths foreseen come not'}",4,Other
774,Much would have more.,4,1,4.3,"Europe (general), Finnish and Baltic Sea cultures, Older Asiatic cultures (Kuusi), Sub-Saharan Africa","{'Europe (general)': 'Much would have more', 'Finnish and Baltic Sea cultures': 'Much would have more', 'Older Asiatic cultures (Kuusi)': 'Much would have more', 'Sub-Saharan Africa': 'Much would have more'}",4,Other
775,"If the next house is on fire, then it is high time to look to your own.",4,1,4.3,"Europe (general), Finnish and Baltic Sea cultures, Older Asiatic cultures (Kuusi), Sub-Saharan Africa","{'Europe (general)': 'When the next house is on fire, it is high time to look to your own', 'Finnish and Baltic Sea cultures': 'When the next house is on fire, it is high time to look to your own', 'Older Asiatic cultures (Kuusi)': 'When the next house is on fire, it is high time to look to your own', 'Sub-Saharan Africa': 'When the next house is on fire, it is high time to look to your own'}",4,Effort / Time / Persistence
776,A good wife makes a good husband.,4,1,4.3,"Europe (general), Finnish and Baltic Sea cultures, Older Asiatic cultures (Kuusi), Sub-Saharan Africa","{'Europe (general)': 'A good wife makes a good husband', 'Finnish and Baltic Sea cultures': 'A good wife makes a good husband', 'Older Asiatic cultures (Kuusi)': 'A good wife makes a good husband', 'Sub-Saharan Africa': 'A good wife makes a good husband'}",4,Other
779,"Danger past, God forgotten.",4,1,4.3,"Europe (general), Finnish and Baltic Sea cultures, Islamic cultures, Older Asiatic cultures (Kuusi)","{'Europe (general)': 'Danger past, God forgotten', 'Finnish and Baltic Sea cultures': 'Danger past, God forgotten', 'Islamic cultures': 'Danger past, God forgotten', 'Older Asiatic cultures (Kuusi)': 'Danger past, God forgotten'}",4,Prudence / Risk & Uncertainty
787,One nail drives another.,4,1,4.3,"Europe (general), Finnish and Baltic Sea cultures, Islamic cultures, Older Asiatic cultures (Kuusi)","{'Europe (general)': 'One nail drives another', 'Finnish and Baltic Sea cultures': 'One nail drives another', 'Islamic cultures': 'One nail drives another', 'Older Asiatic cultures (Kuusi)': 'One nail drives another'}",4,Other
789,"One father can support ten children, ten children cannot support one father.",4,1,4.3,"Europe (general), Finnish and Baltic Sea cultures, Islamic cultures, Sub-Saharan Africa","{'Europe (general)': 'One father can support ten children, ten children cannot support one father', 'Finnish and Baltic Sea cultures': 'One father can support ten children, ten children cannot support one father', 'Islamic cultures': 'One father can support ten children, ten children cannot support one father', 'Sub-Saharan Africa': 'One father can support ten children, ten children cannot support one father'}",4,Family / Kinship / Obligation
792,"Like father, like son.",4,1,4.3,"Europe (general), Finnish and Baltic Sea cultures, Islamic cultures, Older Asiatic cultures (Kuusi)","{'Europe (general)': 'Like father, like son', 'Finnish and Baltic Sea cultures': 'Like father, like son', 'Islamic cultures': 'Like father, like son', 'Older Asiatic cultures (Kuusi)': 'Like father, like son'}",4,Family / Kinship / Obligation
795,Avoid cast dirt into that fountain of which you have sometime to drink.,4,1,4.3,"Europe (general), Finnish and Baltic Sea cultures, Islamic cultures, Older Asiatic cultures (Kuusi)","{'Europe (general)': ""Don't cast dirt into that fountain of which you have sometime to drink"", 'Finnish and Baltic Sea cultures': ""Don't cast dirt into that fountain of which you have sometime to drink"", 'Islamic cultures': ""Don't cast dirt into that fountain of which you have sometime to drink"", 'Older Asiatic cultures (Kuusi)': ""Don't cast dirt into that fountain of which you have sometime to drink""}",4,Prudence / Risk & Uncertainty
799,With one's hat in one's hand one goes throughout the land.,4,1,4.3,"Europe (general), Finnish and Baltic Sea cultures, Islamic cultures, Older Asiatic cultures (Kuusi)","{'Europe (general)': ""With one's hat in one's hand one goes throughout the land"", 'Finnish and Baltic Sea cultures': ""With one's hat in one's hand one goes throughout the land"", 'Islamic cultures': ""With one's hat in one's hand one goes throughout the land"", 'Older Asiatic cultures (Kuusi)': ""With one's hat in one's hand one goes throughout the land""}",4,Other
803,Whatever man has done man can do.,4,1,4.3,"Europe (general), Finnish and Baltic Sea cultures, Older Asiatic cultures (Kuusi), Sub-Saharan Africa","{'Europe (general)': 'Whatever man has done man can do', 'Finnish and Baltic Sea cultures': 'Whatever man has done man can do', 'Older Asiatic cultures (Kuusi)': 'Whatever man has done man can do', 'Sub-Saharan Africa': 'Whatever man has done man can do'}",4,Other
822,Doing nothing is hard work.,4,1,4.3,"Eastern Europe, Islamic cultures, Older Asiatic cultures (Kuusi), Western Europe and the Americas","{'Eastern Europe': 'Doing nothing is hard work', 'Islamic cultures': 'Doing nothing is hard work', 'Older Asiatic cultures (Kuusi)': 'Doing nothing is hard work', 'Western Europe and the Americas': 'Doing nothing is hard work'}",4,Effort / Time / Persistence
825,Reason comes with years.,4,1,4.3,"Europe (general), Finnish and Baltic Sea cultures, Older Asiatic cultures (Kuusi), Sub-Saharan Africa","{'Europe (general)': 'Reason comes with years', 'Finnish and Baltic Sea cultures': 'Reason comes with years', 'Older Asiatic cultures (Kuusi)': 'Reason comes with years', 'Sub-Saharan Africa': 'Reason comes with years'}",4,Family / Kinship / Obligation
826,A guest after three days becomes unwelcome.,4,1,4.3,"Europe (general), Finnish and Baltic Sea cultures, Islamic cultures, Older Asiatic cultures (Kuusi)","{'Europe (general)': 'A guest after three days becomes unwelcome', 'Finnish and Baltic Sea cultures': 'A guest after three days becomes unwelcome', 'Islamic cultures': 'A guest after three days becomes unwelcome', 'Older Asiatic cultures (Kuusi)': 'A guest after three days becomes unwelcome'}",4,Other
828,Where there is an advantage there is also a disadvantage.,4,1,4.3,"Eastern Europe, Islamic cultures, Older Asiatic cultures (Kuusi), Western Europe and the Americas","{'Eastern Europe': 'Where there is an advantage there is also a disadvantage', 'Islamic cultures': 'Where there is an advantage there is also a disadvantage', 'Older Asiatic cultures (Kuusi)': 'Where there is an advantage there is also a disadvantage', 'Western Europe and the Americas': 'Where there is an advantage there is also a disadvantage'}",4,Other
830,No pride like that of an enriched beggar.,4,1,4.3,"Europe (general), Finnish and Baltic Sea cultures, Older Asiatic cultures (Kuusi), Sub-Saharan Africa","{'Europe (general)': 'No pride like that of an enriched beggar', 'Finnish and Baltic Sea cultures': 'No pride like that of an enriched beggar', 'Older Asiatic cultures (Kuusi)': 'No pride like that of an enriched beggar', 'Sub-Saharan Africa': 'No pride like that of an enriched beggar'}",4,Other
869,It's very hard to shave an egg.,4,1,4.3,"Europe (general), Finnish and Baltic Sea cultures, Islamic cultures, Older Asiatic cultures (Kuusi)","{'Europe (general)': ""It's very hard to shave an egg"", 'Finnish and Baltic Sea cultures': ""It's very hard to shave an egg"", 'Islamic cultures': ""It's very hard to shave an egg"", 'Older Asiatic cultures (Kuusi)': ""It's very hard to shave an egg""}",4,Other
881,"If two families keep a boat, then it leaks.",4,1,4.3,"Europe (general), Finnish and Baltic Sea cultures, Islamic cultures, Older Asiatic cultures (Kuusi)","{'Europe (general)': 'If two families keep a boat, it leaks', 'Finnish and Baltic Sea cultures': 'If two families keep a boat, it leaks', 'Islamic cultures': 'If two families keep a boat, it leaks', 'Older Asiatic cultures (Kuusi)': 'If two families keep a boat, it leaks'}",4,Trust / Honesty / Deception
903,God is always on the side of the battalions.,4,1,4.3,"Eastern Europe, Islamic cultures, Older Asiatic cultures (Kuusi), Western Europe and the Americas","{'Eastern Europe': 'God is always on the side of the battalions', 'Islamic cultures': 'God is always on the side of the battalions', 'Older Asiatic cultures (Kuusi)': 'God is always on the side of the battalions', 'Western Europe and the Americas': 'God is always on the side of the battalions'}",4,Other
914,If you follow a crow long enough you light on carrion.,4,1,4.3,"Europe (general), Finnish and Baltic Sea cultures, Islamic cultures, Older Asiatic cultures (Kuusi)","{'Europe (general)': 'If you follow a crow long enough you light on carrion', 'Finnish and Baltic Sea cultures': 'If you follow a crow long enough you light on carrion', 'Islamic cultures': 'If you follow a crow long enough you light on carrion', 'Older Asiatic cultures (Kuusi)': 'If you follow a crow long enough you light on carrion'}",4,Other
916,"One enemy is too much for a man in a great post, and a hundred friends are too few.",4,1,4.3,"Europe (general), Finnish and Baltic Sea cultures, Islamic cultures, Older Asiatic cultures (Kuusi)","{'Europe (general)': 'One enemy is too much for a man in a great post, and a hundred friends are too few', 'Finnish and Baltic Sea cultures': 'One enemy is too much for a man in a great post, and a hundred friends are too few', 'Islamic cultures': 'One enemy is too much for a man in a great post, and a hundred friends are too few', 'Older Asiatic cultures (Kuusi)': 'One enemy is too much for a man in a great post, and a hundred friends are too few'}",4,Cooperation / Social Support
928,Fools and madmen speak the truth.,4,1,4.3,"Europe (general), Finnish and Baltic Sea cultures, Islamic cultures, Older Asiatic cultures (Kuusi)","{'Europe (general)': 'Fools and madmen speak the truth', 'Finnish and Baltic Sea cultures': 'Fools and madmen speak the truth', 'Islamic cultures': 'Fools and madmen speak the truth', 'Older Asiatic cultures (Kuusi)': 'Fools and madmen speak the truth'}",4,Trust / Honesty / Deception
929,"Beads about the neck, and the devil in the heart.",4,1,4.3,"Europe (general), Finnish and Baltic Sea cultures, Islamic cultures, Older Asiatic cultures (Kuusi)","{'Europe (general)': 'Beads about the neck, and the devil in the heart', 'Finnish and Baltic Sea cultures': 'Beads about the neck, and the devil in the heart', 'Islamic cultures': 'Beads about the neck, and the devil in the heart', 'Older Asiatic cultures (Kuusi)': 'Beads about the neck, and the devil in the heart'}",4,Other
942,"If a great oak falls, then every neighbour may scuffle for a faggot.",4,1,4.3,"Europe (general), Finnish and Baltic Sea cultures, Islamic cultures, Older Asiatic cultures (Kuusi)","{'Europe (general)': 'When a great oak falls, every neighbour may scuffle for a faggot', 'Finnish and Baltic Sea cultures': 'When a great oak falls, every neighbour may scuffle for a faggot', 'Islamic cultures': 'When a great oak falls, every neighbour may scuffle for a faggot', 'Older Asiatic cultures (Kuusi)': 'When a great oak falls, every neighbour may scuffle for a faggot'}",4,Cooperation / Social Support
957,"Back may trust, but belly won't.",4,1,4.3,"Finnish and Baltic Sea cultures, Southern Europe, Sub-Saharan Africa, Western Europe and the Americas","{'Finnish and Baltic Sea cultures': ""Back may trust, but belly won't"", 'Southern Europe': ""Back may trust, but belly won't"", 'Sub-Saharan Africa': ""Back may trust, but belly won't"", 'Western Europe and the Americas': ""Back may trust, but belly won't""}",4,Trust / Honesty / Deception
965,To have one foot in the grave.,4,1,4.3,"Europe (general), Finnish and Baltic Sea cultures, Islamic cultures, Older Asiatic cultures (Kuusi)","{'Europe (general)': 'To have one foot in the grave', 'Finnish and Baltic Sea cultures': 'To have one foot in the grave', 'Islamic cultures': 'To have one foot in the grave', 'Older Asiatic cultures (Kuusi)': 'To have one foot in the grave'}",4,Other
974,Talking pays no toll.,4,1,4.3,"Europe (general), Finnish and Baltic Sea cultures, Islamic cultures, Older Asiatic cultures (Kuusi)","{'Europe (general)': 'Talking pays no toll', 'Finnish and Baltic Sea cultures': 'Talking pays no toll', 'Islamic cultures': 'Talking pays no toll', 'Older Asiatic cultures (Kuusi)': 'Talking pays no toll'}",4,Family / Kinship / Obligation
979,Every man is the architect of his own fortune.,4,1,4.3,"Europe (general), Finnish and Baltic Sea cultures, Islamic cultures, Older Asiatic cultures (Kuusi)","{'Europe (general)': 'Every man is the architect of his own fortune', 'Finnish and Baltic Sea cultures': 'Every man is the architect of his own fortune', 'Islamic cultures': 'Every man is the architect of his own fortune', 'Older Asiatic cultures (Kuusi)': 'Every man is the architect of his own fortune'}",4,Fate / Fortune / Opportunity
981,Old men are twice children.,4,1,4.3,"Europe (general), Finnish and Baltic Sea cultures, Older Asiatic cultures (Kuusi), Sub-Saharan Africa","{'Europe (general)': 'Old men are twice children', 'Finnish and Baltic Sea cultures': 'Old men are twice children', 'Older Asiatic cultures (Kuusi)': 'Old men are twice children', 'Sub-Saharan Africa': 'Old men are twice children'}",4,Family / Kinship / Obligation
985,"If there is no fish in the river, then shrimps are valued.",4,1,4.3,"Eastern Europe, Islamic cultures, Older Asiatic cultures (Kuusi), Western Europe and the Americas","{'Eastern Europe': 'When there is no fish in the river, shrimps are valued', 'Islamic cultures': 'When there is no fish in the river, shrimps are valued', 'Older Asiatic cultures (Kuusi)': 'When there is no fish in the river, shrimps are valued', 'Western Europe and the Americas': 'When there is no fish in the river, shrimps are valued'}",4,Other
990,The cat would eat fish and would not wet her paws.,4,1,4.3,"Europe (general), Finnish and Baltic Sea cultures, Islamic cultures, Older Asiatic cultures (Kuusi)","{'Europe (general)': 'The cat would eat fish and would not wet her paws', 'Finnish and Baltic Sea cultures': 'The cat would eat fish and would not wet her paws', 'Islamic cultures': 'The cat would eat fish and would not wet her paws', 'Older Asiatic cultures (Kuusi)': 'The cat would eat fish and would not wet her paws'}",4,Other
993,"He that hath one hog, makes him fat; and he that hath one son, makes him a fool.",4,1,4.3,"Europe (general), Finnish and Baltic Sea cultures, Islamic cultures, Sub-Saharan Africa","{'Europe (general)': 'He that hath one hog, makes him fat; and he that hath one son, makes him a fool', 'Finnish and Baltic Sea cultures': 'He that hath one hog, makes him fat; and he that hath one son, makes him a fool', 'Islamic cultures': 'He that hath one hog, makes him fat; and he that hath one son, makes him a fool', 'Sub-Saharan Africa': 'He that hath one hog, makes him fat; and he that hath one son, makes him a fool'}",4,Family / Kinship / Obligation
1007,Go to the for a sheep and lose a cow.,4,1,4.3,"Eastern Europe, Finnish and Baltic Sea cultures, Older Asiatic cultures (Kuusi), Western Europe and the Americas","{'Eastern Europe': 'Go to the for a sheep and lose a cow', 'Finnish and Baltic Sea cultures': 'Go to the for a sheep and lose a cow', 'Older Asiatic cultures (Kuusi)': 'Go to the for a sheep and lose a cow', 'Western Europe and the Americas': 'Go to the for a sheep and lose a cow'}",4,Other
1011,Dirty linen ought to be washed in private.,4,1,4.3,"Europe (general), Finnish and Baltic Sea cultures, Islamic cultures, Older Asiatic cultures (Kuusi)","{'Europe (general)': 'Dirty linen ought to be washed in private', 'Finnish and Baltic Sea cultures': 'Dirty linen ought to be washed in private', 'Islamic cultures': 'Dirty linen ought to be washed in private', 'Older Asiatic cultures (Kuusi)': 'Dirty linen ought to be washed in private'}",4,Other
1016,The sun cannot be hidden by a hand.,4,1,4.3,"Islamic cultures, Older Asiatic cultures (Kuusi), Pacific area, The Balkans","{'Islamic cultures': 'The sun cannot be hidden by a hand', 'Older Asiatic cultures (Kuusi)': 'The sun cannot be hidden by a hand', 'Pacific area': 'The sun cannot be hidden by a hand', 'The Balkans': 'The sun cannot be hidden by a hand'}",4,Other
1024,A man without shame is always full.,4,1,4.3,"Europe (general), Finnish and Baltic Sea cultures, Islamic cultures, Older Asiatic cultures (Kuusi)","{'Europe (general)': 'A man without shame is always full', 'Finnish and Baltic Sea cultures': 'A man without shame is always full', 'Islamic cultures': 'A man without shame is always full', 'Older Asiatic cultures (Kuusi)': 'A man without shame is always full'}",4,Other
1025,"As the pay, so the work.",4,1,4.3,"Europe (general), Finnish and Baltic Sea cultures, Older Asiatic cultures (Kuusi), Sub-Saharan Africa","{'Europe (general)': 'As the pay, so the work', 'Finnish and Baltic Sea cultures': 'As the pay, so the work', 'Older Asiatic cultures (Kuusi)': 'As the pay, so the work', 'Sub-Saharan Africa': 'As the pay, so the work'}",4,Effort / Time / Persistence
1027,It is better to laugh than to cry.,4,1,4.3,"Finnish and Baltic Sea cultures, Northern Europe, Older Asiatic cultures (Kuusi), Southern Europe","{'Finnish and Baltic Sea cultures': 'It is better to laugh than to cry', 'Northern Europe': 'It is better to laugh than to cry', 'Older Asiatic cultures (Kuusi)': 'It is better to laugh than to cry', 'Southern Europe': 'It is better to laugh than to cry'}",4,Other
1036,"If the mouse has had enough, then the meal is bitter.",4,1,4.3,"Europe (general), Finnish and Baltic Sea cultures, Older Asiatic cultures (Kuusi), Sub-Saharan Africa","{'Europe (general)': 'When the mouse has had enough, the meal is bitter', 'Finnish and Baltic Sea cultures': 'When the mouse has had enough, the meal is bitter', 'Older Asiatic cultures (Kuusi)': 'When the mouse has had enough, the meal is bitter', 'Sub-Saharan Africa': 'When the mouse has had enough, the meal is bitter'}",4,Other
1044,A roving dog runs against a stick.,4,1,4.3,"Finnish and Baltic Sea cultures, Older Asiatic cultures (Kuusi), Sub-Saharan Africa, Western Europe and the Americas","{'Finnish and Baltic Sea cultures': 'A roving dog runs against a stick', 'Older Asiatic cultures (Kuusi)': 'A roving dog runs against a stick', 'Sub-Saharan Africa': 'A roving dog runs against a stick', 'Western Europe and the Americas': 'A roving dog runs against a stick'}",4,Other
1046,Truth is stranger than fiction.,4,1,4.3,"Finnish and Baltic Sea cultures, Islamic cultures, Southern Europe, Western Europe and the Americas","{'Finnish and Baltic Sea cultures': 'Truth is stranger than fiction', 'Islamic cultures': 'Truth is stranger than fiction', 'Southern Europe': 'Truth is stranger than fiction', 'Western Europe and the Americas': 'Truth is stranger than fiction'}",4,Trust / Honesty / Deception
1053,No fool like an old fool.,4,1,4.3,"Europe (general), Finnish and Baltic Sea cultures, Older Asiatic cultures (Kuusi), Sub-Saharan Africa","{'Europe (general)': 'No fool like an old fool', 'Finnish and Baltic Sea cultures': 'No fool like an old fool', 'Older Asiatic cultures (Kuusi)': 'No fool like an old fool', 'Sub-Saharan Africa': 'No fool like an old fool'}",4,Other
1057,A centipede though dead will not fall.,4,1,4.3,"Europe (general), Finnish and Baltic Sea cultures, Older Asiatic cultures (Kuusi), Pacific area","{'Europe (general)': 'A centipede though dead will not fall', 'Finnish and Baltic Sea cultures': 'A centipede though dead will not fall', 'Older Asiatic cultures (Kuusi)': 'A centipede though dead will not fall', 'Pacific area': 'A centipede though dead will not fall'}",4,Other
1073,"Neither fish nor flesh, nor good red herring.",4,1,4.3,"Europe (general), Islamic cultures, Older Asiatic cultures (Kuusi), Pacific area","{'Europe (general)': 'Neither fish nor flesh, nor good red herring', 'Islamic cultures': 'Neither fish nor flesh, nor good red herring', 'Older Asiatic cultures (Kuusi)': 'Neither fish nor flesh, nor good red herring', 'Pacific area': 'Neither fish nor flesh, nor good red herring'}",4,Other
1076,Better Giving to oneself than receiving.,4,1,4.3,"Finnish and Baltic Sea cultures, Islamic cultures, Sub-Saharan Africa, Western Europe and the Americas","{'Finnish and Baltic Sea cultures': 'Giving to oneself is better than receiving', 'Islamic cultures': 'Giving to oneself is better than receiving', 'Sub-Saharan Africa': 'Giving to oneself is better than receiving', 'Western Europe and the Americas': 'Giving to oneself is better than receiving'}",4,Other
1088,"If hungry, then any food is fit for a while.",4,1,4.3,"Eastern Europe, Finnish and Baltic Sea cultures, Older Asiatic cultures (Kuusi), Western Europe and the Americas","{'Eastern Europe': 'When hungry, any food is fit for a while', 'Finnish and Baltic Sea cultures': 'When hungry, any food is fit for a while', 'Older Asiatic cultures (Kuusi)': 'When hungry, any food is fit for a while', 'Western Europe and the Americas': 'When hungry, any food is fit for a while'}",4,Other
1090,Your elbow is close at hand but you can't bite it.,4,1,4.3,"Eastern Europe, Finnish and Baltic Sea cultures, Islamic cultures, Older Asiatic cultures (Kuusi)","{'Eastern Europe': ""Your elbow is close at hand but you can't bite it"", 'Finnish and Baltic Sea cultures': ""Your elbow is close at hand but you can't bite it"", 'Islamic cultures': ""Your elbow is close at hand but you can't bite it"", 'Older Asiatic cultures (Kuusi)': ""Your elbow is close at hand but you can't bite it""}",4,Other
1092,Clothes make the man.,4,1,4.3,"Europe (general), Finnish and Baltic Sea cultures, Older Asiatic cultures (Kuusi), Sub-Saharan Africa","{'Europe (general)': 'Clothes make the man', 'Finnish and Baltic Sea cultures': 'Clothes make the man', 'Older Asiatic cultures (Kuusi)': 'Clothes make the man', 'Sub-Saharan Africa': 'Clothes make the man'}",4,Other
1095,Woe to the kingdom whose king is a child.,4,1,4.3,"Finnish and Baltic Sea cultures, Islamic cultures, Southern Europe, Western Europe and the Americas","{'Finnish and Baltic Sea cultures': 'Woe to the kingdom whose king is a child', 'Islamic cultures': 'Woe to the kingdom whose king is a child', 'Southern Europe': 'Woe to the kingdom whose king is a child', 'Western Europe and the Americas': 'Woe to the kingdom whose king is a child'}",4,Family / Kinship / Obligation
1096,He that sends mouths sends meat.,4,1,4.3,"Europe (general), Finnish and Baltic Sea cultures, Islamic cultures, Older Asiatic cultures (Kuusi)","{'Europe (general)': 'He that sends mouths sends meat', 'Finnish and Baltic Sea cultures': 'He that sends mouths sends meat', 'Islamic cultures': 'He that sends mouths sends meat', 'Older Asiatic cultures (Kuusi)': 'He that sends mouths sends meat'}",4,Other
1098,It's a sad house where the hen crows louder than the cock.,4,1,4.3,"Europe (general), Finnish and Baltic Sea cultures, Older Asiatic cultures (Kuusi), Sub-Saharan Africa","{'Europe (general)': ""It's a sad house where the hen crows louder than the cock"", 'Finnish and Baltic Sea cultures': ""It's a sad house where the hen crows louder than the cock"", 'Older Asiatic cultures (Kuusi)': ""It's a sad house where the hen crows louder than the cock"", 'Sub-Saharan Africa': ""It's a sad house where the hen crows louder than the cock""}",4,Family / Kinship / Obligation
1102,"Virtue is the foundation of happiness, vice the presage of misery.",4,1,4.3,"Europe (general), Finnish and Baltic Sea cultures, Older Asiatic cultures (Kuusi), Sub-Saharan Africa","{'Europe (general)': 'Virtue is the foundation of happiness, vice the presage of misery', 'Finnish and Baltic Sea cultures': 'Virtue is the foundation of happiness, vice the presage of misery', 'Older Asiatic cultures (Kuusi)': 'Virtue is the foundation of happiness, vice the presage of misery', 'Sub-Saharan Africa': 'Virtue is the foundation of happiness, vice the presage of misery'}",4,Other
1105,"Every rope has two ends, and tomorrow is yet to come.",4,1,4.3,"Europe (general), Finnish and Baltic Sea cultures, Older Asiatic cultures (Kuusi), Sub-Saharan Africa","{'Europe (general)': 'Every rope has two ends, and tomorrow is yet to come', 'Finnish and Baltic Sea cultures': 'Every rope has two ends, and tomorrow is yet to come', 'Older Asiatic cultures (Kuusi)': 'Every rope has two ends, and tomorrow is yet to come', 'Sub-Saharan Africa': 'Every rope has two ends, and tomorrow is yet to come'}",4,Other
1107,"Money doesn""t grow on trees.",4,1,4.3,"Finnish and Baltic Sea cultures, Islamic cultures, Northern Europe, Western Europe and the Americas","{'Finnish and Baltic Sea cultures': 'Money doesn’t grow on trees', 'Islamic cultures': 'Money doesn’t grow on trees', 'Northern Europe': 'Money doesn’t grow on trees', 'Western Europe and the Americas': 'Money doesn’t grow on trees'}",4,Family / Kinship / Obligation
1108,Trouble never comes crying.,4,1,4.3,"Europe (general), Finnish and Baltic Sea cultures, Islamic cultures, Sub-Saharan Africa","{'Europe (general)': 'Trouble never comes crying', 'Finnish and Baltic Sea cultures': 'Trouble never comes crying', 'Islamic cultures': 'Trouble never comes crying', 'Sub-Saharan Africa': 'Trouble never comes crying'}",4,Prudence / Risk & Uncertainty
1112,When times are hard even the male will cub.,4,1,4.3,"Europe (general), Finnish and Baltic Sea cultures, Islamic cultures, Older Asiatic cultures (Kuusi)","{'Europe (general)': 'When times are hard even the male will cub', 'Finnish and Baltic Sea cultures': 'When times are hard even the male will cub', 'Islamic cultures': 'When times are hard even the male will cub', 'Older Asiatic cultures (Kuusi)': 'When times are hard even the male will cub'}",4,Effort / Time / Persistence
1113,The east wind won't cease before it rains and a wife's scolding won't cease before she cries.,4,1,4.3,"Finnish and Baltic Sea cultures, Islamic cultures, Older Asiatic cultures (Kuusi), Western Europe and the Americas","{'Finnish and Baltic Sea cultures': ""The east wind won't cease before it rains and a wife's scolding won't cease before she cries"", 'Islamic cultures': ""The east wind won't cease before it rains and a wife's scolding won't cease before she cries"", 'Older Asiatic cultures (Kuusi)': ""The east wind won't cease before it rains and a wife's scolding won't cease before she cries"", 'Western Europe and the Americas': ""The east wind won't cease before it rains and a wife's scolding won't cease before she cries""}",4,Other
1115,With a lucky man all things are lucky.,4,1,4.3,"Finnish and Baltic Sea cultures, Older Asiatic cultures (Kuusi), Southern Europe, Western Europe and the Americas","{'Finnish and Baltic Sea cultures': 'With a lucky man all things are lucky', 'Older Asiatic cultures (Kuusi)': 'With a lucky man all things are lucky', 'Southern Europe': 'With a lucky man all things are lucky', 'Western Europe and the Americas': 'With a lucky man all things are lucky'}",4,Fate / Fortune / Opportunity
1120,Querrelsome dogs get dirty coats.,4,1,4.3,"Europe (general), Finnish and Baltic Sea cultures, Older Asiatic cultures (Kuusi), Sub-Saharan Africa","{'Europe (general)': 'Querrelsome dogs get dirty coats', 'Finnish and Baltic Sea cultures': 'Querrelsome dogs get dirty coats', 'Older Asiatic cultures (Kuusi)': 'Querrelsome dogs get dirty coats', 'Sub-Saharan Africa': 'Querrelsome dogs get dirty coats'}",4,Other
1128,Need knows no law.,4,1,4.3,"Europe (general), Finnish and Baltic Sea cultures, Islamic cultures, Older Asiatic cultures (Kuusi)","{'Europe (general)': 'Need knows no law', 'Finnish and Baltic Sea cultures': 'Need knows no law', 'Islamic cultures': 'Need knows no law', 'Older Asiatic cultures (Kuusi)': 'Need knows no law'}",4,Other
1141,"Where the horse lies down, there some hair will be found.",4,1,4.3,"Europe (general), Finnish and Baltic Sea cultures, Older Asiatic cultures (Kuusi), Sub-Saharan Africa","{'Europe (general)': 'Where the horse lies down, there some hair will be found', 'Finnish and Baltic Sea cultures': 'Where the horse lies down, there some hair will be found', 'Older Asiatic cultures (Kuusi)': 'Where the horse lies down, there some hair will be found', 'Sub-Saharan Africa': 'Where the horse lies down, there some hair will be found'}",4,Trust / Honesty / Deception
1142,Scandal will rub out like dirt when it is dry.,4,1,4.3,"Europe (general), Finnish and Baltic Sea cultures, Pacific area, Sub-Saharan Africa","{'Europe (general)': 'Scandal will rub out like dirt when it is dry', 'Finnish and Baltic Sea cultures': 'Scandal will rub out like dirt when it is dry', 'Pacific area': 'Scandal will rub out like dirt when it is dry', 'Sub-Saharan Africa': 'Scandal will rub out like dirt when it is dry'}",4,Other
1147,No larder but hath its mice.,4,1,4.3,"Europe (general), Finnish and Baltic Sea cultures, Islamic cultures, Older Asiatic cultures (Kuusi)","{'Europe (general)': 'No larder but hath its mice', 'Finnish and Baltic Sea cultures': 'No larder but hath its mice', 'Islamic cultures': 'No larder but hath its mice', 'Older Asiatic cultures (Kuusi)': 'No larder but hath its mice'}",4,Other
1148,Honesty is the best policy.,4,1,4.3,"Europe (general), Finnish and Baltic Sea cultures, Islamic cultures, Older Asiatic cultures (Kuusi)","{'Europe (general)': 'Honesty is the best policy', 'Finnish and Baltic Sea cultures': 'Honesty is the best policy', 'Islamic cultures': 'Honesty is the best policy', 'Older Asiatic cultures (Kuusi)': 'Honesty is the best policy'}",4,Trust / Honesty / Deception
1153,A cat dreams of mice.,4,1,4.3,"Europe (general), Finnish and Baltic Sea cultures, Islamic cultures, Older Asiatic cultures (Kuusi)","{'Europe (general)': 'A cat dreams of mice', 'Finnish and Baltic Sea cultures': 'A cat dreams of mice', 'Islamic cultures': 'A cat dreams of mice', 'Older Asiatic cultures (Kuusi)': 'A cat dreams of mice'}",4,Other
1154,"May your father die, not your mother.",4,1,4.3,"Eastern Europe, Finnish and Baltic Sea cultures, Islamic cultures, Sub-Saharan Africa","{'Eastern Europe': 'May your father die, not your mother', 'Finnish and Baltic Sea cultures': 'May your father die, not your mother', 'Islamic cultures': 'May your father die, not your mother', 'Sub-Saharan Africa': 'May your father die, not your mother'}",4,Family / Kinship / Obligation
1155,Trust not a woman even when dead.,4,1,4.3,"Europe (general), Finnish and Baltic Sea cultures, Islamic cultures, Older Asiatic cultures (Kuusi)","{'Europe (general)': 'Trust not a woman even when dead', 'Finnish and Baltic Sea cultures': 'Trust not a woman even when dead', 'Islamic cultures': 'Trust not a woman even when dead', 'Older Asiatic cultures (Kuusi)': 'Trust not a woman even when dead'}",4,Trust / Honesty / Deception
1160,"Not to give chase to those who leave, nor refuse those who come.",4,1,4.3,"Finnish and Baltic Sea cultures, Older Asiatic cultures (Kuusi), Sub-Saharan Africa, Western Europe and the Americas","{'Finnish and Baltic Sea cultures': 'Not to give chase to those who leave, nor refuse those who come', 'Older Asiatic cultures (Kuusi)': 'Not to give chase to those who leave, nor refuse those who come', 'Sub-Saharan Africa': 'Not to give chase to those who leave, nor refuse those who come', 'Western Europe and the Americas': 'Not to give chase to those who leave, nor refuse those who come'}",4,Other
1161,"What we first learn, we best know.",4,1,4.3,"Europe (general), Finnish and Baltic Sea cultures, Islamic cultures, Older Asiatic cultures (Kuusi)","{'Europe (general)': 'What we first learn, we best know', 'Finnish and Baltic Sea cultures': 'What we first learn, we best know', 'Islamic cultures': 'What we first learn, we best know', 'Older Asiatic cultures (Kuusi)': 'What we first learn, we best know'}",4,Knowledge / Speech / Silence
1166,An old dog barks not in vain.,4,1,4.3,"Europe (general), Finnish and Baltic Sea cultures, Older Asiatic cultures (Kuusi), Sub-Saharan Africa","{'Europe (general)': 'An old dog barks not in vain', 'Finnish and Baltic Sea cultures': 'An old dog barks not in vain', 'Older Asiatic cultures (Kuusi)': 'An old dog barks not in vain', 'Sub-Saharan Africa': 'An old dog barks not in vain'}",4,Other
1172,"As long as the gypsy has tongs, he will not burn his fingers.",4,1,4.3,"Europe (general), Finnish and Baltic Sea cultures, Islamic cultures, Sub-Saharan Africa","{'Europe (general)': 'As long as the gypsy has tongs, he will not burn his fingers', 'Finnish and Baltic Sea cultures': 'As long as the gypsy has tongs, he will not burn his fingers', 'Islamic cultures': 'As long as the gypsy has tongs, he will not burn his fingers', 'Sub-Saharan Africa': 'As long as the gypsy has tongs, he will not burn his fingers'}",4,Other
1176,"Beware of a woman before, of a horse behind, of a cart sideways, of a priest everyday.",4,1,4.3,"Europe (general), Finnish and Baltic Sea cultures, Islamic cultures, Older Asiatic cultures (Kuusi)","{'Europe (general)': 'Beware of a woman before, of a horse behind, of a cart sideways, of a priest everyday', 'Finnish and Baltic Sea cultures': 'Beware of a woman before, of a horse behind, of a cart sideways, of a priest everyday', 'Islamic cultures': 'Beware of a woman before, of a horse behind, of a cart sideways, of a priest everyday', 'Older Asiatic cultures (Kuusi)': 'Beware of a woman before, of a horse behind, of a cart sideways, of a priest everyday'}",4,Prudence / Risk & Uncertainty
1177,Make short the miles with talk and smiles.,4,1,4.3,"Europe (general), Finnish and Baltic Sea cultures, Islamic cultures, Older Asiatic cultures (Kuusi)","{'Europe (general)': 'Make short the miles with talk and smiles', 'Finnish and Baltic Sea cultures': 'Make short the miles with talk and smiles', 'Islamic cultures': 'Make short the miles with talk and smiles', 'Older Asiatic cultures (Kuusi)': 'Make short the miles with talk and smiles'}",4,Other
1185,"Where one feels pain, there will he keep his hand.",4,1,4.3,"Europe (general), Finnish and Baltic Sea cultures, Older Asiatic cultures (Kuusi), Sub-Saharan Africa","{'Europe (general)': 'Where one feels pain, there will he keep his hand', 'Finnish and Baltic Sea cultures': 'Where one feels pain, there will he keep his hand', 'Older Asiatic cultures (Kuusi)': 'Where one feels pain, there will he keep his hand', 'Sub-Saharan Africa': 'Where one feels pain, there will he keep his hand'}",4,Other
1186,It will be a forward cock that crows in the shell.,4,1,4.3,"Europe (general), Islamic cultures, Older Asiatic cultures (Kuusi), Sub-Saharan Africa","{'Europe (general)': 'It will be a forward cock that crows in the shell', 'Islamic cultures': 'It will be a forward cock that crows in the shell', 'Older Asiatic cultures (Kuusi)': 'It will be a forward cock that crows in the shell', 'Sub-Saharan Africa': 'It will be a forward cock that crows in the shell'}",4,Other
1194,One flower makes no garland.,4,1,4.3,"Europe (general), Finnish and Baltic Sea cultures, Older Asiatic cultures (Kuusi), Sub-Saharan Africa","{'Europe (general)': 'One flower makes no garland', 'Finnish and Baltic Sea cultures': 'One flower makes no garland', 'Older Asiatic cultures (Kuusi)': 'One flower makes no garland', 'Sub-Saharan Africa': 'One flower makes no garland'}",4,Other
1195,"What woman wills, God wills.",4,1,4.3,"Finnish and Baltic Sea cultures, Southern Europe, Sub-Saharan Africa, Western Europe and the Americas","{'Finnish and Baltic Sea cultures': 'What woman wills, God wills', 'Southern Europe': 'What woman wills, God wills', 'Sub-Saharan Africa': 'What woman wills, God wills', 'Western Europe and the Americas': 'What woman wills, God wills'}",4,Other
1198,Like the cow that gives a good pail of milk and then kicks it over.,4,1,4.3,"Europe (general), Finnish and Baltic Sea cultures, Islamic cultures, Older Asiatic cultures (Kuusi)","{'Europe (general)': 'Like the cow that gives a good pail of milk and then kicks it over', 'Finnish and Baltic Sea cultures': 'Like the cow that gives a good pail of milk and then kicks it over', 'Islamic cultures': 'Like the cow that gives a good pail of milk and then kicks it over', 'Older Asiatic cultures (Kuusi)': 'Like the cow that gives a good pail of milk and then kicks it over'}",4,Other
1214,La fortune rit aux sots.,4,1,4.3,"Europe (general), Finnish and Baltic Sea cultures, Islamic cultures, Older Asiatic cultures (Kuusi)","{'Europe (general)': 'La fortune rit aux sots', 'Finnish and Baltic Sea cultures': 'La fortune rit aux sots', 'Islamic cultures': 'La fortune rit aux sots', 'Older Asiatic cultures (Kuusi)': 'La fortune rit aux sots'}",4,Fate / Fortune / Opportunity
1224,If my aunt had been a man she'd have been my uncle.,4,1,4.3,"Europe (general), Finnish and Baltic Sea cultures, Islamic cultures, Older Asiatic cultures (Kuusi)","{'Europe (general)': ""If my aunt had been a man she'd have been my uncle."", 'Finnish and Baltic Sea cultures': ""If my aunt had been a man she'd have been my uncle."", 'Islamic cultures': ""If my aunt had been a man she'd have been my uncle."", 'Older Asiatic cultures (Kuusi)': ""If my aunt had been a man she'd have been my uncle.""}",4,Other
1229,No rose without a thorn.,4,1,4.3,"Europe (general), Finnish and Baltic Sea cultures, Islamic cultures, Older Asiatic cultures (Kuusi)","{'Europe (general)': 'No rose without a thorn', 'Finnish and Baltic Sea cultures': 'No rose without a thorn', 'Islamic cultures': 'No rose without a thorn', 'Older Asiatic cultures (Kuusi)': 'No rose without a thorn'}",4,Other
1231,Better an open enemy than a false friend.,4,1,4.3,"Europe (general), Islamic cultures, Older Asiatic cultures (Kuusi), Pacific area","{'Europe (general)': 'Better an open enemy than a false friend', 'Islamic cultures': 'Better an open enemy than a false friend', 'Older Asiatic cultures (Kuusi)': 'Better an open enemy than a false friend', 'Pacific area': 'Better an open enemy than a false friend'}",4,Cooperation / Social Support
1233,The sun shines upon all alike.,4,1,4.3,"Europe (general), Finnish and Baltic Sea cultures, Older Asiatic cultures (Kuusi), Sub-Saharan Africa","{'Europe (general)': 'The sun shines upon all alike', 'Finnish and Baltic Sea cultures': 'The sun shines upon all alike', 'Older Asiatic cultures (Kuusi)': 'The sun shines upon all alike', 'Sub-Saharan Africa': 'The sun shines upon all alike'}",4,Other
1244,A friend's dinner is soon dight.,4,1,4.3,"Europe (general), Finnish and Baltic Sea cultures, Older Asiatic cultures (Kuusi), Sub-Saharan Africa","{'Europe (general)': ""A friend's dinner is soon dight"", 'Finnish and Baltic Sea cultures': ""A friend's dinner is soon dight"", 'Older Asiatic cultures (Kuusi)': ""A friend's dinner is soon dight"", 'Sub-Saharan Africa': ""A friend's dinner is soon dight""}",4,Cooperation / Social Support
1252,One finger gashed - all the fingers are covered with blood.,4,1,4.3,"Europe (general), Finnish and Baltic Sea cultures, Pacific area, Sub-Saharan Africa","{'Europe (general)': 'One finger gashed - all the fingers are covered with blood', 'Finnish and Baltic Sea cultures': 'One finger gashed - all the fingers are covered with blood', 'Pacific area': 'One finger gashed - all the fingers are covered with blood', 'Sub-Saharan Africa': 'One finger gashed - all the fingers are covered with blood'}",4,Family / Kinship / Obligation
1263,A fish out of water.,4,1,4.3,"Europe (general), Finnish and Baltic Sea cultures, Older Asiatic cultures (Kuusi), Sub-Saharan Africa","{'Europe (general)': 'A fish out of water', 'Finnish and Baltic Sea cultures': 'A fish out of water', 'Older Asiatic cultures (Kuusi)': 'A fish out of water', 'Sub-Saharan Africa': 'A fish out of water'}",4,Other
1266,He who heeds his parents kneads a whole troughful of bread for himself.,4,1,4.3,"Eastern Europe, Older Asiatic cultures (Kuusi), Southern Europe, Sub-Saharan Africa","{'Eastern Europe': 'He who heeds his parents kneads a whole troughful of bread for himself', 'Older Asiatic cultures (Kuusi)': 'He who heeds his parents kneads a whole troughful of bread for himself', 'Southern Europe': 'He who heeds his parents kneads a whole troughful of bread for himself', 'Sub-Saharan Africa': 'He who heeds his parents kneads a whole troughful of bread for himself'}",4,Other
1272,Avoid cry for the moon.,4,1,4.3,"Europe (general), Finnish and Baltic Sea cultures, Islamic cultures, Older Asiatic cultures (Kuusi)","{'Europe (general)': 'Do not cry for the moon', 'Finnish and Baltic Sea cultures': 'Do not cry for the moon', 'Islamic cultures': 'Do not cry for the moon', 'Older Asiatic cultures (Kuusi)': 'Do not cry for the moon'}",4,Prudence / Risk & Uncertainty
1282,None is too old for love.,4,1,4.3,"Europe (general), Finnish and Baltic Sea cultures, Islamic cultures, Older Asiatic cultures (Kuusi)","{'Europe (general)': 'None is too old for love', 'Finnish and Baltic Sea cultures': 'None is too old for love', 'Islamic cultures': 'None is too old for love', 'Older Asiatic cultures (Kuusi)': 'None is too old for love'}",4,Other
1284,The fathers have eaten sour grapes and the children's teeth are set on edge.,4,1,4.3,"Islamic cultures, Older Asiatic cultures (Kuusi), Southern Europe, Western Europe and the Americas","{'Islamic cultures': ""The fathers have eaten sour grapes and the children's teeth are set on edge"", 'Older Asiatic cultures (Kuusi)': ""The fathers have eaten sour grapes and the children's teeth are set on edge"", 'Southern Europe': ""The fathers have eaten sour grapes and the children's teeth are set on edge"", 'Western Europe and the Americas': ""The fathers have eaten sour grapes and the children's teeth are set on edge""}",4,Family / Kinship / Obligation
1285,Love will find out the way.,4,1,4.3,"Finnish and Baltic Sea cultures, Southern Europe, Sub-Saharan Africa, Western Europe and the Americas","{'Finnish and Baltic Sea cultures': 'Love will find out the way', 'Southern Europe': 'Love will find out the way', 'Sub-Saharan Africa': 'Love will find out the way', 'Western Europe and the Americas': 'Love will find out the way'}",4,Other
1293,"Knowledge and love, altogether cotton not.",4,1,4.3,"Islamic cultures, Southern Europe, Sub-Saharan Africa, Western Europe and the Americas","{'Islamic cultures': 'Knowledge and love, altogether cotton not', 'Southern Europe': 'Knowledge and love, altogether cotton not', 'Sub-Saharan Africa': 'Knowledge and love, altogether cotton not', 'Western Europe and the Americas': 'Knowledge and love, altogether cotton not'}",4,Cooperation / Social Support
1302,"Early marriage, long love.",4,1,4.3,"Europe (general), Finnish and Baltic Sea cultures, Islamic cultures, Older Asiatic cultures (Kuusi)","{'Europe (general)': 'Early marriage, long love', 'Finnish and Baltic Sea cultures': 'Early marriage, long love', 'Islamic cultures': 'Early marriage, long love', 'Older Asiatic cultures (Kuusi)': 'Early marriage, long love'}",4,Effort / Time / Persistence
1305,Beauty will buy no beef.,4,1,4.3,"Europe (general), Finnish and Baltic Sea cultures, Pacific area, Sub-Saharan Africa","{'Europe (general)': 'Beauty will buy no beef', 'Finnish and Baltic Sea cultures': 'Beauty will buy no beef', 'Pacific area': 'Beauty will buy no beef', 'Sub-Saharan Africa': 'Beauty will buy no beef'}",4,Other
1307,If there is no wind the trees do not quiver.,4,1,4.3,"Eastern Europe, Islamic cultures, Older Asiatic cultures (Kuusi), Western Europe and the Americas","{'Eastern Europe': 'If there is no wind the trees do not quiver', 'Islamic cultures': 'If there is no wind the trees do not quiver', 'Older Asiatic cultures (Kuusi)': 'If there is no wind the trees do not quiver', 'Western Europe and the Americas': 'If there is no wind the trees do not quiver'}",4,Family / Kinship / Obligation
1317,"A woman's advice is but slender, yet he that refuses it is a madman.",4,1,4.3,"Eastern Europe, Older Asiatic cultures (Kuusi), Sub-Saharan Africa, Western Europe and the Americas","{'Eastern Europe': ""A woman's advice is but slender, yet he that refuses it is a madman"", 'Older Asiatic cultures (Kuusi)': ""A woman's advice is but slender, yet he that refuses it is a madman"", 'Sub-Saharan Africa': ""A woman's advice is but slender, yet he that refuses it is a madman"", 'Western Europe and the Americas': ""A woman's advice is but slender, yet he that refuses it is a madman""}",4,Other
1322,A good hunger is the best sauce.,4,1,4.3,"Europe (general), Finnish and Baltic Sea cultures, Islamic cultures, Sub-Saharan Africa","{'Europe (general)': 'A good hunger is the best sauce', 'Finnish and Baltic Sea cultures': 'A good hunger is the best sauce', 'Islamic cultures': 'A good hunger is the best sauce', 'Sub-Saharan Africa': 'A good hunger is the best sauce'}",4,Other
1324,A dead dog cannot bite.,4,1,4.3,"Europe (general), Finnish and Baltic Sea cultures, Older Asiatic cultures (Kuusi), Sub-Saharan Africa","{'Europe (general)': 'A dead dog cannot bite', 'Finnish and Baltic Sea cultures': 'A dead dog cannot bite', 'Older Asiatic cultures (Kuusi)': 'A dead dog cannot bite', 'Sub-Saharan Africa': 'A dead dog cannot bite'}",4,Other
1326,Little pitchers have big ears.,4,1,4.3,"Europe (general), Finnish and Baltic Sea cultures, Islamic cultures, Sub-Saharan Africa","{'Europe (general)': 'Little pitchers have big ears', 'Finnish and Baltic Sea cultures': 'Little pitchers have big ears', 'Islamic cultures': 'Little pitchers have big ears', 'Sub-Saharan Africa': 'Little pitchers have big ears'}",4,Other
1334,If we go forward we die; if we go backward we die; better go forward and die.,4,1,4.3,"Europe (general), Finnish and Baltic Sea cultures, Older Asiatic cultures (Kuusi), Sub-Saharan Africa","{'Europe (general)': 'If we go forward we die; if we go backward we die; better go forward and die', 'Finnish and Baltic Sea cultures': 'If we go forward we die; if we go backward we die; better go forward and die', 'Older Asiatic cultures (Kuusi)': 'If we go forward we die; if we go backward we die; better go forward and die', 'Sub-Saharan Africa': 'If we go forward we die; if we go backward we die; better go forward and die'}",4,Other
1335,There's no fish without bones.,4,1,4.3,"Europe (general), Finnish and Baltic Sea cultures, Islamic cultures, Older Asiatic cultures (Kuusi)","{'Europe (general)': ""There's no fish without bones"", 'Finnish and Baltic Sea cultures': ""There's no fish without bones"", 'Islamic cultures': ""There's no fish without bones"", 'Older Asiatic cultures (Kuusi)': ""There's no fish without bones""}",4,Other
1340,Great cry and little wool.,4,1,4.3,"Europe (general), Finnish and Baltic Sea cultures, Islamic cultures, Older Asiatic cultures (Kuusi)","{'Europe (general)': 'Great cry and little wool', 'Finnish and Baltic Sea cultures': 'Great cry and little wool', 'Islamic cultures': 'Great cry and little wool', 'Older Asiatic cultures (Kuusi)': 'Great cry and little wool'}",4,Other
1348,Grass grows not upon the highway.,4,1,4.3,"Europe (general), Finnish and Baltic Sea cultures, Older Asiatic cultures (Kuusi), Sub-Saharan Africa","{'Europe (general)': 'Grass grows not upon the highway', 'Finnish and Baltic Sea cultures': 'Grass grows not upon the highway', 'Older Asiatic cultures (Kuusi)': 'Grass grows not upon the highway', 'Sub-Saharan Africa': 'Grass grows not upon the highway'}",4,Other
1351,Every bean has its black.,4,1,4.3,"Europe (general), Finnish and Baltic Sea cultures, Islamic cultures, Older Asiatic cultures (Kuusi)","{'Europe (general)': 'Every bean has its black', 'Finnish and Baltic Sea cultures': 'Every bean has its black', 'Islamic cultures': 'Every bean has its black', 'Older Asiatic cultures (Kuusi)': 'Every bean has its black'}",4,Other
1354,"A young saint, an old devil.",4,1,4.3,"Europe (general), Finnish and Baltic Sea cultures, Older Asiatic cultures (Kuusi), Sub-Saharan Africa","{'Europe (general)': 'A young saint, an old devil', 'Finnish and Baltic Sea cultures': 'A young saint, an old devil', 'Older Asiatic cultures (Kuusi)': 'A young saint, an old devil', 'Sub-Saharan Africa': 'A young saint, an old devil'}",4,Other
1360,All truth must not be told at all times.,4,1,4.3,"Europe (general), Finnish and Baltic Sea cultures, Islamic cultures, Older Asiatic cultures (Kuusi)","{'Europe (general)': 'All truth must not be told at all times', 'Finnish and Baltic Sea cultures': 'All truth must not be told at all times', 'Islamic cultures': 'All truth must not be told at all times', 'Older Asiatic cultures (Kuusi)': 'All truth must not be told at all times'}",4,Effort / Time / Persistence
1361,The biter must be bit.,4,1,4.3,"Europe (general), Finnish and Baltic Sea cultures, Islamic cultures, Older Asiatic cultures (Kuusi)","{'Europe (general)': 'The biter must be bit', 'Finnish and Baltic Sea cultures': 'The biter must be bit', 'Islamic cultures': 'The biter must be bit', 'Older Asiatic cultures (Kuusi)': 'The biter must be bit'}",4,Other
1376,When the tree is grown its planter is dead.,4,1,4.3,"Europe (general), Older Asiatic cultures (Kuusi), Pacific area, Sub-Saharan Africa","{'Europe (general)': 'When the tree is grown its planter is dead', 'Older Asiatic cultures (Kuusi)': 'When the tree is grown its planter is dead', 'Pacific area': 'When the tree is grown its planter is dead', 'Sub-Saharan Africa': 'When the tree is grown its planter is dead'}",4,Family / Kinship / Obligation
1384,Custom is a second nature.,4,1,4.3,"Europe (general), Finnish and Baltic Sea cultures, Islamic cultures, Older Asiatic cultures (Kuusi)","{'Europe (general)': 'Custom is a second nature', 'Finnish and Baltic Sea cultures': 'Custom is a second nature', 'Islamic cultures': 'Custom is a second nature', 'Older Asiatic cultures (Kuusi)': 'Custom is a second nature'}",4,Other
1385,Old age is sickness of itself.,4,1,4.3,"Europe (general), Finnish and Baltic Sea cultures, Islamic cultures, Sub-Saharan Africa","{'Europe (general)': 'Old age is sickness of itself', 'Finnish and Baltic Sea cultures': 'Old age is sickness of itself', 'Islamic cultures': 'Old age is sickness of itself', 'Sub-Saharan Africa': 'Old age is sickness of itself'}",4,Other
1391,Who depends upon another man's table often dines late.,4,1,4.3,"Europe (general), Finnish and Baltic Sea cultures, Islamic cultures, Sub-Saharan Africa","{'Europe (general)': ""Who depends upon another man's table often dines late"", 'Finnish and Baltic Sea cultures': ""Who depends upon another man's table often dines late"", 'Islamic cultures': ""Who depends upon another man's table often dines late"", 'Sub-Saharan Africa': ""Who depends upon another man's table often dines late""}",4,Other
1394,A fool when he is silent is counted wise.,4,1,4.3,"Europe (general), Finnish and Baltic Sea cultures, Islamic cultures, Older Asiatic cultures (Kuusi)","{'Europe (general)': 'A fool when he is silent is counted wise', 'Finnish and Baltic Sea cultures': 'A fool when he is silent is counted wise', 'Islamic cultures': 'A fool when he is silent is counted wise', 'Older Asiatic cultures (Kuusi)': 'A fool when he is silent is counted wise'}",4,Other
1395,The goat must bleat where she is tied.,4,1,4.3,"Europe (general), Finnish and Baltic Sea cultures, Older Asiatic cultures (Kuusi), Sub-Saharan Africa","{'Europe (general)': 'The goat must bleat where she is tied', 'Finnish and Baltic Sea cultures': 'The goat must bleat where she is tied', 'Older Asiatic cultures (Kuusi)': 'The goat must bleat where she is tied', 'Sub-Saharan Africa': 'The goat must bleat where she is tied'}",4,Other
1399,Avoid seemed a prison fair or mistress foul.,4,1,4.3,"Europe (general), Finnish and Baltic Sea cultures, Older Asiatic cultures (Kuusi), Sub-Saharan Africa","{'Europe (general)': 'Never seemed a prison fair or mistress foul', 'Finnish and Baltic Sea cultures': 'Never seemed a prison fair or mistress foul', 'Older Asiatic cultures (Kuusi)': 'Never seemed a prison fair or mistress foul', 'Sub-Saharan Africa': 'Never seemed a prison fair or mistress foul'}",4,Prudence / Risk & Uncertainty
1403,"While the hound gnaws bone, companions will be none.",4,1,4.3,"Europe (general), Finnish and Baltic Sea cultures, Older Asiatic cultures (Kuusi), Sub-Saharan Africa","{'Europe (general)': 'While the hound gnaws bone, companions will be none', 'Finnish and Baltic Sea cultures': 'While the hound gnaws bone, companions will be none', 'Older Asiatic cultures (Kuusi)': 'While the hound gnaws bone, companions will be none', 'Sub-Saharan Africa': 'While the hound gnaws bone, companions will be none'}",4,Other
1413,Better one small fish than an empty dish.,4,1,4.3,"Europe (general), Finnish and Baltic Sea cultures, Islamic cultures, Sub-Saharan Africa","{'Europe (general)': 'Better one small fish than an empty dish', 'Finnish and Baltic Sea cultures': 'Better one small fish than an empty dish', 'Islamic cultures': 'Better one small fish than an empty dish', 'Sub-Saharan Africa': 'Better one small fish than an empty dish'}",4,Other
1423,Stolen fruit tastes sweet.,4,1,4.3,"Europe (general), Finnish and Baltic Sea cultures, Older Asiatic cultures (Kuusi), Sub-Saharan Africa","{'Europe (general)': 'Stolen fruit tastes sweet', 'Finnish and Baltic Sea cultures': 'Stolen fruit tastes sweet', 'Older Asiatic cultures (Kuusi)': 'Stolen fruit tastes sweet', 'Sub-Saharan Africa': 'Stolen fruit tastes sweet'}",4,Other
1434,A big head and little wit.,4,1,4.3,"Europe (general), Finnish and Baltic Sea cultures, Islamic cultures, Older Asiatic cultures (Kuusi)","{'Europe (general)': 'A big head and little wit', 'Finnish and Baltic Sea cultures': 'A big head and little wit', 'Islamic cultures': 'A big head and little wit', 'Older Asiatic cultures (Kuusi)': 'A big head and little wit'}",4,Other
1438,Better late than never.,4,1,4.3,"Europe (general), Finnish and Baltic Sea cultures, Islamic cultures, Older Asiatic cultures (Kuusi)","{'Europe (general)': 'Better late than never', 'Finnish and Baltic Sea cultures': 'Better late than never', 'Islamic cultures': 'Better late than never', 'Older Asiatic cultures (Kuusi)': 'Better late than never'}",4,Prudence / Risk & Uncertainty
1440,More die by food than famine.,4,1,4.3,"Islamic cultures, Southern Europe, Sub-Saharan Africa, Western Europe and the Americas","{'Islamic cultures': 'More die by food than famine', 'Southern Europe': 'More die by food than famine', 'Sub-Saharan Africa': 'More die by food than famine', 'Western Europe and the Americas': 'More die by food than famine'}",4,Other
1443,An old fox needs not to be taught tricks.,4,1,4.3,"Europe (general), Finnish and Baltic Sea cultures, Older Asiatic cultures (Kuusi), Sub-Saharan Africa","{'Europe (general)': 'An old fox needs not to be taught tricks', 'Finnish and Baltic Sea cultures': 'An old fox needs not to be taught tricks', 'Older Asiatic cultures (Kuusi)': 'An old fox needs not to be taught tricks', 'Sub-Saharan Africa': 'An old fox needs not to be taught tricks'}",4,Trust / Honesty / Deception
1444,The tree is crooked but its fruit sweet.,4,1,4.3,"Europe (general), Finnish and Baltic Sea cultures, Older Asiatic cultures (Kuusi), Sub-Saharan Africa","{'Europe (general)': 'The tree is crooked but its fruit sweet', 'Finnish and Baltic Sea cultures': 'The tree is crooked but its fruit sweet', 'Older Asiatic cultures (Kuusi)': 'The tree is crooked but its fruit sweet', 'Sub-Saharan Africa': 'The tree is crooked but its fruit sweet'}",4,Family / Kinship / Obligation
1445,The error of one moment becomes the sorrow of a whole life.,4,1,4.3,"Europe (general), Finnish and Baltic Sea cultures, Islamic cultures, Older Asiatic cultures (Kuusi)","{'Europe (general)': 'The error of one moment becomes the sorrow of a whole life', 'Finnish and Baltic Sea cultures': 'The error of one moment becomes the sorrow of a whole life', 'Islamic cultures': 'The error of one moment becomes the sorrow of a whole life', 'Older Asiatic cultures (Kuusi)': 'The error of one moment becomes the sorrow of a whole life'}",4,Other
1452,"Who goes to bed supperless, all night tumbles and tosses.",4,1,4.3,"Finnish and Baltic Sea cultures, Islamic cultures, The Balkans, Western Europe and the Americas","{'Finnish and Baltic Sea cultures': 'Who goes to bed supperless, all night tumbles and tosses', 'Islamic cultures': 'Who goes to bed supperless, all night tumbles and tosses', 'The Balkans': 'Who goes to bed supperless, all night tumbles and tosses', 'Western Europe and the Americas': 'Who goes to bed supperless, all night tumbles and tosses'}",4,Other
1454,"A honey tongue, a heart of gall.",4,1,4.3,"Europe (general), Finnish and Baltic Sea cultures, Islamic cultures, Older Asiatic cultures (Kuusi)","{'Europe (general)': 'A honey tongue, a heart of gall', 'Finnish and Baltic Sea cultures': 'A honey tongue, a heart of gall', 'Islamic cultures': 'A honey tongue, a heart of gall', 'Older Asiatic cultures (Kuusi)': 'A honey tongue, a heart of gall'}",4,Knowledge / Speech / Silence
1455,Eagles catch no flies.,4,1,4.3,"Europe (general), Finnish and Baltic Sea cultures, Islamic cultures, Older Asiatic cultures (Kuusi)","{'Europe (general)': 'Eagles catch no flies', 'Finnish and Baltic Sea cultures': 'Eagles catch no flies', 'Islamic cultures': 'Eagles catch no flies', 'Older Asiatic cultures (Kuusi)': 'Eagles catch no flies'}",4,Trust / Honesty / Deception
1481,The hand which touches bran will touch money.,4,1,4.3,"Finnish and Baltic Sea cultures, Older Asiatic cultures (Kuusi), Sub-Saharan Africa, Western Europe and the Americas","{'Finnish and Baltic Sea cultures': 'The hand which touches bran will touch money', 'Older Asiatic cultures (Kuusi)': 'The hand which touches bran will touch money', 'Sub-Saharan Africa': 'The hand which touches bran will touch money', 'Western Europe and the Americas': 'The hand which touches bran will touch money'}",4,Other
1483,"The fox knows many tricks, but the hedgehog one great one.",4,1,4.3,"Europe (general), Finnish and Baltic Sea cultures, Older Asiatic cultures (Kuusi), Sub-Saharan Africa","{'Europe (general)': 'The fox knows many tricks, but the hedgehog one great one', 'Finnish and Baltic Sea cultures': 'The fox knows many tricks, but the hedgehog one great one', 'Older Asiatic cultures (Kuusi)': 'The fox knows many tricks, but the hedgehog one great one', 'Sub-Saharan Africa': 'The fox knows many tricks, but the hedgehog one great one'}",4,Trust / Honesty / Deception
1492,"God sees all things, himself unseen.",4,1,4.3,"Older Asiatic cultures (Kuusi), Pacific area, The Balkans, Western Europe and the Americas","{'Older Asiatic cultures (Kuusi)': 'God sees all things, himself unseen', 'Pacific area': 'God sees all things, himself unseen', 'The Balkans': 'God sees all things, himself unseen', 'Western Europe and the Americas': 'God sees all things, himself unseen'}",4,Other
1493,"A hungry man, an angry man.",4,1,4.3,"Finnish and Baltic Sea cultures, Islamic cultures, Older Asiatic cultures (Kuusi), Western Europe and the Americas","{'Finnish and Baltic Sea cultures': 'A hungry man, an angry man', 'Islamic cultures': 'A hungry man, an angry man', 'Older Asiatic cultures (Kuusi)': 'A hungry man, an angry man', 'Western Europe and the Americas': 'A hungry man, an angry man'}",4,Other
1509,He that takes the devil into the boat must carry him over the sound.,4,1,4.3,"Europe (general), Finnish and Baltic Sea cultures, Islamic cultures, Sub-Saharan Africa","{'Europe (general)': 'He that takes the devil into the boat must carry him over the sound', 'Finnish and Baltic Sea cultures': 'He that takes the devil into the boat must carry him over the sound', 'Islamic cultures': 'He that takes the devil into the boat must carry him over the sound', 'Sub-Saharan Africa': 'He that takes the devil into the boat must carry him over the sound'}",4,Other
1510,"A woman's hair is long, but her sense short.",4,1,4.3,"Europe (general), Finnish and Baltic Sea cultures, Islamic cultures, Older Asiatic cultures (Kuusi)","{'Europe (general)': ""A woman's hair is long, but her sense short"", 'Finnish and Baltic Sea cultures': ""A woman's hair is long, but her sense short"", 'Islamic cultures': ""A woman's hair is long, but her sense short"", 'Older Asiatic cultures (Kuusi)': ""A woman's hair is long, but her sense short""}",4,Other
1513,A fool is ever laughing.,4,1,4.3,"Europe (general), Finnish and Baltic Sea cultures, Islamic cultures, Older Asiatic cultures (Kuusi)","{'Europe (general)': 'A fool is ever laughing', 'Finnish and Baltic Sea cultures': 'A fool is ever laughing', 'Islamic cultures': 'A fool is ever laughing', 'Older Asiatic cultures (Kuusi)': 'A fool is ever laughing'}",4,Other
1517,The eye that sees all things sees not itself.,4,1,4.3,"Europe (general), Finnish and Baltic Sea cultures, Islamic cultures, Older Asiatic cultures (Kuusi)","{'Europe (general)': 'The eye that sees all things sees not itself', 'Finnish and Baltic Sea cultures': 'The eye that sees all things sees not itself', 'Islamic cultures': 'The eye that sees all things sees not itself', 'Older Asiatic cultures (Kuusi)': 'The eye that sees all things sees not itself'}",4,Other
1534,Children are poor men's riches.,4,1,4.3,"Europe (general), Finnish and Baltic Sea cultures, Older Asiatic cultures (Kuusi), Sub-Saharan Africa","{'Europe (general)': ""Children are poor men's riches"", 'Finnish and Baltic Sea cultures': ""Children are poor men's riches"", 'Older Asiatic cultures (Kuusi)': ""Children are poor men's riches"", 'Sub-Saharan Africa': ""Children are poor men's riches""}",4,Family / Kinship / Obligation
1537,Pride goes before the fall.,4,1,4.3,"Europe (general), Finnish and Baltic Sea cultures, Islamic cultures, Older Asiatic cultures (Kuusi)","{'Europe (general)': 'Pride goes before the fall', 'Finnish and Baltic Sea cultures': 'Pride goes before the fall', 'Islamic cultures': 'Pride goes before the fall', 'Older Asiatic cultures (Kuusi)': 'Pride goes before the fall'}",4,Other
1541,A fair face is half a portion.,4,1,4.3,"Finnish and Baltic Sea cultures, Islamic cultures, Southern Europe, Western Europe and the Americas","{'Finnish and Baltic Sea cultures': 'A fair face is half a portion', 'Islamic cultures': 'A fair face is half a portion', 'Southern Europe': 'A fair face is half a portion', 'Western Europe and the Americas': 'A fair face is half a portion'}",4,Other
1555,All are not cooks that carry long knives.,4,1,4.3,"Europe (general), Finnish and Baltic Sea cultures, Islamic cultures, Older Asiatic cultures (Kuusi)","{'Europe (general)': 'All are not cooks that carry long knives', 'Finnish and Baltic Sea cultures': 'All are not cooks that carry long knives', 'Islamic cultures': 'All are not cooks that carry long knives', 'Older Asiatic cultures (Kuusi)': 'All are not cooks that carry long knives'}",4,Other
1557,Excess of cooks harms broth.,4,1,4.3,"Europe (general), Finnish and Baltic Sea cultures, Islamic cultures, Older Asiatic cultures (Kuusi)","{'Europe (general)': 'Too many cooks spoil the broth', 'Finnish and Baltic Sea cultures': 'Too many cooks spoil the broth', 'Islamic cultures': 'Too many cooks spoil the broth', 'Older Asiatic cultures (Kuusi)': 'Too many cooks spoil the broth'}",4,Other
1565,Fortune's wheel is never stopped.,4,1,4.3,"Europe (general), Finnish and Baltic Sea cultures, Islamic cultures, Older Asiatic cultures (Kuusi)","{'Europe (general)': ""Fortune's wheel is never stopped"", 'Finnish and Baltic Sea cultures': ""Fortune's wheel is never stopped"", 'Islamic cultures': ""Fortune's wheel is never stopped"", 'Older Asiatic cultures (Kuusi)': ""Fortune's wheel is never stopped""}",4,Prudence / Risk & Uncertainty
1568,A black hen may bring forth white eggs.,4,1,4.3,"Europe (general), Finnish and Baltic Sea cultures, Older Asiatic cultures (Kuusi), Sub-Saharan Africa","{'Europe (general)': 'A black hen may bring forth white eggs', 'Finnish and Baltic Sea cultures': 'A black hen may bring forth white eggs', 'Older Asiatic cultures (Kuusi)': 'A black hen may bring forth white eggs', 'Sub-Saharan Africa': 'A black hen may bring forth white eggs'}",4,Other
1572,Poverty is the mother of crime.,4,1,4.3,"Europe (general), Finnish and Baltic Sea cultures, Older Asiatic cultures (Kuusi), Sub-Saharan Africa","{'Europe (general)': 'Poverty is the mother of crime', 'Finnish and Baltic Sea cultures': 'Poverty is the mother of crime', 'Older Asiatic cultures (Kuusi)': 'Poverty is the mother of crime', 'Sub-Saharan Africa': 'Poverty is the mother of crime'}",4,Family / Kinship / Obligation
1574,Better be half hanged than ill wed.,4,1,4.3,"Eastern Europe, Finnish and Baltic Sea cultures, Islamic cultures, Western Europe and the Americas","{'Eastern Europe': 'Better to be half hanged than ill wed', 'Finnish and Baltic Sea cultures': 'Better to be half hanged than ill wed', 'Islamic cultures': 'Better to be half hanged than ill wed', 'Western Europe and the Americas': 'Better to be half hanged than ill wed'}",4,Other
1578,A friend's eye is a good mirror.,4,1,4.3,"Europe (general), Finnish and Baltic Sea cultures, Islamic cultures, Older Asiatic cultures (Kuusi)","{'Europe (general)': ""A friend's eye is a good mirror"", 'Finnish and Baltic Sea cultures': ""A friend's eye is a good mirror"", 'Islamic cultures': ""A friend's eye is a good mirror"", 'Older Asiatic cultures (Kuusi)': ""A friend's eye is a good mirror""}",4,Cooperation / Social Support
1579,Nature her custom holds.,4,1,4.3,"Europe (general), Finnish and Baltic Sea cultures, Islamic cultures, Older Asiatic cultures (Kuusi)","{'Europe (general)': 'Nature her custom holds', 'Finnish and Baltic Sea cultures': 'Nature her custom holds', 'Islamic cultures': 'Nature her custom holds', 'Older Asiatic cultures (Kuusi)': 'Nature her custom holds'}",4,Other
1580,"We are all Adam's children, but silk makes the difference.",4,1,4.3,"Europe (general), Finnish and Baltic Sea cultures, Older Asiatic cultures (Kuusi), Sub-Saharan Africa","{'Europe (general)': ""We are all Adam's children, but silk makes the difference"", 'Finnish and Baltic Sea cultures': ""We are all Adam's children, but silk makes the difference"", 'Older Asiatic cultures (Kuusi)': ""We are all Adam's children, but silk makes the difference"", 'Sub-Saharan Africa': ""We are all Adam's children, but silk makes the difference""}",4,Family / Kinship / Obligation
1592,Give a clown your finger and he'll take your whole hand.,4,1,4.3,"Europe (general), Finnish and Baltic Sea cultures, Islamic cultures, Pacific area","{'Europe (general)': ""Give a clown your finger and he'll take your whole hand"", 'Finnish and Baltic Sea cultures': ""Give a clown your finger and he'll take your whole hand"", 'Islamic cultures': ""Give a clown your finger and he'll take your whole hand"", 'Pacific area': ""Give a clown your finger and he'll take your whole hand""}",4,Other
1594,Health before wealth.,4,1,4.3,"Europe (general), Finnish and Baltic Sea cultures, Islamic cultures, Older Asiatic cultures (Kuusi)","{'Europe (general)': 'Health before wealth', 'Finnish and Baltic Sea cultures': 'Health before wealth', 'Islamic cultures': 'Health before wealth', 'Older Asiatic cultures (Kuusi)': 'Health before wealth'}",4,Other
1600,Many hands make quick work.,4,1,4.3,"Europe (general), Finnish and Baltic Sea cultures, Pacific area, Sub-Saharan Africa","{'Europe (general)': 'Many hands make quick work', 'Finnish and Baltic Sea cultures': 'Many hands make quick work', 'Pacific area': 'Many hands make quick work', 'Sub-Saharan Africa': 'Many hands make quick work'}",4,Cooperation / Social Support
1601,One cannot watch the thief of one's own house.,4,1,4.3,"Europe (general), Finnish and Baltic Sea cultures, Islamic cultures, Older Asiatic cultures (Kuusi)","{'Europe (general)': ""One cannot watch the thief of one's own house"", 'Finnish and Baltic Sea cultures': ""One cannot watch the thief of one's own house"", 'Islamic cultures': ""One cannot watch the thief of one's own house"", 'Older Asiatic cultures (Kuusi)': ""One cannot watch the thief of one's own house""}",4,Trust / Honesty / Deception
0,All men are not alike.,3,2,3.6,"Europe (general), Global type (Kuusi), Older Asiatic cultures (Kuusi)","{'Europe (general)': 'All men are not alike', 'Global type (Kuusi)': 'All the fingers are not alike', 'Older Asiatic cultures (Kuusi)': 'All men are not alike'}",3,Other
2,A man can do no more than he can.,3,2,3.6,"Europe (general), Finnish and Baltic Sea cultures, Islamic cultures","{'Europe (general)': 'A man can do no more than he can', 'Finnish and Baltic Sea cultures': 'A woman can do more than the devil', 'Islamic cultures': 'A woman can do more than the devil'}",4,Other
18,Cheapest is dearest.,3,2,3.6,"Europe (general), Islamic cultures, Older Asiatic cultures (Kuusi)","{'Europe (general)': 'Cheapest is dearest', 'Islamic cultures': 'Cheapest is dearest', 'Older Asiatic cultures (Kuusi)': 'Cheapest is dearest'}",5,Other
28,Ill news come apace.,3,2,3.6,"Europe (general), Finnish and Baltic Sea cultures, Older Asiatic cultures (Kuusi)","{'Europe (general)': 'Ill news comes apace', 'Finnish and Baltic Sea cultures': 'Ill news come apace', 'Older Asiatic cultures (Kuusi)': 'Ill news come apace'}",4,Other
32,Man is a wolf to man.,3,2,3.6,"Europe (general), Finnish and Baltic Sea cultures, Sub-Saharan Africa","{'Europe (general)': 'There are men and men', 'Finnish and Baltic Sea cultures': 'There are men and men', 'Sub-Saharan Africa': 'Man is a wolf to man'}",5,Trust / Honesty / Deception
33,"One bone, one flesh.",3,2,3.6,"Europe (general), Finnish and Baltic Sea cultures, Older Asiatic cultures (Kuusi)","{'Europe (general)': 'One bone, one flesh', 'Finnish and Baltic Sea cultures': 'One bone, one flesh', 'Older Asiatic cultures (Kuusi)': 'One bone, one flesh'}",4,Other
37,Jack of all trades and master of none.,3,2,3.6,"Europe (general), Islamic cultures, Older Asiatic cultures (Kuusi)","{'Europe (general)': 'Jack of all trades is of no trade (...master of none)', 'Islamic cultures': 'Jack of all trades is of no trade (...master of none)', 'Older Asiatic cultures (Kuusi)': 'Jack of all trades is of no trade (...master of none)'}",4,Other
38,Do as you would be done by.,3,2,3.6,"Europe (general), Finnish and Baltic Sea cultures, Older Asiatic cultures (Kuusi)","{'Europe (general)': 'Do as you would be done by', 'Finnish and Baltic Sea cultures': 'Do as you would be done by', 'Older Asiatic cultures (Kuusi)': 'Do as you would be done by'}",6,Other
39,Take the will for the deed.,3,2,3.6,"Northern Europe, Southern Europe, Western Europe and the Americas","{'Northern Europe': 'Take the will for the deed', 'Southern Europe': 'The will is taken for the deed', 'Western Europe and the Americas': 'The will is taken for the deed'}",4,Other
41,A stitch in time saves nine.,3,2,3.6,"Europe (general), Islamic cultures, Older Asiatic cultures (Kuusi)","{'Europe (general)': 'A word in time saves nine', 'Islamic cultures': 'A word in time saves nine', 'Older Asiatic cultures (Kuusi)': 'A stitch in time saves nine'}",5,Effort / Time / Persistence
43,A travelled man has leave to lie.,3,2,3.6,"Europe (general), Global type (Kuusi), Islamic cultures","{'Europe (general)': 'A travelled man has leave to lie', 'Global type (Kuusi)': 'Travellers have leave to lie', 'Islamic cultures': 'A travelled man has leave to lie'}",3,Trust / Honesty / Deception
47,"Once bitten, twice shy.",3,2,3.6,"Finnish and Baltic Sea cultures, Global type (Kuusi), Older Asiatic cultures (Kuusi)","{'Finnish and Baltic Sea cultures': 'Once bitten, twice shy', 'Global type (Kuusi)': 'Once bitten, twice shy', 'Older Asiatic cultures (Kuusi)': 'Once bitten, twice shy'}",3,Other
48,He that would catch fish must not mind getting wet.,3,2,3.6,"Europe (general), Finnish and Baltic Sea cultures, Islamic cultures","{'Europe (general)': 'He that would catch fish must not mind getting wet', 'Finnish and Baltic Sea cultures': 'He who would catch fish must not mind getting wet', 'Islamic cultures': 'He that would catch fish must not mind getting wet'}",5,Other
60,Good words break no bones.,3,2,3.6,"Europe (general), Finnish and Baltic Sea cultures, Sub-Saharan Africa","{'Europe (general)': 'Hard words break no bones', 'Finnish and Baltic Sea cultures': 'Hard words break no bones', 'Sub-Saharan Africa': 'Hard words break no bones'}",5,Knowledge / Speech / Silence
66,Better some of pudding than none of a pie.,3,2,3.6,"Europe (general), Finnish and Baltic Sea cultures, Global type (Kuusi)","{'Europe (general)': 'Better some of pudding than none of a pie', 'Finnish and Baltic Sea cultures': 'Better some of pudding than none of a pie', 'Global type (Kuusi)': 'Better some of the pudding than none of a pie'}",3,Other
78,Money talks.,3,2,3.6,"Europe (general), Finnish and Baltic Sea cultures, Older Asiatic cultures (Kuusi)","{'Europe (general)': 'Money talks', 'Finnish and Baltic Sea cultures': 'Money talks', 'Older Asiatic cultures (Kuusi)': 'Money talks'}",4,Other
86,Fortune favours the brave.,3,2,3.6,"Europe (general), Global type (Kuusi), Older Asiatic cultures (Kuusi)","{'Europe (general)': 'Fortune favours the brave', 'Global type (Kuusi)': 'Fortune favours the brave', 'Older Asiatic cultures (Kuusi)': 'Fortune favours the brave'}",3,Fate / Fortune / Opportunity
112,Give a sprat to catch a herring.,3,2,3.6,"Europe (general), Older Asiatic cultures (Kuusi), Sub-Saharan Africa","{'Europe (general)': 'Give a sprat to catch a herring', 'Older Asiatic cultures (Kuusi)': 'Give a sprat to catch a herring', 'Sub-Saharan Africa': 'Give a sprat to catch a herring'}",3,Other
182,Too much hope deceives.,3,2,3.6,"Europe (general), Islamic cultures, Older Asiatic cultures (Kuusi)","{'Europe (general)': 'Too much hope deceives', 'Islamic cultures': 'Too much hope deceives', 'Older Asiatic cultures (Kuusi)': 'Too much hope deceives'}",4,Other
67,Death has the key to open the miser's chest.,3,1,3.3,"Europe (general), Older Asiatic cultures (Kuusi), Sub-Saharan Africa","{'Europe (general)': ""Death has the key to open the miser's chest"", 'Older Asiatic cultures (Kuusi)': ""Death has the key to open the miser's chest"", 'Sub-Saharan Africa': ""Death has the key to open the miser's chest""}",3,Other
73,Hasten slowly.,3,1,3.3,"Europe (general), Islamic cultures, Older Asiatic cultures (Kuusi)","{'Europe (general)': 'Hasten slowly', 'Islamic cultures': 'Hasten slowly', 'Older Asiatic cultures (Kuusi)': 'Hasten slowly'}",3,Prudence / Risk & Uncertainty
106,One may lead a horse to water but he cannot make him drink.,3,1,3.3,"Europe (general), Finnish and Baltic Sea cultures, Older Asiatic cultures (Kuusi)","{'Europe (general)': 'One may lead a horse to water but he cannot make him drink', 'Finnish and Baltic Sea cultures': 'One may lead a horse to water but he cannot make him drink', 'Older Asiatic cultures (Kuusi)': 'One may lead a horse to water but he cannot make him drink'}",3,Other
119,Hope is no mockery.,3,1,3.3,"Europe (general), Finnish and Baltic Sea cultures, Sub-Saharan Africa","{'Europe (general)': 'Hope is no mockery', 'Finnish and Baltic Sea cultures': 'Hope is no mockery', 'Sub-Saharan Africa': 'Hope is no mockery'}",3,Other
120,The first dish pleases all.,3,1,3.3,"Islamic cultures, Southern Europe, Western Europe and the Americas","{'Islamic cultures': 'The first dish pleases all', 'Southern Europe': 'The first dish pleases all', 'Western Europe and the Americas': 'The first dish pleases all'}",3,Other
121,Life is but an empty dream.,3,1,3.3,"Europe (general), Older Asiatic cultures (Kuusi), Sub-Saharan Africa","{'Europe (general)': 'Life is but an empty dream', 'Older Asiatic cultures (Kuusi)': 'Life is but an empty dream', 'Sub-Saharan Africa': 'Life is but an empty dream'}",3,Other
124,We lose nothing by waiting.,3,1,3.3,"Europe (general), Finnish and Baltic Sea cultures, Islamic cultures","{'Europe (general)': 'We lose nothing by waiting', 'Finnish and Baltic Sea cultures': 'We lose nothing by waiting', 'Islamic cultures': 'We lose nothing by waiting'}",3,Other
126,Look before you leap.,3,1,3.3,"Europe (general), Finnish and Baltic Sea cultures, Islamic cultures","{'Europe (general)': 'Look before you leap', 'Finnish and Baltic Sea cultures': 'Look before you leap', 'Islamic cultures': 'Look before you leap'}",3,Prudence / Risk & Uncertainty
129,Rome was not build in a day.,3,1,3.3,"Europe (general), Finnish and Baltic Sea cultures, Older Asiatic cultures (Kuusi)","{'Europe (general)': 'Rome was not build in a day', 'Finnish and Baltic Sea cultures': 'Rome was not build in a day', 'Older Asiatic cultures (Kuusi)': 'Rome was not build in a day'}",3,Other
132,"After dinner sit a while, after supper, walk a mile.",3,1,3.3,"Europe (general), Finnish and Baltic Sea cultures, Older Asiatic cultures (Kuusi)","{'Europe (general)': 'After dinner sit a while, after supper, walk a mile', 'Finnish and Baltic Sea cultures': 'After dinner sit a while, after supper, walk a mile', 'Older Asiatic cultures (Kuusi)': 'After dinner sit a while, after supper, walk a mile'}",3,Other
135,Good advice is above price.,3,1,3.3,"Europe (general), Finnish and Baltic Sea cultures, Islamic cultures","{'Europe (general)': 'Good advice is above price', 'Finnish and Baltic Sea cultures': 'Good advice is above price', 'Islamic cultures': 'Good advice is above price'}",3,Other
138,Money has no smell.,3,1,3.3,"Europe (general), Finnish and Baltic Sea cultures, Islamic cultures","{'Europe (general)': 'Money has no smell', 'Finnish and Baltic Sea cultures': 'Money has no smell', 'Islamic cultures': 'Money has no smell'}",3,Other
139,There's nothing new under the sun.,3,1,3.3,"Europe (general), Islamic cultures, Older Asiatic cultures (Kuusi)","{'Europe (general)': ""There's nothing new under the sun"", 'Islamic cultures': ""There's nothing new under the sun"", 'Older Asiatic cultures (Kuusi)': ""There's nothing new under the sun""}",3,Other
141,"Eat, afterwards bones only remain.",3,1,3.3,"Islamic cultures, Sub-Saharan Africa, Western Europe and the Americas","{'Islamic cultures': 'Eat, afterwards bones only remain', 'Sub-Saharan Africa': 'Eat, afterwards bones only remain', 'Western Europe and the Americas': 'Eat, afterwards bones only remain'}",3,Other
149,"they must hunger in winter, that will not work in summer.",3,1,3.3,"Europe (general), Finnish and Baltic Sea cultures, Sub-Saharan Africa","{'Europe (general)': 'they must hunger in winter, that will not work in summer', 'Finnish and Baltic Sea cultures': 'they must hunger in winter, that will not work in summer', 'Sub-Saharan Africa': 'they must hunger in winter, that will not work in summer'}",3,Effort / Time / Persistence
151,Old wine in new skins.,3,1,3.3,"Islamic cultures, Southern Europe, Western Europe and the Americas","{'Islamic cultures': 'Old wine in new skins', 'Southern Europe': 'Old wine in new skins', 'Western Europe and the Americas': 'Old wine in new skins'}",3,Family / Kinship / Obligation
153,Years know more than books.,3,1,3.3,"Europe (general), Finnish and Baltic Sea cultures, Older Asiatic cultures (Kuusi)","{'Europe (general)': 'Years know more than books', 'Finnish and Baltic Sea cultures': 'Years know more than books', 'Older Asiatic cultures (Kuusi)': 'Years know more than books'}",3,Knowledge / Speech / Silence
154,Old friends and old wine are best.,3,1,3.3,"Europe (general), Islamic cultures, Older Asiatic cultures (Kuusi)","{'Europe (general)': 'Old friends and old wine are best', 'Islamic cultures': 'Old friends and old wine are best', 'Older Asiatic cultures (Kuusi)': 'Old friends and old wine are best'}",3,Cooperation / Social Support
159,Correct accounts keep good friends.,3,1,3.3,"Europe (general), Islamic cultures, Older Asiatic cultures (Kuusi)","{'Europe (general)': 'Correct accounts keep good friends', 'Islamic cultures': 'Correct accounts keep good friends', 'Older Asiatic cultures (Kuusi)': 'Correct accounts keep good friends'}",3,Cooperation / Social Support
161,Fish is not caught without bait.,3,1,3.3,"Europe (general), Finnish and Baltic Sea cultures, Sub-Saharan Africa","{'Europe (general)': 'Fish is not caught without bait', 'Finnish and Baltic Sea cultures': 'Fish is not caught without bait', 'Sub-Saharan Africa': 'Fish is not caught without bait'}",3,Other
163,Who more busy than they that have least to do?,3,1,3.3,"Europe (general), Finnish and Baltic Sea cultures, Sub-Saharan Africa","{'Europe (general)': 'Who more busy than they that have least to do?', 'Finnish and Baltic Sea cultures': 'Who more busy than they that have least to do?', 'Sub-Saharan Africa': 'Who more busy than they that have least to do?'}",3,Other
168,"Learn weeping, and thou shalt laugh gaining.",3,1,3.3,"Eastern Europe, Older Asiatic cultures (Kuusi), Western Europe and the Americas","{'Eastern Europe': 'Learn weeping, and thou shalt laugh gaining', 'Older Asiatic cultures (Kuusi)': 'Learn weeping, and thou shalt laugh gaining', 'Western Europe and the Americas': 'Learn weeping, and thou shalt laugh gaining'}",3,Knowledge / Speech / Silence
176,It is hard to swim against the stream.,3,1,3.3,"Europe (general), Finnish and Baltic Sea cultures, Sub-Saharan Africa","{'Europe (general)': 'It is hard to swim against the stream', 'Finnish and Baltic Sea cultures': 'It is hard to swim against the stream', 'Sub-Saharan Africa': 'It is hard to swim against the stream'}",3,Other
179,When the pear is ripe it falls.,3,1,3.3,"Europe (general), Finnish and Baltic Sea cultures, Older Asiatic cultures (Kuusi)","{'Europe (general)': 'When the pear is ripe it falls', 'Finnish and Baltic Sea cultures': 'When the pear is ripe it falls', 'Older Asiatic cultures (Kuusi)': 'When the pear is ripe it falls'}",3,Other
183,Birds fly not into our mouths ready roasted.,3,1,3.3,"Europe (general), Finnish and Baltic Sea cultures, Older Asiatic cultures (Kuusi)","{'Europe (general)': 'Birds fly not into our mouths ready roasted', 'Finnish and Baltic Sea cultures': 'Birds fly not into our mouths ready roasted', 'Older Asiatic cultures (Kuusi)': 'Birds fly not into our mouths ready roasted'}",3,Other
184,"No man is born into the world, whose work is not born with him.",3,1,3.3,"Finnish and Baltic Sea cultures, Southern Europe, Western Europe and the Americas","{'Finnish and Baltic Sea cultures': 'No man is born into the world, whose work is not born with him', 'Southern Europe': 'No man is born into the world, whose work is not born with him', 'Western Europe and the Americas': 'No man is born into the world, whose work is not born with him'}",3,Effort / Time / Persistence
193,It is only the first step that counts.,3,1,3.3,"Europe (general), Islamic cultures, Older Asiatic cultures (Kuusi)","{'Europe (general)': 'It is only the first step that counts', 'Islamic cultures': 'It is only the first step that counts', 'Older Asiatic cultures (Kuusi)': 'It is only the first step that counts'}",3,Other
194,A lazy man is the devil's bolster.,3,1,3.3,"Europe (general), Finnish and Baltic Sea cultures, Islamic cultures","{'Europe (general)': ""A lazy man is the devil's bolster"", 'Finnish and Baltic Sea cultures': ""A lazy man is the devil's bolster"", 'Islamic cultures': ""A lazy man is the devil's bolster""}",3,Other
198,Well begun is half done.,3,1,3.3,"Europe (general), Finnish and Baltic Sea cultures, Older Asiatic cultures (Kuusi)","{'Europe (general)': 'Well begun is half done', 'Finnish and Baltic Sea cultures': 'Well begun is half done', 'Older Asiatic cultures (Kuusi)': 'Well begun is half done'}",3,Other
202,There is no arguing with a large fist.,3,1,3.3,"Europe (general), Finnish and Baltic Sea cultures, Islamic cultures","{'Europe (general)': 'There is no arguing with a large fist', 'Finnish and Baltic Sea cultures': 'There is no arguing with a large fist', 'Islamic cultures': 'There is no arguing with a large fist'}",3,Other
210,Work bears witness who well does.,3,1,3.3,"Europe (general), Finnish and Baltic Sea cultures, Older Asiatic cultures (Kuusi)","{'Europe (general)': 'Work bears witness who well does', 'Finnish and Baltic Sea cultures': 'Work bears witness who well does', 'Older Asiatic cultures (Kuusi)': 'Work bears witness who well does'}",3,Effort / Time / Persistence
211,When fortune smiles embrace her.,3,1,3.3,"Europe (general), Islamic cultures, Older Asiatic cultures (Kuusi)","{'Europe (general)': 'When fortune smiles embrace her', 'Islamic cultures': 'When fortune smiles embrace her', 'Older Asiatic cultures (Kuusi)': 'When fortune smiles embrace her'}",3,Fate / Fortune / Opportunity
214,He that will conquer must fight.,3,1,3.3,"Europe (general), Finnish and Baltic Sea cultures, Older Asiatic cultures (Kuusi)","{'Europe (general)': 'He that will conquer must fight', 'Finnish and Baltic Sea cultures': 'He that will conquer must fight', 'Older Asiatic cultures (Kuusi)': 'He that will conquer must fight'}",3,Other
217,Who loves to roam may lose his home.,3,1,3.3,"Europe (general), Finnish and Baltic Sea cultures, Older Asiatic cultures (Kuusi)","{'Europe (general)': 'Who loves to roam may lose his home', 'Finnish and Baltic Sea cultures': 'Who loves to roam may lose his home', 'Older Asiatic cultures (Kuusi)': 'Who loves to roam may lose his home'}",3,Family / Kinship / Obligation
224,A proud pauper and a rich miser are contemptible beings.,3,1,3.3,"Europe (general), Finnish and Baltic Sea cultures, Islamic cultures","{'Europe (general)': 'A proud pauper and a rich miser are contemptible beings', 'Finnish and Baltic Sea cultures': 'A proud pauper and a rich miser are contemptible beings', 'Islamic cultures': 'A proud pauper and a rich miser are contemptible beings'}",3,Other
227,With time and art the mulberry leafs grow to be satin.,3,1,3.3,"Europe (general), Finnish and Baltic Sea cultures, Older Asiatic cultures (Kuusi)","{'Europe (general)': 'With time and art the mulberry leafs grow to be satin', 'Finnish and Baltic Sea cultures': 'With time and art the mulberry leafs grow to be satin', 'Older Asiatic cultures (Kuusi)': 'With time and art the mulberry leafs grow to be satin'}",3,Effort / Time / Persistence
228,You cannot have your cake and eat it.,3,1,3.3,"Europe (general), Islamic cultures, Older Asiatic cultures (Kuusi)","{'Europe (general)': 'You cannot have your cake and eat it', 'Islamic cultures': 'You cannot have your cake and eat it', 'Older Asiatic cultures (Kuusi)': 'You cannot have your cake and eat it'}",3,Other
231,Nothing in haste but catching fleas.,3,1,3.3,"Europe (general), Finnish and Baltic Sea cultures, Older Asiatic cultures (Kuusi)","{'Europe (general)': 'Nothing in haste but catching fleas', 'Finnish and Baltic Sea cultures': 'Nothing in haste but catching fleas', 'Older Asiatic cultures (Kuusi)': 'Nothing in haste but catching fleas'}",3,Prudence / Risk & Uncertainty
237,None is born a master.,3,1,3.3,"Europe (general), Finnish and Baltic Sea cultures, Sub-Saharan Africa","{'Europe (general)': 'None is born a master', 'Finnish and Baltic Sea cultures': 'None is born a master', 'Sub-Saharan Africa': 'None is born a master'}",3,Other
239,Great men have reaching hands.,3,1,3.3,"Europe (general), Finnish and Baltic Sea cultures, Older Asiatic cultures (Kuusi)","{'Europe (general)': 'Great men have reaching hands', 'Finnish and Baltic Sea cultures': 'Great men have reaching hands', 'Older Asiatic cultures (Kuusi)': 'Great men have reaching hands'}",3,Other
240,One gives nothing so liberally as advice.,3,1,3.3,"Europe (general), Older Asiatic cultures (Kuusi), Sub-Saharan Africa","{'Europe (general)': 'One gives nothing so liberally as advice', 'Older Asiatic cultures (Kuusi)': 'One gives nothing so liberally as advice', 'Sub-Saharan Africa': 'One gives nothing so liberally as advice'}",3,Other
242,No flying without wings.,3,1,3.3,"Europe (general), Finnish and Baltic Sea cultures, Islamic cultures","{'Europe (general)': 'No flying without wings', 'Finnish and Baltic Sea cultures': 'No flying without wings', 'Islamic cultures': 'No flying without wings'}",3,Other
245,Dress slowly when you are in a hurry.,3,1,3.3,"Europe (general), Finnish and Baltic Sea cultures, Older Asiatic cultures (Kuusi)","{'Europe (general)': 'Dress slowly when you are in a hurry', 'Finnish and Baltic Sea cultures': 'Dress slowly when you are in a hurry', 'Older Asiatic cultures (Kuusi)': 'Dress slowly when you are in a hurry'}",3,Prudence / Risk & Uncertainty
250,One grain suffices to test a whole pot of boiled rice.,3,1,3.3,"Islamic cultures, Older Asiatic cultures (Kuusi), Western Europe and the Americas","{'Islamic cultures': 'One grain suffices to test a whole pot of boiled rice', 'Older Asiatic cultures (Kuusi)': 'One grain suffices to test a whole pot of boiled rice', 'Western Europe and the Americas': 'One grain suffices to test a whole pot of boiled rice'}",3,Other
254,An enemy does not sleep.,3,1,3.3,"Islamic cultures, Older Asiatic cultures (Kuusi), Western Europe and the Americas","{'Islamic cultures': 'An enemy does not sleep', 'Older Asiatic cultures (Kuusi)': 'An enemy does not sleep', 'Western Europe and the Americas': 'An enemy does not sleep'}",3,Other
257,Praise a fool and you water his folly.,3,1,3.3,"Finnish and Baltic Sea cultures, Southern Europe, Western Europe and the Americas","{'Finnish and Baltic Sea cultures': 'Praise a fool and you water his folly', 'Southern Europe': 'Praise a fool and you water his folly', 'Western Europe and the Americas': 'Praise a fool and you water his folly'}",3,Other
266,You cannot hold two watermelons in one hand.,3,1,3.3,"Europe (general), Finnish and Baltic Sea cultures, Pacific area","{'Europe (general)': 'You cannot hold two watermelons in one hand', 'Finnish and Baltic Sea cultures': 'You cannot hold two watermelons in one hand', 'Pacific area': 'You cannot hold two watermelons in one hand'}",3,Other
270,He'd skin a louse and send the hide and fat to market.,3,1,3.3,"Europe (general), Finnish and Baltic Sea cultures, Pacific area","{'Europe (general)': ""He'd skin a louse and send the hide and fat to market"", 'Finnish and Baltic Sea cultures': ""He'd skin a louse and send the hide and fat to market"", 'Pacific area': ""He'd skin a louse and send the hide and fat to market""}",3,Family / Kinship / Obligation
273,He that has a fair wife needs more than two eyes.,3,1,3.3,"Europe (general), Finnish and Baltic Sea cultures, Sub-Saharan Africa","{'Europe (general)': 'He that has a fair wife needs more than two eyes', 'Finnish and Baltic Sea cultures': 'He that has a fair wife needs more than two eyes', 'Sub-Saharan Africa': 'He that has a fair wife needs more than two eyes'}",3,Other
282,"If thieves fall out, then honest men get their own.",3,1,3.3,"Finnish and Baltic Sea cultures, Southern Europe, Western Europe and the Americas","{'Finnish and Baltic Sea cultures': 'When thieves fall out, honest men get their own', 'Southern Europe': 'When thieves fall out, honest men get their own', 'Western Europe and the Americas': 'When thieves fall out, honest men get their own'}",3,Trust / Honesty / Deception
284,No remedy like patience.,3,1,3.3,"Europe (general), Islamic cultures, Sub-Saharan Africa","{'Europe (general)': 'No remedy like patience', 'Islamic cultures': 'No remedy like patience', 'Sub-Saharan Africa': 'No remedy like patience'}",3,Effort / Time / Persistence
292,Money is round and meant to roll.,3,1,3.3,"Europe (general), Finnish and Baltic Sea cultures, Older Asiatic cultures (Kuusi)","{'Europe (general)': 'Money is round and meant to roll', 'Finnish and Baltic Sea cultures': 'Money is round and meant to roll', 'Older Asiatic cultures (Kuusi)': 'Money is round and meant to roll'}",3,Other
295,He who thinks himself wise is a great fool.,3,1,3.3,"Europe (general), Islamic cultures, Older Asiatic cultures (Kuusi)","{'Europe (general)': 'He who thinks himself wise is a great fool', 'Islamic cultures': 'He who thinks himself wise is a great fool', 'Older Asiatic cultures (Kuusi)': 'He who thinks himself wise is a great fool'}",3,Other
297,Beware the fury of a patient man.,3,1,3.3,"Finnish and Baltic Sea cultures, Southern Europe, Western Europe and the Americas","{'Finnish and Baltic Sea cultures': 'Beware the fury of a patient man', 'Southern Europe': 'Beware the fury of a patient man', 'Western Europe and the Americas': 'Beware the fury of a patient man'}",3,Prudence / Risk & Uncertainty
309,A bow long bent at last grows weak.,3,1,3.3,"Europe (general), Older Asiatic cultures (Kuusi), Sub-Saharan Africa","{'Europe (general)': 'A bow long bent at last grows weak', 'Older Asiatic cultures (Kuusi)': 'A bow long bent at last grows weak', 'Sub-Saharan Africa': 'A bow long bent at last grows weak'}",3,Other
318,"If a job is worth doing, then it's worth doing well.",3,1,3.3,"Finnish and Baltic Sea cultures, Northern Europe, Older Asiatic cultures (Kuusi)","{'Finnish and Baltic Sea cultures': ""If a job is worth doing, it's worth doing well"", 'Northern Europe': ""If a job is worth doing, it's worth doing well"", 'Older Asiatic cultures (Kuusi)': ""If a job is worth doing, it's worth doing well""}",3,Other
328,The best fish swim deep.,3,1,3.3,"Europe (general), Finnish and Baltic Sea cultures, Older Asiatic cultures (Kuusi)","{'Europe (general)': 'The best fish swim deep', 'Finnish and Baltic Sea cultures': 'The best fish swim deep', 'Older Asiatic cultures (Kuusi)': 'The best fish swim deep'}",3,Other
331,Three removes are as bad as a fire.,3,1,3.3,"Europe (general), Finnish and Baltic Sea cultures, Older Asiatic cultures (Kuusi)","{'Europe (general)': 'Three removes are as bad as a fire', 'Finnish and Baltic Sea cultures': 'Three removes are as bad as a fire', 'Older Asiatic cultures (Kuusi)': 'Three removes are as bad as a fire'}",3,Other
335,He that would catch fish must venture his bait.,3,1,3.3,"Islamic cultures, Older Asiatic cultures (Kuusi), Western Europe and the Americas","{'Islamic cultures': 'He that would catch fish must venture his bait', 'Older Asiatic cultures (Kuusi)': 'He that would catch fish must venture his bait', 'Western Europe and the Americas': 'He that would catch fish must venture his bait'}",3,Other
338,The wind blows where it wills.,3,1,3.3,"Finnish and Baltic Sea cultures, Northern Europe, Western Europe and the Americas","{'Finnish and Baltic Sea cultures': 'The wind blows where it wills', 'Northern Europe': 'The wind blows where it wills', 'Western Europe and the Americas': 'The wind blows where it wills'}",3,Other
344,He doubles a gift that gives in time.,3,1,3.3,"Europe (general), Islamic cultures, Older Asiatic cultures (Kuusi)","{'Europe (general)': 'He doubles a gift that gives in time', 'Islamic cultures': 'He doubles a gift that gives in time', 'Older Asiatic cultures (Kuusi)': 'He doubles a gift that gives in time'}",3,Effort / Time / Persistence
345,Nothing more eloquent than ready money.,3,1,3.3,"Europe (general), Finnish and Baltic Sea cultures, Islamic cultures","{'Europe (general)': 'Nothing more eloquent than ready money', 'Finnish and Baltic Sea cultures': 'Nothing more eloquent than ready money', 'Islamic cultures': 'Nothing more eloquent than ready money'}",3,Other
350,Tomorrow is a new (another) day.,3,1,3.3,"Europe (general), Finnish and Baltic Sea cultures, Sub-Saharan Africa","{'Europe (general)': 'Tomorrow is a new (another) day', 'Finnish and Baltic Sea cultures': 'Tomorrow is a new (another) day', 'Sub-Saharan Africa': 'Tomorrow is a new (another) day'}",3,Other
354,"Saying is one thing, doing another.",3,1,3.3,"Europe (general), Older Asiatic cultures (Kuusi), Sub-Saharan Africa","{'Europe (general)': 'Saying is one thing, doing another', 'Older Asiatic cultures (Kuusi)': 'Saying is one thing, doing another', 'Sub-Saharan Africa': 'Saying is one thing, doing another'}",3,Other
361,Drive the nail that will go.,3,1,3.3,"Europe (general), Finnish and Baltic Sea cultures, Islamic cultures","{'Europe (general)': 'Drive the nail that will go', 'Finnish and Baltic Sea cultures': 'Drive the nail that will go', 'Islamic cultures': 'Drive the nail that will go'}",3,Other
367,The thief doth fear each bush an officer.,3,1,3.3,"Europe (general), Islamic cultures, Older Asiatic cultures (Kuusi)","{'Europe (general)': 'The thief doth fear each bush an officer', 'Islamic cultures': 'The thief doth fear each bush an officer', 'Older Asiatic cultures (Kuusi)': 'The thief doth fear each bush an officer'}",3,Trust / Honesty / Deception
381,Better Kowledge than riches.,3,1,3.3,"Europe (general), Finnish and Baltic Sea cultures, Sub-Saharan Africa","{'Europe (general)': 'Kowledge is better than riches', 'Finnish and Baltic Sea cultures': 'Kowledge is better than riches', 'Sub-Saharan Africa': 'Kowledge is better than riches'}",3,Other
384,Nothing that is violent is permanent.,3,1,3.3,"Europe (general), Finnish and Baltic Sea cultures, Islamic cultures","{'Europe (general)': 'Nothing that is violent is permanent', 'Finnish and Baltic Sea cultures': 'Nothing that is violent is permanent', 'Islamic cultures': 'Nothing that is violent is permanent'}",3,Other
385,A mouse that has but one hole is soon caught.,3,1,3.3,"Europe (general), Older Asiatic cultures (Kuusi), Sub-Saharan Africa","{'Europe (general)': 'A mouse that has but one hole is soon caught', 'Older Asiatic cultures (Kuusi)': 'A mouse that has but one hole is soon caught', 'Sub-Saharan Africa': 'A mouse that has but one hole is soon caught'}",3,Other
400,Diamonds cut diamonds.,3,1,3.3,"Europe (general), Finnish and Baltic Sea cultures, Islamic cultures","{'Europe (general)': 'Diamonds cut diamonds', 'Finnish and Baltic Sea cultures': 'Diamonds cut diamonds', 'Islamic cultures': 'Diamonds cut diamonds'}",3,Other
401,Confidence begets confidence.,3,1,3.3,"Europe (general), Older Asiatic cultures (Kuusi), Sub-Saharan Africa","{'Europe (general)': 'Confidence begets confidence', 'Older Asiatic cultures (Kuusi)': 'Confidence begets confidence', 'Sub-Saharan Africa': 'Confidence begets confidence'}",3,Other
420,One sword drawn keeps another in the scabbard.,3,1,3.3,"Europe (general), Older Asiatic cultures (Kuusi), Sub-Saharan Africa","{'Europe (general)': 'One sword drawn keeps another in the scabbard', 'Older Asiatic cultures (Kuusi)': 'One sword drawn keeps another in the scabbard', 'Sub-Saharan Africa': 'One sword drawn keeps another in the scabbard'}",3,Knowledge / Speech / Silence
421,"Nothing risk, nothing win.",3,1,3.3,"Europe (general), Islamic cultures, Older Asiatic cultures (Kuusi)","{'Europe (general)': 'Nothing risk, nothing win', 'Islamic cultures': 'Nothing risk, nothing win', 'Older Asiatic cultures (Kuusi)': 'Nothing risk, nothing win'}",3,Prudence / Risk & Uncertainty
422,No greater torment than to be alone in paradise.,3,1,3.3,"Europe (general), Finnish and Baltic Sea cultures, Sub-Saharan Africa","{'Europe (general)': 'No greater torment than to be alone in paradise', 'Finnish and Baltic Sea cultures': 'No greater torment than to be alone in paradise', 'Sub-Saharan Africa': 'No greater torment than to be alone in paradise'}",3,Other
427,That which cometh from the heart will go to the heart.,3,1,3.3,"Europe (general), Islamic cultures, Older Asiatic cultures (Kuusi)","{'Europe (general)': 'That which cometh from the heart will go to the heart', 'Islamic cultures': 'That which cometh from the heart will go to the heart', 'Older Asiatic cultures (Kuusi)': 'That which cometh from the heart will go to the heart'}",3,Other
428,Gentleness achieves more than violence.,3,1,3.3,"Europe (general), Islamic cultures, Sub-Saharan Africa","{'Europe (general)': 'Gentleness achieves more than violence', 'Islamic cultures': 'Gentleness achieves more than violence', 'Sub-Saharan Africa': 'Gentleness achieves more than violence'}",3,Other
430,"The head and feet keep warm, the rest will take no harm.",3,1,3.3,"Europe (general), Islamic cultures, Older Asiatic cultures (Kuusi)","{'Europe (general)': 'The head and feet keep warm, the rest will take no harm', 'Islamic cultures': 'The head and feet keep warm, the rest will take no harm', 'Older Asiatic cultures (Kuusi)': 'The head and feet keep warm, the rest will take no harm'}",3,Other
432,The grass is always greener next door (...on the other side of the fence).,3,1,3.3,"Europe (general), Older Asiatic cultures (Kuusi), Sub-Saharan Africa","{'Europe (general)': 'The grass is always greener next door (...on the other side of the fence)', 'Older Asiatic cultures (Kuusi)': 'The grass is always greener next door (...on the other side of the fence)', 'Sub-Saharan Africa': 'The grass is always greener next door (...on the other side of the fence)'}",3,Other
437,Each bird loves to hear himself sing.,3,1,3.3,"Islamic cultures, Southern Europe, Western Europe and the Americas","{'Islamic cultures': 'Each bird loves to hear himself sing', 'Southern Europe': 'Each bird loves to hear himself sing', 'Western Europe and the Americas': 'Each bird loves to hear himself sing'}",3,Other
439,Ambassador carries no punishment.,3,1,3.3,"Europe (general), Older Asiatic cultures (Kuusi), Sub-Saharan Africa","{'Europe (general)': 'Ambassador carries no punishment', 'Older Asiatic cultures (Kuusi)': 'Ambassador carries no punishment', 'Sub-Saharan Africa': 'Ambassador carries no punishment'}",3,Other
442,The play won't pay the candles.,3,1,3.3,"Europe (general), Finnish and Baltic Sea cultures, Islamic cultures","{'Europe (general)': ""The play won't pay the candles"", 'Finnish and Baltic Sea cultures': ""The play won't pay the candles"", 'Islamic cultures': ""The play won't pay the candles""}",3,Other
444,Heaven is high up and the king far away.,3,1,3.3,"Europe (general), Finnish and Baltic Sea cultures, Older Asiatic cultures (Kuusi)","{'Europe (general)': 'Heaven is high up and the king far away', 'Finnish and Baltic Sea cultures': 'Heaven is high up and the king far away', 'Older Asiatic cultures (Kuusi)': 'Heaven is high up and the king far away'}",3,Family / Kinship / Obligation
452,The wise head gives in.,3,1,3.3,"Europe (general), Finnish and Baltic Sea cultures, Older Asiatic cultures (Kuusi)","{'Europe (general)': 'The wise head gives in', 'Finnish and Baltic Sea cultures': 'The wise head gives in', 'Older Asiatic cultures (Kuusi)': 'The wise head gives in'}",3,Other
453,There is no such word as impossible.,3,1,3.3,"Finnish and Baltic Sea cultures, Southern Europe, Western Europe and the Americas","{'Finnish and Baltic Sea cultures': 'There is no such word as impossible', 'Southern Europe': 'There is no such word as impossible', 'Western Europe and the Americas': 'There is no such word as impossible'}",3,Knowledge / Speech / Silence
457,The pleasures of the mighty are the tears of the poor.,3,1,3.3,"Europe (general), Finnish and Baltic Sea cultures, Older Asiatic cultures (Kuusi)","{'Europe (general)': 'The pleasures of the mighty are the tears of the poor', 'Finnish and Baltic Sea cultures': 'The pleasures of the mighty are the tears of the poor', 'Older Asiatic cultures (Kuusi)': 'The pleasures of the mighty are the tears of the poor'}",3,Other
460,tis better than riches to scratch when it itches.,3,1,3.3,"Europe (general), Finnish and Baltic Sea cultures, Pacific area","{'Europe (general)': ""'tis better than riches to scratch when it itches"", 'Finnish and Baltic Sea cultures': ""'tis better than riches to scratch when it itches"", 'Pacific area': ""'tis better than riches to scratch when it itches""}",3,Other
462,He that cannot beat the horse beats the saddle.,3,1,3.3,"Europe (general), Islamic cultures, Older Asiatic cultures (Kuusi)","{'Europe (general)': 'He that cannot beat the horse beats the saddle', 'Islamic cultures': 'He that cannot beat the horse beats the saddle', 'Older Asiatic cultures (Kuusi)': 'He that cannot beat the horse beats the saddle'}",3,Other
463,Gifts break a rock.,3,1,3.3,"Finnish and Baltic Sea cultures, Older Asiatic cultures (Kuusi), Western Europe and the Americas","{'Finnish and Baltic Sea cultures': 'Gifts break a rock', 'Older Asiatic cultures (Kuusi)': 'Gifts break a rock', 'Western Europe and the Americas': 'Gifts break a rock'}",3,Other
468,Covetousness is the root of all evil.,3,1,3.3,"Europe (general), Islamic cultures, Sub-Saharan Africa","{'Europe (general)': 'Covetousness is the root of all evil', 'Islamic cultures': 'Covetousness is the root of all evil', 'Sub-Saharan Africa': 'Covetousness is the root of all evil'}",3,Other
473,Caution is the mother of wit.,3,1,3.3,"Europe (general), Islamic cultures, Older Asiatic cultures (Kuusi)","{'Europe (general)': 'Caution is the mother of wit', 'Islamic cultures': 'Caution is the mother of wit', 'Older Asiatic cultures (Kuusi)': 'Caution is the mother of wit'}",3,Prudence / Risk & Uncertainty
474,"If a man grows angry, then his reason rides out.",3,1,3.3,"Europe (general), Islamic cultures, Older Asiatic cultures (Kuusi)","{'Europe (general)': 'When a man grows angry, his reason rides out', 'Islamic cultures': 'When a man grows angry, his reason rides out', 'Older Asiatic cultures (Kuusi)': 'When a man grows angry, his reason rides out'}",3,Family / Kinship / Obligation
478,Poured water won't stay in the well.,3,1,3.3,"Europe (general), Finnish and Baltic Sea cultures, Sub-Saharan Africa","{'Europe (general)': ""Poured water won't stay in the well"", 'Finnish and Baltic Sea cultures': ""Poured water won't stay in the well"", 'Sub-Saharan Africa': ""Poured water won't stay in the well""}",3,Other
479,Better A bad compromise than a good lawsuit.,3,1,3.3,"Europe (general), Finnish and Baltic Sea cultures, Older Asiatic cultures (Kuusi)","{'Europe (general)': 'A bad compromise is better than a good lawsuit', 'Finnish and Baltic Sea cultures': 'A bad compromise is better than a good lawsuit', 'Older Asiatic cultures (Kuusi)': 'A bad compromise is better than a good lawsuit'}",3,Other
492,Good ware will sell itself.,3,1,3.3,"Europe (general), Finnish and Baltic Sea cultures, Sub-Saharan Africa","{'Europe (general)': 'Good ware will sell itself', 'Finnish and Baltic Sea cultures': 'Good ware will sell itself', 'Sub-Saharan Africa': 'Good ware will sell itself'}",3,Other
497,The heart of a fool is in his mouth.,3,1,3.3,"Europe (general), Finnish and Baltic Sea cultures, Islamic cultures","{'Europe (general)': 'The heart of a fool is in his mouth', 'Finnish and Baltic Sea cultures': 'The heart of a fool is in his mouth', 'Islamic cultures': 'The heart of a fool is in his mouth'}",3,Other
499,He that looks not before finds himself behind.,3,1,3.3,"Europe (general), Finnish and Baltic Sea cultures, Sub-Saharan Africa","{'Europe (general)': 'He that looks not before finds himself behind', 'Finnish and Baltic Sea cultures': 'He that looks not before finds himself behind', 'Sub-Saharan Africa': 'He that looks not before finds himself behind'}",3,Other
504,Thoughts are free from toll.,3,1,3.3,"Europe (general), Finnish and Baltic Sea cultures, Sub-Saharan Africa","{'Europe (general)': 'Thoughts are free from toll', 'Finnish and Baltic Sea cultures': 'Thoughts are free from toll', 'Sub-Saharan Africa': 'Thoughts are free from toll'}",3,Other
508,The true nettle stings when it is young.,3,1,3.3,"Europe (general), Islamic cultures, Older Asiatic cultures (Kuusi)","{'Europe (general)': 'The true nettle stings when it is young', 'Islamic cultures': 'The true nettle stings when it is young', 'Older Asiatic cultures (Kuusi)': 'The true nettle stings when it is young'}",3,Other
509,A drop of honey catches more flies than a gallon of gall.,3,1,3.3,"Europe (general), Finnish and Baltic Sea cultures, Islamic cultures","{'Europe (general)': 'A drop of honey catches more flies than a gallon of gall', 'Finnish and Baltic Sea cultures': 'A drop of honey catches more flies than a gallon of gall', 'Islamic cultures': 'A drop of honey catches more flies than a gallon of gall'}",3,Trust / Honesty / Deception
513,There is nothing covered up that will not be uncovered.,3,1,3.3,"Europe (general), Finnish and Baltic Sea cultures, Older Asiatic cultures (Kuusi)","{'Europe (general)': 'There is nothing covered up that will not be uncovered', 'Finnish and Baltic Sea cultures': 'There is nothing covered up that will not be uncovered', 'Older Asiatic cultures (Kuusi)': 'There is nothing covered up that will not be uncovered'}",3,Other
520,Losers are always in the wrong.,3,1,3.3,"Finnish and Baltic Sea cultures, Older Asiatic cultures (Kuusi), Southern Europe","{'Finnish and Baltic Sea cultures': 'Losers are always in the wrong', 'Older Asiatic cultures (Kuusi)': 'Losers are always in the wrong', 'Southern Europe': 'Losers are always in the wrong'}",3,Other
521,A dumb man never gets land.,3,1,3.3,"Europe (general), Finnish and Baltic Sea cultures, Older Asiatic cultures (Kuusi)","{'Europe (general)': 'A dumb man never gets land', 'Finnish and Baltic Sea cultures': 'A dumb man never gets land', 'Older Asiatic cultures (Kuusi)': 'A dumb man never gets land'}",3,Prudence / Risk & Uncertainty
533,In the Emperor's presence to abide is just like sleeping by a tiger's side.,3,1,3.3,"Europe (general), Older Asiatic cultures (Kuusi), Sub-Saharan Africa","{'Europe (general)': ""In the Emperor's presence to abide is just like sleeping by a tiger's side"", 'Older Asiatic cultures (Kuusi)': ""In the Emperor's presence to abide is just like sleeping by a tiger's side"", 'Sub-Saharan Africa': ""In the Emperor's presence to abide is just like sleeping by a tiger's side""}",3,Other
541,Opportunity makes the thief.,3,1,3.3,"Europe (general), Finnish and Baltic Sea cultures, Older Asiatic cultures (Kuusi)","{'Europe (general)': 'Opportunity makes the thief', 'Finnish and Baltic Sea cultures': 'Opportunity makes the thief', 'Older Asiatic cultures (Kuusi)': 'Opportunity makes the thief'}",3,Trust / Honesty / Deception
558,An onion with a friend is a lamb.,3,1,3.3,"Europe (general), Islamic cultures, Older Asiatic cultures (Kuusi)","{'Europe (general)': 'An onion with a friend is a lamb', 'Islamic cultures': 'An onion with a friend is a lamb', 'Older Asiatic cultures (Kuusi)': 'An onion with a friend is a lamb'}",3,Cooperation / Social Support
564,Every fox must pay his own skin to the flayer.,3,1,3.3,"Europe (general), Finnish and Baltic Sea cultures, Islamic cultures","{'Europe (general)': 'Every fox must pay his own skin to the flayer', 'Finnish and Baltic Sea cultures': 'Every fox must pay his own skin to the flayer', 'Islamic cultures': 'Every fox must pay his own skin to the flayer'}",3,Trust / Honesty / Deception
567,Forbidden fruit is sweet.,3,1,3.3,"Europe (general), Islamic cultures, Older Asiatic cultures (Kuusi)","{'Europe (general)': 'Forbidden fruit is sweet', 'Islamic cultures': 'Forbidden fruit is sweet', 'Older Asiatic cultures (Kuusi)': 'Forbidden fruit is sweet'}",3,Other
569,Nobody can live longer in peace than his neighbour pleaseth.,3,1,3.3,"Islamic cultures, Older Asiatic cultures (Kuusi), Western Europe and the Americas","{'Islamic cultures': 'Nobody can live longer in peace than his neighbour pleaseth', 'Older Asiatic cultures (Kuusi)': 'Nobody can live longer in peace than his neighbour pleaseth', 'Western Europe and the Americas': 'Nobody can live longer in peace than his neighbour pleaseth'}",3,Cooperation / Social Support
572,Hard with hard makes not the stone wall.,3,1,3.3,"Europe (general), Finnish and Baltic Sea cultures, Sub-Saharan Africa","{'Europe (general)': 'Hard with hard makes not the stone wall', 'Finnish and Baltic Sea cultures': 'Hard with hard makes not the stone wall', 'Sub-Saharan Africa': 'Hard with hard makes not the stone wall'}",3,Other
573,Two blacks don't make a white.,3,1,3.3,"Europe (general), Finnish and Baltic Sea cultures, Older Asiatic cultures (Kuusi)","{'Europe (general)': ""Two blacks don't make a white"", 'Finnish and Baltic Sea cultures': ""Two blacks don't make a white"", 'Older Asiatic cultures (Kuusi)': ""Two blacks don't make a white""}",3,Other
575,Let people talk and dogs bite.,3,1,3.3,"Europe (general), Islamic cultures, Older Asiatic cultures (Kuusi)","{'Europe (general)': 'Let people talk and dogs bite', 'Islamic cultures': 'Let people talk and dogs bite', 'Older Asiatic cultures (Kuusi)': 'Let people talk and dogs bite'}",3,Other
579,"As we live, so shall we end.",3,1,3.3,"Europe (general), Finnish and Baltic Sea cultures, Older Asiatic cultures (Kuusi)","{'Europe (general)': 'As we live, so shall we end', 'Finnish and Baltic Sea cultures': 'As we live, so shall we end', 'Older Asiatic cultures (Kuusi)': 'As we live, so shall we end'}",3,Other
582,"The master absent, the house dead.",3,1,3.3,"Europe (general), Older Asiatic cultures (Kuusi), Sub-Saharan Africa","{'Europe (general)': 'The master absent, the house dead', 'Older Asiatic cultures (Kuusi)': 'The master absent, the house dead', 'Sub-Saharan Africa': 'The master absent, the house dead'}",3,Family / Kinship / Obligation
583,A guilty conscience is a self-accuser.,3,1,3.3,"Europe (general), Finnish and Baltic Sea cultures, Older Asiatic cultures (Kuusi)","{'Europe (general)': 'A guilty conscience is a self-accuser', 'Finnish and Baltic Sea cultures': 'A guilty conscience is a self-accuser', 'Older Asiatic cultures (Kuusi)': 'A guilty conscience is a self-accuser'}",3,Other
584,The master's footsteps fatten the soil.,3,1,3.3,"Europe (general), Finnish and Baltic Sea cultures, Islamic cultures","{'Europe (general)': ""The master's footsteps fatten the soil"", 'Finnish and Baltic Sea cultures': ""The master's footsteps fatten the soil"", 'Islamic cultures': ""The master's footsteps fatten the soil""}",3,Other
586,The shoulder is not higher than the head.,3,1,3.3,"Eastern Europe, Islamic cultures, Sub-Saharan Africa","{'Eastern Europe': 'The shoulder is not higher than the head', 'Islamic cultures': 'The shoulder is not higher than the head', 'Sub-Saharan Africa': 'The shoulder is not higher than the head'}",3,Other
589,Iron not used soon rusts.,3,1,3.3,"Eastern Europe, Older Asiatic cultures (Kuusi), Western Europe and the Americas","{'Eastern Europe': 'Iron not used soon rusts', 'Older Asiatic cultures (Kuusi)': 'Iron not used soon rusts', 'Western Europe and the Americas': 'Iron not used soon rusts'}",3,Other
591,All are not thieves that dogs bark at.,3,1,3.3,"Europe (general), Finnish and Baltic Sea cultures, Islamic cultures","{'Europe (general)': 'All are not thieves that dogs bark at', 'Finnish and Baltic Sea cultures': 'All are not thieves that dogs bark at', 'Islamic cultures': 'All are not thieves that dogs bark at'}",3,Other
594,Children and drunken folk speak the truth.,3,1,3.3,"Europe (general), Finnish and Baltic Sea cultures, Sub-Saharan Africa","{'Europe (general)': 'Children and drunken folk speak the truth', 'Finnish and Baltic Sea cultures': 'Children and drunken folk speak the truth', 'Sub-Saharan Africa': 'Children and drunken folk speak the truth'}",3,Trust / Honesty / Deception
598,A rich man's foolish sayings pass for wise ones.,3,1,3.3,"Europe (general), Finnish and Baltic Sea cultures, Older Asiatic cultures (Kuusi)","{'Europe (general)': ""A rich man's foolish sayings pass for wise ones"", 'Finnish and Baltic Sea cultures': ""A rich man's foolish sayings pass for wise ones"", 'Older Asiatic cultures (Kuusi)': ""A rich man's foolish sayings pass for wise ones""}",3,Other
609,A fox is not taken twice in the same snare.,3,1,3.3,"Europe (general), Finnish and Baltic Sea cultures, Islamic cultures","{'Europe (general)': 'A fox is not taken twice in the same snare', 'Finnish and Baltic Sea cultures': 'A fox is not taken twice in the same snare', 'Islamic cultures': 'A fox is not taken twice in the same snare'}",3,Trust / Honesty / Deception
613,Fling dirt enough and some will stick.,3,1,3.3,"Europe (general), Islamic cultures, Older Asiatic cultures (Kuusi)","{'Europe (general)': 'Fling dirt enough and some will stick', 'Islamic cultures': 'Fling dirt enough and some will stick', 'Older Asiatic cultures (Kuusi)': 'Fling dirt enough and some will stick'}",3,Other
623,A blind man should not judge of colours.,3,1,3.3,"Europe (general), Finnish and Baltic Sea cultures, Older Asiatic cultures (Kuusi)","{'Europe (general)': 'A blind man should not judge of colours', 'Finnish and Baltic Sea cultures': 'A blind man should not judge of colours', 'Older Asiatic cultures (Kuusi)': 'A blind man should not judge of colours'}",3,Other
625,The devil is not so black as he is painted.,3,1,3.3,"Europe (general), Finnish and Baltic Sea cultures, Islamic cultures","{'Europe (general)': 'The devil is not so black as he is painted', 'Finnish and Baltic Sea cultures': 'The devil is not so black as he is painted', 'Islamic cultures': 'The devil is not so black as he is painted'}",3,Other
626,Curst cows have curt horns.,3,1,3.3,"Europe (general), Finnish and Baltic Sea cultures, Older Asiatic cultures (Kuusi)","{'Europe (general)': 'Curst cows have curt horns', 'Finnish and Baltic Sea cultures': 'Curst cows have curt horns', 'Older Asiatic cultures (Kuusi)': 'Curst cows have curt horns'}",3,Other
630,It's no use braying at the moon.,3,1,3.3,"Europe (general), Finnish and Baltic Sea cultures, Sub-Saharan Africa","{'Europe (general)': ""It's no use braying at the moon"", 'Finnish and Baltic Sea cultures': ""It's no use braying at the moon"", 'Sub-Saharan Africa': ""It's no use braying at the moon""}",3,Other
632,Small presents keep up friendship.,3,1,3.3,"Islamic cultures, Older Asiatic cultures (Kuusi), Western Europe and the Americas","{'Islamic cultures': 'Small presents keep up friendship', 'Older Asiatic cultures (Kuusi)': 'Small presents keep up friendship', 'Western Europe and the Americas': 'Small presents keep up friendship'}",3,Cooperation / Social Support
635,He that would have the eggs must bear the cackling.,3,1,3.3,"Islamic cultures, Older Asiatic cultures (Kuusi), Western Europe and the Americas","{'Islamic cultures': 'He that would have the eggs must bear the cackling', 'Older Asiatic cultures (Kuusi)': 'He that would have the eggs must bear the cackling', 'Western Europe and the Americas': 'He that would have the eggs must bear the cackling'}",3,Other
643,"He that does ill, hates the light.",3,1,3.3,"Finnish and Baltic Sea cultures, Southern Europe, Western Europe and the Americas","{'Finnish and Baltic Sea cultures': 'He that does ill, hates the light', 'Southern Europe': 'He that does ill, hates the light', 'Western Europe and the Americas': 'He that does ill, hates the light'}",3,Other
644,Near marriage and distant service are best.,3,1,3.3,"Europe (general), Finnish and Baltic Sea cultures, Older Asiatic cultures (Kuusi)","{'Europe (general)': 'Near marriage and distant service are best', 'Finnish and Baltic Sea cultures': 'Near marriage and distant service are best', 'Older Asiatic cultures (Kuusi)': 'Near marriage and distant service are best'}",3,Other
650,"Under the lamp, darkness.",3,1,3.3,"Islamic cultures, Older Asiatic cultures (Kuusi), Western Europe and the Americas","{'Islamic cultures': 'Under the lamp, darkness', 'Older Asiatic cultures (Kuusi)': 'Under the lamp, darkness', 'Western Europe and the Americas': 'Under the lamp, darkness'}",3,Other
656,A trade in hand finds gold in every land.,3,1,3.3,"Europe (general), Finnish and Baltic Sea cultures, Sub-Saharan Africa","{'Europe (general)': 'A trade in hand finds gold in every land', 'Finnish and Baltic Sea cultures': 'A trade in hand finds gold in every land', 'Sub-Saharan Africa': 'A trade in hand finds gold in every land'}",3,Other
664,The world is a wide parish.,3,1,3.3,"Europe (general), Finnish and Baltic Sea cultures, Islamic cultures","{'Europe (general)': 'The world is a wide parish', 'Finnish and Baltic Sea cultures': 'The world is a wide parish', 'Islamic cultures': 'The world is a wide parish'}",3,Other
666,A sickly body makes a sickly mind.,3,1,3.3,"Europe (general), Islamic cultures, Older Asiatic cultures (Kuusi)","{'Europe (general)': 'A sickly body makes a sickly mind', 'Islamic cultures': 'A sickly body makes a sickly mind', 'Older Asiatic cultures (Kuusi)': 'A sickly body makes a sickly mind'}",3,Other
668,Honours change manners.,3,1,3.3,"Europe (general), Finnish and Baltic Sea cultures, Older Asiatic cultures (Kuusi)","{'Europe (general)': 'Honours change manners', 'Finnish and Baltic Sea cultures': 'Honours change manners', 'Older Asiatic cultures (Kuusi)': 'Honours change manners'}",3,Other
669,"Not caught, not guilty.",3,1,3.3,"Europe (general), Finnish and Baltic Sea cultures, Sub-Saharan Africa","{'Europe (general)': 'Not caught, not guilty', 'Finnish and Baltic Sea cultures': 'Not caught, not guilty', 'Sub-Saharan Africa': 'Not caught, not guilty'}",3,Other
670,Fame has wings.,3,1,3.3,"Europe (general), Finnish and Baltic Sea cultures, Islamic cultures","{'Europe (general)': 'Fame has wings', 'Finnish and Baltic Sea cultures': 'Fame has wings', 'Islamic cultures': 'Fame has wings'}",3,Other
674,"Ill-deem'd, half-hanged.",3,1,3.3,"Europe (general), Finnish and Baltic Sea cultures, Older Asiatic cultures (Kuusi)","{'Europe (general)': ""Ill-deem'd, half-hanged"", 'Finnish and Baltic Sea cultures': ""Ill-deem'd, half-hanged"", 'Older Asiatic cultures (Kuusi)': ""Ill-deem'd, half-hanged""}",3,Other
675,No man is indispensable.,3,1,3.3,"Europe (general), Finnish and Baltic Sea cultures, Sub-Saharan Africa","{'Europe (general)': 'No man is indispensable', 'Finnish and Baltic Sea cultures': 'No man is indispensable', 'Sub-Saharan Africa': 'No man is indispensable'}",3,Other
677,"Like workman, like work.",3,1,3.3,"Europe (general), Finnish and Baltic Sea cultures, Islamic cultures","{'Europe (general)': 'Like workman, like work', 'Finnish and Baltic Sea cultures': 'Like workman, like work', 'Islamic cultures': 'Like workman, like work'}",3,Effort / Time / Persistence
685,"The most deadly of wild beasts is a backbiter, of tame ones a flatterer.",3,1,3.3,"Islamic cultures, Sub-Saharan Africa, Western Europe and the Americas","{'Islamic cultures': 'The most deadly of wild beasts is a backbiter, of tame ones a flatterer', 'Sub-Saharan Africa': 'The most deadly of wild beasts is a backbiter, of tame ones a flatterer', 'Western Europe and the Americas': 'The most deadly of wild beasts is a backbiter, of tame ones a flatterer'}",3,Other
689,One can't make war with rose water.,3,1,3.3,"Islamic cultures, Older Asiatic cultures (Kuusi), Western Europe and the Americas","{'Islamic cultures': ""One can't make war with rose water"", 'Older Asiatic cultures (Kuusi)': ""One can't make war with rose water"", 'Western Europe and the Americas': ""One can't make war with rose water""}",3,Other
691,Let every man carry his own sack to the mill.,3,1,3.3,"Europe (general), Finnish and Baltic Sea cultures, Older Asiatic cultures (Kuusi)","{'Europe (general)': 'Let every man carry his own sack to the mill', 'Finnish and Baltic Sea cultures': 'Let every man carry his own sack to the mill', 'Older Asiatic cultures (Kuusi)': 'Let every man carry his own sack to the mill'}",3,Other
695,"He that does lend, loses his friend.",3,1,3.3,"Europe (general), Islamic cultures, Older Asiatic cultures (Kuusi)","{'Europe (general)': 'He that does lend, loses his friend', 'Islamic cultures': 'He that does lend, loses his friend', 'Older Asiatic cultures (Kuusi)': 'He that does lend, loses his friend'}",3,Cooperation / Social Support
698,A fat kitchen is near to poverty.,3,1,3.3,"Europe (general), Finnish and Baltic Sea cultures, Sub-Saharan Africa","{'Europe (general)': 'A fat kitchen is near to poverty', 'Finnish and Baltic Sea cultures': 'A fat kitchen is near to poverty', 'Sub-Saharan Africa': 'A fat kitchen is near to poverty'}",3,Other
700,Truth will out.,3,1,3.3,"Europe (general), Finnish and Baltic Sea cultures, Islamic cultures","{'Europe (general)': 'Truth will out', 'Finnish and Baltic Sea cultures': 'Truth will out', 'Islamic cultures': 'Truth will out'}",3,Trust / Honesty / Deception
702,None so deaf as those who will not hear.,3,1,3.3,"Finnish and Baltic Sea cultures, Southern Europe, Western Europe and the Americas","{'Finnish and Baltic Sea cultures': 'None so deaf as those who will not hear', 'Southern Europe': 'None so deaf as those who will not hear', 'Western Europe and the Americas': 'None so deaf as those who will not hear'}",3,Other
706,Fools never perceive where they are ill-timed or ill-placed.,3,1,3.3,"Eastern Europe, Finnish and Baltic Sea cultures, Older Asiatic cultures (Kuusi)","{'Eastern Europe': 'Fools never perceive where they are ill-timed or ill-placed', 'Finnish and Baltic Sea cultures': 'Fools never perceive where they are ill-timed or ill-placed', 'Older Asiatic cultures (Kuusi)': 'Fools never perceive where they are ill-timed or ill-placed'}",3,Prudence / Risk & Uncertainty
711,Murder will out.,3,1,3.3,"Eastern Europe, Islamic cultures, Western Europe and the Americas","{'Eastern Europe': 'Murder will out', 'Islamic cultures': 'Murder will out', 'Western Europe and the Americas': 'Murder will out'}",3,Other
712,Money finds friends.,3,1,3.3,"Europe (general), Finnish and Baltic Sea cultures, Older Asiatic cultures (Kuusi)","{'Europe (general)': 'Money finds friends', 'Finnish and Baltic Sea cultures': 'Money finds friends', 'Older Asiatic cultures (Kuusi)': 'Money finds friends'}",3,Cooperation / Social Support
715,To add oil to the fire.,3,1,3.3,"Europe (general), Islamic cultures, Older Asiatic cultures (Kuusi)","{'Europe (general)': 'To add oil to the fire', 'Islamic cultures': 'To add oil to the fire', 'Older Asiatic cultures (Kuusi)': 'To add oil to the fire'}",3,Other
717,A good neighbour is a precious thing.,3,1,3.3,"Europe (general), Finnish and Baltic Sea cultures, Islamic cultures","{'Europe (general)': 'A good neighbour is a precious thing', 'Finnish and Baltic Sea cultures': 'A good neighbour is a precious thing', 'Islamic cultures': 'A good neighbour is a precious thing'}",3,Cooperation / Social Support
727,One cannot force a dog to hunt.,3,1,3.3,"Europe (general), Finnish and Baltic Sea cultures, Islamic cultures","{'Europe (general)': 'One cannot force a dog to hunt', 'Finnish and Baltic Sea cultures': 'One cannot force a dog to hunt', 'Islamic cultures': 'One cannot force a dog to hunt'}",3,Other
732,He that travels far knows much.,3,1,3.3,"Europe (general), Islamic cultures, Sub-Saharan Africa","{'Europe (general)': 'He that travels far knows much', 'Islamic cultures': 'He that travels far knows much', 'Sub-Saharan Africa': 'He that travels far knows much'}",3,Other
734,Broad thongs are cut out of another man's leather.,3,1,3.3,"Europe (general), Finnish and Baltic Sea cultures, Sub-Saharan Africa","{'Europe (general)': ""Broad thongs are cut out of another man's leather"", 'Finnish and Baltic Sea cultures': ""Broad thongs are cut out of another man's leather"", 'Sub-Saharan Africa': ""Broad thongs are cut out of another man's leather""}",3,Other
735,A fool may ask more questions in an hour than a wise man may answer in a year.,3,1,3.3,"Europe (general), Finnish and Baltic Sea cultures, Older Asiatic cultures (Kuusi)","{'Europe (general)': 'A fool may ask more questions in an hour than a wise man may answer in a year', 'Finnish and Baltic Sea cultures': 'A fool may ask more questions in an hour than a wise man may answer in a year', 'Older Asiatic cultures (Kuusi)': 'A fool may ask more questions in an hour than a wise man may answer in a year'}",3,Other
746,They are greedy dogs which can never have enough.,3,1,3.3,"Europe (general), Finnish and Baltic Sea cultures, Islamic cultures","{'Europe (general)': 'They are greedy dogs which can never have enough', 'Finnish and Baltic Sea cultures': 'They are greedy dogs which can never have enough', 'Islamic cultures': 'They are greedy dogs which can never have enough'}",3,Prudence / Risk & Uncertainty
752,To steal the goose and give the giblets in alms.,3,1,3.3,"Islamic cultures, Older Asiatic cultures (Kuusi), Western Europe and the Americas","{'Islamic cultures': 'To steal the goose and give the giblets in alms', 'Older Asiatic cultures (Kuusi)': 'To steal the goose and give the giblets in alms', 'Western Europe and the Americas': 'To steal the goose and give the giblets in alms'}",3,Other
755,Fish begins to stink at the head.,3,1,3.3,"Europe (general), Finnish and Baltic Sea cultures, Islamic cultures","{'Europe (general)': 'Fish begins to stink at the head', 'Finnish and Baltic Sea cultures': 'Fish begins to stink at the head', 'Islamic cultures': 'Fish begins to stink at the head'}",3,Other
763,A stick is soon found to beat a dog with.,3,1,3.3,"Europe (general), Finnish and Baltic Sea cultures, Sub-Saharan Africa","{'Europe (general)': 'A stick is soon found to beat a dog with', 'Finnish and Baltic Sea cultures': 'A stick is soon found to beat a dog with', 'Sub-Saharan Africa': 'A stick is soon found to beat a dog with'}",3,Other
764,The lone sheep's in danger of the wolf.,3,1,3.3,"Europe (general), Older Asiatic cultures (Kuusi), Sub-Saharan Africa","{'Europe (general)': ""The lone sheep's in danger of the wolf"", 'Older Asiatic cultures (Kuusi)': ""The lone sheep's in danger of the wolf"", 'Sub-Saharan Africa': ""The lone sheep's in danger of the wolf""}",3,Prudence / Risk & Uncertainty
766,The heart's case is hard to open.,3,1,3.3,"Europe (general), Older Asiatic cultures (Kuusi), Sub-Saharan Africa","{'Europe (general)': ""The heart's case is hard to open"", 'Older Asiatic cultures (Kuusi)': ""The heart's case is hard to open"", 'Sub-Saharan Africa': ""The heart's case is hard to open""}",3,Other
767,He who is useless for himself is useless for others.,3,1,3.3,"Europe (general), Islamic cultures, Sub-Saharan Africa","{'Europe (general)': 'He who is useless for himself is useless for others', 'Islamic cultures': 'He who is useless for himself is useless for others', 'Sub-Saharan Africa': 'He who is useless for himself is useless for others'}",3,Other
771,Ignorance is the mother of impudence.,3,1,3.3,"Europe (general), Finnish and Baltic Sea cultures, Older Asiatic cultures (Kuusi)","{'Europe (general)': 'Ignorance is the mother of impudence', 'Finnish and Baltic Sea cultures': 'Ignorance is the mother of impudence', 'Older Asiatic cultures (Kuusi)': 'Ignorance is the mother of impudence'}",3,Family / Kinship / Obligation
772,Avoid play with fire.,3,1,3.3,"Europe (general), Finnish and Baltic Sea cultures, Older Asiatic cultures (Kuusi)","{'Europe (general)': ""Don't play with fire"", 'Finnish and Baltic Sea cultures': ""Don't play with fire"", 'Older Asiatic cultures (Kuusi)': ""Don't play with fire""}",3,Prudence / Risk & Uncertainty
773,What is in the pot will come out in the ladle.,3,1,3.3,"Islamic cultures, Older Asiatic cultures (Kuusi), Sub-Saharan Africa","{'Islamic cultures': 'What is in the pot will come out in the ladle', 'Older Asiatic cultures (Kuusi)': 'What is in the pot will come out in the ladle', 'Sub-Saharan Africa': 'What is in the pot will come out in the ladle'}",3,Other
777,The ass dreams of thistles.,3,1,3.3,"Europe (general), Finnish and Baltic Sea cultures, Islamic cultures","{'Europe (general)': 'The ass dreams of thistles', 'Finnish and Baltic Sea cultures': 'The ass dreams of thistles', 'Islamic cultures': 'The ass dreams of thistles'}",3,Other
780,Age and wedlock we all desire and repent of.,3,1,3.3,"Eastern Europe, Finnish and Baltic Sea cultures, Western Europe and the Americas","{'Eastern Europe': 'Age and wedlock we all desire and repent of', 'Finnish and Baltic Sea cultures': 'Age and wedlock we all desire and repent of', 'Western Europe and the Americas': 'Age and wedlock we all desire and repent of'}",3,Other
783,The lion is not so fierce as he is painted.,3,1,3.3,"Europe (general), Finnish and Baltic Sea cultures, Older Asiatic cultures (Kuusi)","{'Europe (general)': 'The lion is not so fierce as he is painted', 'Finnish and Baltic Sea cultures': 'The lion is not so fierce as he is painted', 'Older Asiatic cultures (Kuusi)': 'The lion is not so fierce as he is painted'}",3,Other
784,Tell no one what you do not wish to be repeated.,3,1,3.3,"Europe (general), Finnish and Baltic Sea cultures, Older Asiatic cultures (Kuusi)","{'Europe (general)': 'Tell no one what you do not wish to be repeated', 'Finnish and Baltic Sea cultures': 'Tell no one what you do not wish to be repeated', 'Older Asiatic cultures (Kuusi)': 'Tell no one what you do not wish to be repeated'}",3,Other
785,Folly and learning often dwell together.,3,1,3.3,"Europe (general), Older Asiatic cultures (Kuusi), Sub-Saharan Africa","{'Europe (general)': 'Folly and learning often dwell together', 'Older Asiatic cultures (Kuusi)': 'Folly and learning often dwell together', 'Sub-Saharan Africa': 'Folly and learning often dwell together'}",3,Cooperation / Social Support
791,A cat may look at a king.,3,1,3.3,"Europe (general), Finnish and Baltic Sea cultures, Sub-Saharan Africa","{'Europe (general)': 'A cat may look at a king', 'Finnish and Baltic Sea cultures': 'A cat may look at a king', 'Sub-Saharan Africa': 'A cat may look at a king'}",3,Family / Kinship / Obligation
794,It takes two to make a quarrel.,3,1,3.3,"Europe (general), Finnish and Baltic Sea cultures, Sub-Saharan Africa","{'Europe (general)': 'It takes two to make a quarrel', 'Finnish and Baltic Sea cultures': 'It takes two to make a quarrel', 'Sub-Saharan Africa': 'It takes two to make a quarrel'}",3,Other
805,Better rear a pig than bring up some body else's child.,3,1,3.3,"Europe (general), Islamic cultures, Sub-Saharan Africa","{'Europe (general)': ""Better to rear a pig than to bring up some body else's child"", 'Islamic cultures': ""Better to rear a pig than to bring up some body else's child"", 'Sub-Saharan Africa': ""Better to rear a pig than to bring up some body else's child""}",3,Family / Kinship / Obligation
808,Old age is honourable.,3,1,3.3,"Europe (general), Finnish and Baltic Sea cultures, Sub-Saharan Africa","{'Europe (general)': 'Old age is honourable', 'Finnish and Baltic Sea cultures': 'Old age is honourable', 'Sub-Saharan Africa': 'Old age is honourable'}",3,Other
809,It is bad with the bad [i.e. the woman] but worse without the bad.,3,1,3.3,"Europe (general), Finnish and Baltic Sea cultures, Islamic cultures","{'Europe (general)': 'It is bad with the bad [i.e. the woman] but worse without the bad', 'Finnish and Baltic Sea cultures': 'It is bad with the bad [i.e. the woman] but worse without the bad', 'Islamic cultures': 'It is bad with the bad [i.e. the woman] but worse without the bad'}",3,Other
812,Matches are made in heaven.,3,1,3.3,"Europe (general), Finnish and Baltic Sea cultures, Older Asiatic cultures (Kuusi)","{'Europe (general)': 'Matches are made in heaven', 'Finnish and Baltic Sea cultures': 'Matches are made in heaven', 'Older Asiatic cultures (Kuusi)': 'Matches are made in heaven'}",3,Other
813,A watched kettle never boils.,3,1,3.3,"Europe (general), Finnish and Baltic Sea cultures, Older Asiatic cultures (Kuusi)","{'Europe (general)': 'A watched kettle never boils', 'Finnish and Baltic Sea cultures': 'A watched kettle never boils', 'Older Asiatic cultures (Kuusi)': 'A watched kettle never boils'}",3,Prudence / Risk & Uncertainty
815,Two dogs strive for a bone and the third runs away with it.,3,1,3.3,"Europe (general), Finnish and Baltic Sea cultures, Older Asiatic cultures (Kuusi)","{'Europe (general)': 'Two dogs strive for a bone and the third runs away with it', 'Finnish and Baltic Sea cultures': 'Two dogs strive for a bone and the third runs away with it', 'Older Asiatic cultures (Kuusi)': 'Two dogs strive for a bone and the third runs away with it'}",3,Other
824,When the oil is exhausted the lamp goes out.,3,1,3.3,"Islamic cultures, Older Asiatic cultures (Kuusi), Western Europe and the Americas","{'Islamic cultures': 'When the oil is exhausted the lamp goes out', 'Older Asiatic cultures (Kuusi)': 'When the oil is exhausted the lamp goes out', 'Western Europe and the Americas': 'When the oil is exhausted the lamp goes out'}",3,Other
827,A blind man may perchance hit the mark.,3,1,3.3,"Finnish and Baltic Sea cultures, Islamic cultures, Western Europe and the Americas","{'Finnish and Baltic Sea cultures': 'A blind man may perchance hit the mark', 'Islamic cultures': 'A blind man may perchance hit the mark', 'Western Europe and the Americas': 'A blind man may perchance hit the mark'}",3,Fate / Fortune / Opportunity
829,"No cows, no care.",3,1,3.3,"Europe (general), Finnish and Baltic Sea cultures, Older Asiatic cultures (Kuusi)","{'Europe (general)': 'No cows, no care', 'Finnish and Baltic Sea cultures': 'No cows, no care', 'Older Asiatic cultures (Kuusi)': 'No cows, no care'}",3,Other
837,The noblest vengeance is to forgive.,3,1,3.3,"Islamic cultures, Older Asiatic cultures (Kuusi), Western Europe and the Americas","{'Islamic cultures': 'The noblest vengeance is to forgive', 'Older Asiatic cultures (Kuusi)': 'The noblest vengeance is to forgive', 'Western Europe and the Americas': 'The noblest vengeance is to forgive'}",3,Other
839,He who has a fellow-ruler has an over-ruler.,3,1,3.3,"Europe (general), Finnish and Baltic Sea cultures, Islamic cultures","{'Europe (general)': 'He who has a fellow-ruler has an over-ruler', 'Finnish and Baltic Sea cultures': 'He who has a fellow-ruler has an over-ruler', 'Islamic cultures': 'He who has a fellow-ruler has an over-ruler'}",3,Other
842,Nobody is perfect.,3,1,3.3,"Europe (general), Finnish and Baltic Sea cultures, Older Asiatic cultures (Kuusi)","{'Europe (general)': 'Nobody is perfect', 'Finnish and Baltic Sea cultures': 'Nobody is perfect', 'Older Asiatic cultures (Kuusi)': 'Nobody is perfect'}",3,Other
843,Appearances are deceptive.,3,1,3.3,"Europe (general), Finnish and Baltic Sea cultures, Older Asiatic cultures (Kuusi)","{'Europe (general)': 'Appearances are deceptive', 'Finnish and Baltic Sea cultures': 'Appearances are deceptive', 'Older Asiatic cultures (Kuusi)': 'Appearances are deceptive'}",3,Other
846,A wonder lasts but nine days.,3,1,3.3,"Europe (general), Older Asiatic cultures (Kuusi), Sub-Saharan Africa","{'Europe (general)': 'A wonder lasts but nine days', 'Older Asiatic cultures (Kuusi)': 'A wonder lasts but nine days', 'Sub-Saharan Africa': 'A wonder lasts but nine days'}",3,Other
847,Sour grapes as the fox said when he could not reach them.,3,1,3.3,"Europe (general), Islamic cultures, Sub-Saharan Africa","{'Europe (general)': 'Sour grapes as the fox said when he could not reach them', 'Islamic cultures': 'Sour grapes as the fox said when he could not reach them', 'Sub-Saharan Africa': 'Sour grapes as the fox said when he could not reach them'}",3,Trust / Honesty / Deception
855,It's a wise child that knows its own father.,3,1,3.3,"Older Asiatic cultures (Kuusi), Southern Europe, Western Europe and the Americas","{'Older Asiatic cultures (Kuusi)': ""It's a wise child that knows its own father"", 'Southern Europe': ""It's a wise child that knows its own father"", 'Western Europe and the Americas': ""It's a wise child that knows its own father""}",3,Family / Kinship / Obligation
858,Leave the dead to bury their dead.,3,1,3.3,"Europe (general), Islamic cultures, Older Asiatic cultures (Kuusi)","{'Europe (general)': 'Leave the dead to bury their dead', 'Islamic cultures': 'Leave the dead to bury their dead', 'Older Asiatic cultures (Kuusi)': 'Leave the dead to bury their dead'}",3,Other
859,He that loses anything and gets wisdom by it gains by the loss.,3,1,3.3,"Europe (general), Islamic cultures, Older Asiatic cultures (Kuusi)","{'Europe (general)': 'He that loses anything and gets wisdom by it gains by the loss', 'Islamic cultures': 'He that loses anything and gets wisdom by it gains by the loss', 'Older Asiatic cultures (Kuusi)': 'He that loses anything and gets wisdom by it gains by the loss'}",3,Knowledge / Speech / Silence
870,Let bygones be bygones.,3,1,3.3,"Europe (general), Finnish and Baltic Sea cultures, Older Asiatic cultures (Kuusi)","{'Europe (general)': 'Let bygones be bygones', 'Finnish and Baltic Sea cultures': 'Let bygones be bygones', 'Older Asiatic cultures (Kuusi)': 'Let bygones be bygones'}",3,Other
874,A clever tongue will take you anywhere.,3,1,3.3,"Europe (general), Finnish and Baltic Sea cultures, Older Asiatic cultures (Kuusi)","{'Europe (general)': 'A clever tongue will take you anywhere.', 'Finnish and Baltic Sea cultures': 'A clever tongue will take you anywhere.', 'Older Asiatic cultures (Kuusi)': 'A clever tongue will take you anywhere.'}",3,Knowledge / Speech / Silence
875,About tastes there is no disputing.,3,1,3.3,"Europe (general), Islamic cultures, Older Asiatic cultures (Kuusi)","{'Europe (general)': 'About tastes there is no disputing', 'Islamic cultures': 'About tastes there is no disputing', 'Older Asiatic cultures (Kuusi)': 'About tastes there is no disputing'}",3,Other
878,Better a clout than a hole out.,3,1,3.3,"Finnish and Baltic Sea cultures, Sub-Saharan Africa, Western Europe and the Americas","{'Finnish and Baltic Sea cultures': 'Better a clout than a hole out', 'Sub-Saharan Africa': 'Better a clout than a hole out', 'Western Europe and the Americas': 'Better a clout than a hole out'}",3,Other
884,Small gifts keep freindship alive.,3,1,3.3,"Europe (general), Islamic cultures, Sub-Saharan Africa","{'Europe (general)': 'Small gifts keep freindship alive', 'Islamic cultures': 'Small gifts keep freindship alive', 'Sub-Saharan Africa': 'Small gifts keep freindship alive'}",3,Other
887,The worst wheel always creaks most.,3,1,3.3,"Europe (general), Finnish and Baltic Sea cultures, Islamic cultures","{'Europe (general)': 'The worst wheel always creaks most', 'Finnish and Baltic Sea cultures': 'The worst wheel always creaks most', 'Islamic cultures': 'The worst wheel always creaks most'}",3,Other
892,A woman hath nine lives like a cat.,3,1,3.3,"Europe (general), Finnish and Baltic Sea cultures, Islamic cultures","{'Europe (general)': 'A woman hath nine lives like a cat', 'Finnish and Baltic Sea cultures': 'A woman hath nine lives like a cat', 'Islamic cultures': 'A woman hath nine lives like a cat'}",3,Other
905,We are all in the same boat.,3,1,3.3,"Europe (general), Islamic cultures, Older Asiatic cultures (Kuusi)","{'Europe (general)': 'We are all in the same boat', 'Islamic cultures': 'We are all in the same boat', 'Older Asiatic cultures (Kuusi)': 'We are all in the same boat'}",3,Other
912,Daughters and dead fish are no keeping wares.,3,1,3.3,"Europe (general), Finnish and Baltic Sea cultures, Pacific area","{'Europe (general)': 'Daughters and dead fish are no keeping wares', 'Finnish and Baltic Sea cultures': 'Daughters and dead fish are no keeping wares', 'Pacific area': 'Daughters and dead fish are no keeping wares'}",3,Family / Kinship / Obligation
913,Like cures like.,3,1,3.3,"Europe (general), Finnish and Baltic Sea cultures, Islamic cultures","{'Europe (general)': 'Like cures like', 'Finnish and Baltic Sea cultures': 'Like cures like', 'Islamic cultures': 'Like cures like'}",3,Other
915,Proffer'd service stinks.,3,1,3.3,"Europe (general), Finnish and Baltic Sea cultures, Older Asiatic cultures (Kuusi)","{'Europe (general)': ""Proffer'd service stinks"", 'Finnish and Baltic Sea cultures': ""Proffer'd service stinks"", 'Older Asiatic cultures (Kuusi)': ""Proffer'd service stinks""}",3,Other
919,Where there is a will there's a way.,3,1,3.3,"Europe (general), Finnish and Baltic Sea cultures, Islamic cultures","{'Europe (general)': ""Where there is a will there's a way"", 'Finnish and Baltic Sea cultures': ""Where there is a will there's a way"", 'Islamic cultures': ""Where there is a will there's a way""}",3,Other
923,God sends the corn and the devil mars the sack.,3,1,3.3,"Older Asiatic cultures (Kuusi), Southern Europe, Western Europe and the Americas","{'Older Asiatic cultures (Kuusi)': 'God sends the corn and the devil mars the sack', 'Southern Europe': 'God sends the corn and the devil mars the sack', 'Western Europe and the Americas': 'God sends the corn and the devil mars the sack'}",3,Other
926,There is a remedy for all things except death.,3,1,3.3,"Europe (general), Older Asiatic cultures (Kuusi), Sub-Saharan Africa","{'Europe (general)': 'There is a remedy for all things except death', 'Older Asiatic cultures (Kuusi)': 'There is a remedy for all things except death', 'Sub-Saharan Africa': 'There is a remedy for all things except death'}",3,Other
927,Though the wound be healed a scar remains.,3,1,3.3,"Europe (general), Finnish and Baltic Sea cultures, Pacific area","{'Europe (general)': 'Though the wound be healed a scar remains', 'Finnish and Baltic Sea cultures': 'Though the wound be healed a scar remains', 'Pacific area': 'Though the wound be healed a scar remains'}",3,Other
930,Do the duty that lies nearest thee.,3,1,3.3,"Older Asiatic cultures (Kuusi), Sub-Saharan Africa, Western Europe and the Americas","{'Older Asiatic cultures (Kuusi)': 'Do the duty that lies nearest thee', 'Sub-Saharan Africa': 'Do the duty that lies nearest thee', 'Western Europe and the Americas': 'Do the duty that lies nearest thee'}",3,Trust / Honesty / Deception
931,The moon is not seen when the sun shines.,3,1,3.3,"Europe (general), Islamic cultures, Older Asiatic cultures (Kuusi)","{'Europe (general)': 'The moon is not seen when the sun shines', 'Islamic cultures': 'The moon is not seen when the sun shines', 'Older Asiatic cultures (Kuusi)': 'The moon is not seen when the sun shines'}",3,Other
932,Give a dog a bad name and hang him.,3,1,3.3,"Europe (general), Finnish and Baltic Sea cultures, Pacific area","{'Europe (general)': 'Give a dog a bad name and hang him', 'Finnish and Baltic Sea cultures': 'Give a dog a bad name and hang him', 'Pacific area': 'Give a dog a bad name and hang him'}",3,Other
934,The doctor is never killed because the patient dies.,3,1,3.3,"Europe (general), Older Asiatic cultures (Kuusi), Sub-Saharan Africa","{'Europe (general)': 'The doctor is never killed because the patient dies', 'Older Asiatic cultures (Kuusi)': 'The doctor is never killed because the patient dies', 'Sub-Saharan Africa': 'The doctor is never killed because the patient dies'}",3,Prudence / Risk & Uncertainty
939,After me the deluge.,3,1,3.3,"Europe (general), Islamic cultures, Older Asiatic cultures (Kuusi)","{'Europe (general)': 'After me the deluge', 'Islamic cultures': 'After me the deluge', 'Older Asiatic cultures (Kuusi)': 'After me the deluge'}",3,Other
941,The dew to the ant is a flood.,3,1,3.3,"Eastern Europe, Islamic cultures, Older Asiatic cultures (Kuusi)","{'Eastern Europe': 'The dew to the ant is a flood', 'Islamic cultures': 'The dew to the ant is a flood', 'Older Asiatic cultures (Kuusi)': 'The dew to the ant is a flood'}",3,Other
949,"Little children, little sorrows; big children, big sorrows.",3,1,3.3,"Europe (general), Finnish and Baltic Sea cultures, Pacific area","{'Europe (general)': 'Little children, little sorrows; big children, big sorrows', 'Finnish and Baltic Sea cultures': 'Little children, little sorrows; big children, big sorrows', 'Pacific area': 'Little children, little sorrows; big children, big sorrows'}",3,Family / Kinship / Obligation
951,"Where the red goat was lying, the grass does not grow for forty years =riddle: war, forest fire.",3,1,3.3,"Europe (general), Older Asiatic cultures (Kuusi), Sub-Saharan Africa","{'Europe (general)': 'Where the red goat was lying, the grass does not grow for forty years =riddle: war, forest fire', 'Older Asiatic cultures (Kuusi)': 'Where the red goat was lying, the grass does not grow for forty years =riddle: war, forest fire', 'Sub-Saharan Africa': 'Where the red goat was lying, the grass does not grow for forty years =riddle: war, forest fire'}",3,Other
964,Hasty climbers have sudden falls.,3,1,3.3,"Europe (general), Finnish and Baltic Sea cultures, Islamic cultures","{'Europe (general)': 'Hasty climbers have sudden falls', 'Finnish and Baltic Sea cultures': 'Hasty climbers have sudden falls', 'Islamic cultures': 'Hasty climbers have sudden falls'}",3,Other
967,"Great boast, small roast.",3,1,3.3,"Europe (general), Finnish and Baltic Sea cultures, Older Asiatic cultures (Kuusi)","{'Europe (general)': 'Great boast, small roast', 'Finnish and Baltic Sea cultures': 'Great boast, small roast', 'Older Asiatic cultures (Kuusi)': 'Great boast, small roast'}",3,Other
969,You can't milk a bull.,3,1,3.3,"Eastern Europe, Islamic cultures, Northern Europe","{'Eastern Europe': ""You can't milk a bull"", 'Islamic cultures': ""You can't milk a bull"", 'Northern Europe': ""You can't milk a bull""}",3,Other
970,A good gaper makes two gapers.,3,1,3.3,"Finnish and Baltic Sea cultures, Islamic cultures, Western Europe and the Americas","{'Finnish and Baltic Sea cultures': 'A good gaper makes two gapers', 'Islamic cultures': 'A good gaper makes two gapers', 'Western Europe and the Americas': 'A good gaper makes two gapers'}",3,Other
977,Be surety and danger is at hand.,3,1,3.3,"Europe (general), Finnish and Baltic Sea cultures, Older Asiatic cultures (Kuusi)","{'Europe (general)': 'Be surety and danger is at hand', 'Finnish and Baltic Sea cultures': 'Be surety and danger is at hand', 'Older Asiatic cultures (Kuusi)': 'Be surety and danger is at hand'}",3,Prudence / Risk & Uncertainty
984,Hunger is the teacher of all arts.,3,1,3.3,"Europe (general), Finnish and Baltic Sea cultures, Sub-Saharan Africa","{'Europe (general)': 'Hunger is the teacher of all arts', 'Finnish and Baltic Sea cultures': 'Hunger is the teacher of all arts', 'Sub-Saharan Africa': 'Hunger is the teacher of all arts'}",3,Other
999,All is gay that is green.,3,1,3.3,"Europe (general), Finnish and Baltic Sea cultures, Older Asiatic cultures (Kuusi)","{'Europe (general)': 'All is gay that is green', 'Finnish and Baltic Sea cultures': 'All is gay that is green', 'Older Asiatic cultures (Kuusi)': 'All is gay that is green'}",3,Other
1002,A poor man's tale cannot be heard.,3,1,3.3,"Older Asiatic cultures (Kuusi), Southern Europe, Western Europe and the Americas","{'Older Asiatic cultures (Kuusi)': ""A poor man's tale cannot be heard"", 'Southern Europe': ""A poor man's tale cannot be heard"", 'Western Europe and the Americas': ""A poor man's tale cannot be heard""}",3,Other
1004,Ill-gotten goods seldom prosper.,3,1,3.3,"Europe (general), Finnish and Baltic Sea cultures, Islamic cultures","{'Europe (general)': 'Ill-gotten goods seldom prosper', 'Finnish and Baltic Sea cultures': 'Ill-gotten goods seldom prosper', 'Islamic cultures': 'Ill-gotten goods seldom prosper'}",3,Other
1008,The sun will shine on our side of the fence.,3,1,3.3,"Europe (general), Finnish and Baltic Sea cultures, Older Asiatic cultures (Kuusi)","{'Europe (general)': 'The sun will shine on our side of the fence', 'Finnish and Baltic Sea cultures': 'The sun will shine on our side of the fence', 'Older Asiatic cultures (Kuusi)': 'The sun will shine on our side of the fence'}",3,Other
1010,"The fly says:""The world is before and behind"" =it is at home everywhere.",3,1,3.3,"Europe (general), Older Asiatic cultures (Kuusi), Sub-Saharan Africa","{'Europe (general)': 'The fly says:""The world is before and behind"" =it is at home everywhere', 'Older Asiatic cultures (Kuusi)': 'The fly says:""The world is before and behind"" =it is at home everywhere', 'Sub-Saharan Africa': 'The fly says:""The world is before and behind"" =it is at home everywhere'}",3,Family / Kinship / Obligation
1017,A fool may throw a stone into a well which a hundred wise men cannot pull out.,3,1,3.3,"Europe (general), Islamic cultures, Older Asiatic cultures (Kuusi)","{'Europe (general)': 'A fool may throw a stone into a well which a hundred wise men cannot pull out', 'Islamic cultures': 'A fool may throw a stone into a well which a hundred wise men cannot pull out', 'Older Asiatic cultures (Kuusi)': 'A fool may throw a stone into a well which a hundred wise men cannot pull out'}",3,Other
1019,No garden without its weed.,3,1,3.3,"Europe (general), Islamic cultures, Older Asiatic cultures (Kuusi)","{'Europe (general)': 'No garden without its weed', 'Islamic cultures': 'No garden without its weed', 'Older Asiatic cultures (Kuusi)': 'No garden without its weed'}",3,Other
1022,All that lives must die.,3,1,3.3,"Europe (general), Finnish and Baltic Sea cultures, Older Asiatic cultures (Kuusi)","{'Europe (general)': 'All that lives must die', 'Finnish and Baltic Sea cultures': 'All that lives must die', 'Older Asiatic cultures (Kuusi)': 'All that lives must die'}",3,Other
1030,Where God has a church the devil will have his chapel.,3,1,3.3,"Europe (general), Finnish and Baltic Sea cultures, Older Asiatic cultures (Kuusi)","{'Europe (general)': 'Where God has a church the devil will have his chapel', 'Finnish and Baltic Sea cultures': 'Where God has a church the devil will have his chapel', 'Older Asiatic cultures (Kuusi)': 'Where God has a church the devil will have his chapel'}",3,Other
1033,"Ever drunk, ever dry.",3,1,3.3,"Europe (general), Finnish and Baltic Sea cultures, Sub-Saharan Africa","{'Europe (general)': 'Ever drunk, ever dry', 'Finnish and Baltic Sea cultures': 'Ever drunk, ever dry', 'Sub-Saharan Africa': 'Ever drunk, ever dry'}",3,Other
1039,A storm in a teacup.,3,1,3.3,"Europe (general), Finnish and Baltic Sea cultures, Older Asiatic cultures (Kuusi)","{'Europe (general)': 'A storm in a teacup', 'Finnish and Baltic Sea cultures': 'A storm in a teacup', 'Older Asiatic cultures (Kuusi)': 'A storm in a teacup'}",3,Other
1040,Better be foolish with all than wise by yourself what everybody says must be true.,3,1,3.3,"Older Asiatic cultures (Kuusi), Southern Europe, Western Europe and the Americas","{'Older Asiatic cultures (Kuusi)': 'Better be foolish with all than wise by yourself what everybody says must be true', 'Southern Europe': 'Better be foolish with all than wise by yourself what everybody says must be true', 'Western Europe and the Americas': 'Better be foolish with all than wise by yourself what everybody says must be true'}",3,Other
1043,The onlooker sees most of the game.,3,1,3.3,"Europe (general), Finnish and Baltic Sea cultures, Older Asiatic cultures (Kuusi)","{'Europe (general)': 'The onlooker sees most of the game', 'Finnish and Baltic Sea cultures': 'The onlooker sees most of the game', 'Older Asiatic cultures (Kuusi)': 'The onlooker sees most of the game'}",3,Other
1047,He who conceals his grief dies of it.,3,1,3.3,"Europe (general), Islamic cultures, Sub-Saharan Africa","{'Europe (general)': 'He who conceals his grief dies of it', 'Islamic cultures': 'He who conceals his grief dies of it', 'Sub-Saharan Africa': 'He who conceals his grief dies of it'}",3,Other
1048,He that makes himself an ass must not take it ill if men ride him.,3,1,3.3,"Europe (general), Finnish and Baltic Sea cultures, Islamic cultures","{'Europe (general)': 'He that makes himself an ass must not take it ill if men ride him', 'Finnish and Baltic Sea cultures': 'He that makes himself an ass must not take it ill if men ride him', 'Islamic cultures': 'He that makes himself an ass must not take it ill if men ride him'}",3,Other
1049,"God gives us hands, but does not build bridges for us.",3,1,3.3,"Older Asiatic cultures (Kuusi), Pacific area, Western Europe and the Americas","{'Older Asiatic cultures (Kuusi)': 'God gives us hands, but does not build bridges for us', 'Pacific area': 'God gives us hands, but does not build bridges for us', 'Western Europe and the Americas': 'God gives us hands, but does not build bridges for us'}",3,Other
1055,"Shame arises from the fear of men, conscience from the fear of God.",3,1,3.3,"Europe (general), Finnish and Baltic Sea cultures, Islamic cultures","{'Europe (general)': 'Shame arises from the fear of men, conscience from the fear of God', 'Finnish and Baltic Sea cultures': 'Shame arises from the fear of men, conscience from the fear of God', 'Islamic cultures': 'Shame arises from the fear of men, conscience from the fear of God'}",3,Other
1059,"Whom God teaches not, man cannot.",3,1,3.3,"Europe (general), Finnish and Baltic Sea cultures, Older Asiatic cultures (Kuusi)","{'Europe (general)': 'Whom God teaches not, man cannot', 'Finnish and Baltic Sea cultures': 'Whom God teaches not, man cannot', 'Older Asiatic cultures (Kuusi)': 'Whom God teaches not, man cannot'}",3,Other
1066,A liar is not believed when he speaks the truth.,3,1,3.3,"Europe (general), Finnish and Baltic Sea cultures, Islamic cultures","{'Europe (general)': 'A liar is not believed when he speaks the truth', 'Finnish and Baltic Sea cultures': 'A liar is not believed when he speaks the truth', 'Islamic cultures': 'A liar is not believed when he speaks the truth'}",3,Trust / Honesty / Deception
1070,Clergymen's sons always turn out badly.,3,1,3.3,"Europe (general), Finnish and Baltic Sea cultures, Sub-Saharan Africa","{'Europe (general)': ""Clergymen's sons always turn out badly"", 'Finnish and Baltic Sea cultures': ""Clergymen's sons always turn out badly"", 'Sub-Saharan Africa': ""Clergymen's sons always turn out badly""}",3,Family / Kinship / Obligation
1074,"He that is not handsome at 20, nor strong at 30, nor rich at 40, nor wise at 50, will never be handsome, strong, rich or wise.",3,1,3.3,"Europe (general), Finnish and Baltic Sea cultures, Older Asiatic cultures (Kuusi)","{'Europe (general)': 'He that is not handsome at 20, nor strong at 30, nor rich at 40, nor wise at 50, will never be handsome, strong, rich or wise', 'Finnish and Baltic Sea cultures': 'He that is not handsome at 20, nor strong at 30, nor rich at 40, nor wise at 50, will never be handsome, strong, rich or wise', 'Older Asiatic cultures (Kuusi)': 'He that is not handsome at 20, nor strong at 30, nor rich at 40, nor wise at 50, will never be handsome, strong, rich or wise'}",3,Prudence / Risk & Uncertainty
1075,Wolves lose their teeth but not their memory.,3,1,3.3,"Europe (general), Finnish and Baltic Sea cultures, Islamic cultures","{'Europe (general)': 'Wolves lose their teeth but not their memory', 'Finnish and Baltic Sea cultures': 'Wolves lose their teeth but not their memory', 'Islamic cultures': 'Wolves lose their teeth but not their memory'}",3,Other
1078,He that talks much errs much.,3,1,3.3,"Europe (general), Islamic cultures, Older Asiatic cultures (Kuusi)","{'Europe (general)': 'He that talks much errs much', 'Islamic cultures': 'He that talks much errs much', 'Older Asiatic cultures (Kuusi)': 'He that talks much errs much'}",3,Other
1080,A bald head is soon shaven.,3,1,3.3,"Eastern Europe, Finnish and Baltic Sea cultures, Western Europe and the Americas","{'Eastern Europe': 'A bald head is soon shaven.', 'Finnish and Baltic Sea cultures': 'A bald head is soon shaven.', 'Western Europe and the Americas': 'A bald head is soon shaven.'}",3,Other
1082,Render to everyone what is his due.,3,1,3.3,"Eastern Europe, Finnish and Baltic Sea cultures, Sub-Saharan Africa","{'Eastern Europe': 'Render to everyone what is his due', 'Finnish and Baltic Sea cultures': 'Render to everyone what is his due', 'Sub-Saharan Africa': 'Render to everyone what is his due'}",3,Other
1085,Honour and profit lie not in one sack.,3,1,3.3,"Northern Europe, Older Asiatic cultures (Kuusi), Western Europe and the Americas","{'Northern Europe': 'Honour and profit lie not in one sack', 'Older Asiatic cultures (Kuusi)': 'Honour and profit lie not in one sack', 'Western Europe and the Americas': 'Honour and profit lie not in one sack'}",3,Trust / Honesty / Deception
1086,Bells call to church but do not enter.,3,1,3.3,"Europe (general), Finnish and Baltic Sea cultures, Islamic cultures","{'Europe (general)': 'Bells call to church but do not enter', 'Finnish and Baltic Sea cultures': 'Bells call to church but do not enter', 'Islamic cultures': 'Bells call to church but do not enter'}",3,Other
1094,A good dinner is worth more than a fine coat.,3,1,3.3,"Europe (general), Finnish and Baltic Sea cultures, Older Asiatic cultures (Kuusi)","{'Europe (general)': 'A good dinner is worth more than a fine coat', 'Finnish and Baltic Sea cultures': 'A good dinner is worth more than a fine coat', 'Older Asiatic cultures (Kuusi)': 'A good dinner is worth more than a fine coat'}",3,Other
1099,All is fair in love and war.,3,1,3.3,"Older Asiatic cultures (Kuusi), Southern Europe, Western Europe and the Americas","{'Older Asiatic cultures (Kuusi)': 'All is fair in love and war', 'Southern Europe': 'All is fair in love and war', 'Western Europe and the Americas': 'All is fair in love and war'}",3,Other
1100,A little stream will quench a great thirst.,3,1,3.3,"Europe (general), Finnish and Baltic Sea cultures, Sub-Saharan Africa","{'Europe (general)': 'A little stream will quench a great thirst', 'Finnish and Baltic Sea cultures': 'A little stream will quench a great thirst', 'Sub-Saharan Africa': 'A little stream will quench a great thirst'}",3,Other
1103,A man may provoke his own dog to bite.,3,1,3.3,"Europe (general), Finnish and Baltic Sea cultures, Older Asiatic cultures (Kuusi)","{'Europe (general)': 'A man may provoke his own dog to bite', 'Finnish and Baltic Sea cultures': 'A man may provoke his own dog to bite', 'Older Asiatic cultures (Kuusi)': 'A man may provoke his own dog to bite'}",3,Other
1109,Avoid measure another man's foot by your own last.,3,1,3.3,"Europe (general), Finnish and Baltic Sea cultures, Older Asiatic cultures (Kuusi)","{'Europe (general)': ""Don't measure another man's foot by your own last"", 'Finnish and Baltic Sea cultures': ""Don't measure another man's foot by your own last"", 'Older Asiatic cultures (Kuusi)': ""Don't measure another man's foot by your own last""}",3,Prudence / Risk & Uncertainty
1110,"If it thunders, then the thief becomes honest.",3,1,3.3,"Europe (general), Finnish and Baltic Sea cultures, Older Asiatic cultures (Kuusi)","{'Europe (general)': 'When it thunders, the thief becomes honest', 'Finnish and Baltic Sea cultures': 'When it thunders, the thief becomes honest', 'Older Asiatic cultures (Kuusi)': 'When it thunders, the thief becomes honest'}",3,Trust / Honesty / Deception
1116,"Do as I say, not as I do.",3,1,3.3,"Europe (general), Finnish and Baltic Sea cultures, Islamic cultures","{'Europe (general)': 'Do as I say, not as I do', 'Finnish and Baltic Sea cultures': 'Do as I say, not as I do', 'Islamic cultures': 'Do as I say, not as I do'}",3,Other
1119,Every medal has its reverse.,3,1,3.3,"Europe (general), Finnish and Baltic Sea cultures, Older Asiatic cultures (Kuusi)","{'Europe (general)': 'Every medal has its reverse', 'Finnish and Baltic Sea cultures': 'Every medal has its reverse', 'Older Asiatic cultures (Kuusi)': 'Every medal has its reverse'}",3,Other
1121,"Penny-wise, pound-foolish.",3,1,3.3,"Finnish and Baltic Sea cultures, Southern Europe, Western Europe and the Americas","{'Finnish and Baltic Sea cultures': 'Penny-wise, pound-foolish', 'Southern Europe': 'Penny-wise, pound-foolish', 'Western Europe and the Americas': 'Penny-wise, pound-foolish'}",3,Other
1124,Better be alone than in bad company.,3,1,3.3,"Europe (general), Finnish and Baltic Sea cultures, Islamic cultures","{'Europe (general)': 'Better be alone than in bad company', 'Finnish and Baltic Sea cultures': 'Better be alone than in bad company', 'Islamic cultures': 'Better be alone than in bad company'}",3,Other
1125,"Mother's rod is woolly, a stranger's rod is bloody.",3,1,3.3,"Europe (general), Finnish and Baltic Sea cultures, Sub-Saharan Africa","{'Europe (general)': ""Mother's rod is woolly, a stranger's rod is bloody"", 'Finnish and Baltic Sea cultures': ""Mother's rod is woolly, a stranger's rod is bloody"", 'Sub-Saharan Africa': ""Mother's rod is woolly, a stranger's rod is bloody""}",3,Family / Kinship / Obligation
1143,"Someone died, someone cried.",3,1,3.3,"Islamic cultures, Older Asiatic cultures (Kuusi), Sub-Saharan Africa","{'Islamic cultures': 'Someone died, someone cried', 'Older Asiatic cultures (Kuusi)': 'Someone died, someone cried', 'Sub-Saharan Africa': 'Someone died, someone cried'}",3,Other
1144,Good swimmers at last are drowned.,3,1,3.3,"Europe (general), Islamic cultures, Older Asiatic cultures (Kuusi)","{'Europe (general)': 'Good swimmers at last are drowned', 'Islamic cultures': 'Good swimmers at last are drowned', 'Older Asiatic cultures (Kuusi)': 'Good swimmers at last are drowned'}",3,Other
1152,"Defend me from my friends, from enemies I will defend myself.",3,1,3.3,"Europe (general), Finnish and Baltic Sea cultures, Islamic cultures","{'Europe (general)': 'Defend me from my friends, from enemies I will defend myself', 'Finnish and Baltic Sea cultures': 'Defend me from my friends, from enemies I will defend myself', 'Islamic cultures': 'Defend me from my friends, from enemies I will defend myself'}",3,Cooperation / Social Support
1156,Other's bread has seven crusts.,3,1,3.3,"Finnish and Baltic Sea cultures, Southern Europe, Western Europe and the Americas","{'Finnish and Baltic Sea cultures': ""Other's bread has seven crusts"", 'Southern Europe': ""Other's bread has seven crusts"", 'Western Europe and the Americas': ""Other's bread has seven crusts""}",3,Other
1157,Better go to bed supperless than rise in debt.,3,1,3.3,"Europe (general), Finnish and Baltic Sea cultures, Older Asiatic cultures (Kuusi)","{'Europe (general)': 'Better go to bed supperless than rise in debt', 'Finnish and Baltic Sea cultures': 'Better go to bed supperless than rise in debt', 'Older Asiatic cultures (Kuusi)': 'Better go to bed supperless than rise in debt'}",3,Other
1159,"The later love comes, the more it burns.",3,1,3.3,"Europe (general), Finnish and Baltic Sea cultures, Islamic cultures","{'Europe (general)': 'The later love comes, the more it burns', 'Finnish and Baltic Sea cultures': 'The later love comes, the more it burns', 'Islamic cultures': 'The later love comes, the more it burns'}",3,Other
1163,Wine has drowned more than the sea.,3,1,3.3,"Europe (general), Finnish and Baltic Sea cultures, Older Asiatic cultures (Kuusi)","{'Europe (general)': 'Wine has drowned more than the sea', 'Finnish and Baltic Sea cultures': 'Wine has drowned more than the sea', 'Older Asiatic cultures (Kuusi)': 'Wine has drowned more than the sea'}",3,Other
1165,Lies have short legs.,3,1,3.3,"Finnish and Baltic Sea cultures, Northern Europe, Sub-Saharan Africa","{'Finnish and Baltic Sea cultures': 'Lies have short legs', 'Northern Europe': 'Lies have short legs', 'Sub-Saharan Africa': 'Lies have short legs'}",3,Trust / Honesty / Deception
1171,Death admits no appeals.,3,1,3.3,"Europe (general), Finnish and Baltic Sea cultures, Sub-Saharan Africa","{'Europe (general)': 'Death admits no appeals', 'Finnish and Baltic Sea cultures': 'Death admits no appeals', 'Sub-Saharan Africa': 'Death admits no appeals'}",3,Other
1174,"If the drink goes in, then the wit goes out.",3,1,3.3,"Europe (general), Finnish and Baltic Sea cultures, Older Asiatic cultures (Kuusi)","{'Europe (general)': 'When the drink goes in, the wit goes out', 'Finnish and Baltic Sea cultures': 'When the drink goes in, the wit goes out', 'Older Asiatic cultures (Kuusi)': 'When the drink goes in, the wit goes out'}",3,Other
1175,He that lives on hope will die fasting.,3,1,3.3,"Islamic cultures, Southern Europe, Western Europe and the Americas","{'Islamic cultures': 'He that lives on hope will die fasting', 'Southern Europe': 'He that lives on hope will die fasting', 'Western Europe and the Americas': 'He that lives on hope will die fasting'}",3,Other
1180,Loving comes by looking.,3,1,3.3,"Europe (general), Finnish and Baltic Sea cultures, Sub-Saharan Africa","{'Europe (general)': 'Loving comes by looking', 'Finnish and Baltic Sea cultures': 'Loving comes by looking', 'Sub-Saharan Africa': 'Loving comes by looking'}",3,Family / Kinship / Obligation
1183,It is easy to be brave from a safe distance.,3,1,3.3,"Europe (general), Islamic cultures, Older Asiatic cultures (Kuusi)","{'Europe (general)': 'It is easy to be brave from a safe distance', 'Islamic cultures': 'It is easy to be brave from a safe distance', 'Older Asiatic cultures (Kuusi)': 'It is easy to be brave from a safe distance'}",3,Other
1187,Small rain allays a great wind.,3,1,3.3,"Europe (general), Islamic cultures, Pacific area","{'Europe (general)': 'Small rain allays a great wind', 'Islamic cultures': 'Small rain allays a great wind', 'Pacific area': 'Small rain allays a great wind'}",3,Other
1188,"Men trip not on mountains, they stumble over stones.",3,1,3.3,"Older Asiatic cultures (Kuusi), Sub-Saharan Africa, Western Europe and the Americas","{'Older Asiatic cultures (Kuusi)': 'Men trip not on mountains, they stumble over stones', 'Sub-Saharan Africa': 'Men trip not on mountains, they stumble over stones', 'Western Europe and the Americas': 'Men trip not on mountains, they stumble over stones'}",3,Other
1190,No great loss without some gain.,3,1,3.3,"Europe (general), Finnish and Baltic Sea cultures, Older Asiatic cultures (Kuusi)","{'Europe (general)': 'No great loss without some gain', 'Finnish and Baltic Sea cultures': 'No great loss without some gain', 'Older Asiatic cultures (Kuusi)': 'No great loss without some gain'}",3,Other
1191,The nearer the church the farther from God.,3,1,3.3,"Europe (general), Finnish and Baltic Sea cultures, Islamic cultures","{'Europe (general)': 'The nearer the church the farther from God', 'Finnish and Baltic Sea cultures': 'The nearer the church the farther from God', 'Islamic cultures': 'The nearer the church the farther from God'}",3,Other
1204,A shroud has no pockets.,3,1,3.3,"Europe (general), Finnish and Baltic Sea cultures, Older Asiatic cultures (Kuusi)","{'Europe (general)': 'A shroud has no pockets', 'Finnish and Baltic Sea cultures': 'A shroud has no pockets', 'Older Asiatic cultures (Kuusi)': 'A shroud has no pockets'}",3,Other
1206,Content is more than a kingdom.,3,1,3.3,"Europe (general), Islamic cultures, Older Asiatic cultures (Kuusi)","{'Europe (general)': 'Content is more than a kingdom', 'Islamic cultures': 'Content is more than a kingdom', 'Older Asiatic cultures (Kuusi)': 'Content is more than a kingdom'}",3,Family / Kinship / Obligation
1209,Beauty is a blossom.,3,1,3.3,"Europe (general), Islamic cultures, Older Asiatic cultures (Kuusi)","{'Europe (general)': 'Beauty is a blossom', 'Islamic cultures': 'Beauty is a blossom', 'Older Asiatic cultures (Kuusi)': 'Beauty is a blossom'}",3,Other
1212,A lord's heart and a beggar's purse agree not.,3,1,3.3,"Europe (general), Finnish and Baltic Sea cultures, Older Asiatic cultures (Kuusi)","{'Europe (general)': ""A lord's heart and a beggar's purse agree not"", 'Finnish and Baltic Sea cultures': ""A lord's heart and a beggar's purse agree not"", 'Older Asiatic cultures (Kuusi)': ""A lord's heart and a beggar's purse agree not""}",3,Other
1216,One does not wash away blood with blood.,3,1,3.3,"Eastern Europe, Islamic cultures, Older Asiatic cultures (Kuusi)","{'Eastern Europe': 'One does not wash away blood with blood', 'Islamic cultures': 'One does not wash away blood with blood', 'Older Asiatic cultures (Kuusi)': 'One does not wash away blood with blood'}",3,Family / Kinship / Obligation
1217,Make yourself all honey and the flies will devour you.,3,1,3.3,"Europe (general), Finnish and Baltic Sea cultures, Islamic cultures","{'Europe (general)': 'Make yourself all honey and the flies will devour you', 'Finnish and Baltic Sea cultures': 'Make yourself all honey and the flies will devour you', 'Islamic cultures': 'Make yourself all honey and the flies will devour you'}",3,Trust / Honesty / Deception
1227,The frog burst when it tried to make itself as big as a bull.,3,1,3.3,"Europe (general), Older Asiatic cultures (Kuusi), Pacific area","{'Europe (general)': 'The frog burst when it tried to make itself as big as a bull', 'Older Asiatic cultures (Kuusi)': 'The frog burst when it tried to make itself as big as a bull', 'Pacific area': 'The frog burst when it tried to make itself as big as a bull'}",3,Other
1232,The morning hour has gold in its mouth.,3,1,3.3,"Europe (general), Finnish and Baltic Sea cultures, Older Asiatic cultures (Kuusi)","{'Europe (general)': 'The morning hour has gold in its mouth', 'Finnish and Baltic Sea cultures': 'The morning hour has gold in its mouth', 'Older Asiatic cultures (Kuusi)': 'The morning hour has gold in its mouth'}",3,Other
1237,Count your blessings.,3,1,3.3,"Finnish and Baltic Sea cultures, Older Asiatic cultures (Kuusi), Western Europe and the Americas","{'Finnish and Baltic Sea cultures': 'Count your blessings', 'Older Asiatic cultures (Kuusi)': 'Count your blessings', 'Western Europe and the Americas': 'Count your blessings'}",3,Other
1240,The dog returns to his vomit.,3,1,3.3,"Europe (general), Finnish and Baltic Sea cultures, Pacific area","{'Europe (general)': 'The dog returns to his vomit', 'Finnish and Baltic Sea cultures': 'The dog returns to his vomit', 'Pacific area': 'The dog returns to his vomit'}",3,Other
1241,"An injury graves itself in metal, but a benefit writes itself in water.",3,1,3.3,"Europe (general), Islamic cultures, Older Asiatic cultures (Kuusi)","{'Europe (general)': 'An injury graves itself in metal, but a benefit writes itself in water', 'Islamic cultures': 'An injury graves itself in metal, but a benefit writes itself in water', 'Older Asiatic cultures (Kuusi)': 'An injury graves itself in metal, but a benefit writes itself in water'}",3,Other
1242,He that will lie will steal.,3,1,3.3,"Europe (general), Finnish and Baltic Sea cultures, Older Asiatic cultures (Kuusi)","{'Europe (general)': 'He that will lie will steal', 'Finnish and Baltic Sea cultures': 'He that will lie will steal', 'Older Asiatic cultures (Kuusi)': 'He that will lie will steal'}",3,Trust / Honesty / Deception
1247,Avoid poke your nose into other people's affairs.,3,1,3.3,"Europe (general), Finnish and Baltic Sea cultures, Islamic cultures","{'Europe (general)': ""Don't poke your nose into other people's affairs"", 'Finnish and Baltic Sea cultures': ""Don't poke your nose into other people's affairs"", 'Islamic cultures': ""Don't poke your nose into other people's affairs""}",3,Prudence / Risk & Uncertainty
1248,Charity begins at home.,3,1,3.3,"Europe (general), Finnish and Baltic Sea cultures, Islamic cultures","{'Europe (general)': 'Charity begins at home', 'Finnish and Baltic Sea cultures': 'Charity begins at home', 'Islamic cultures': 'Charity begins at home'}",3,Family / Kinship / Obligation
1249,Sweetest wine makes sharpest vinegar.,3,1,3.3,"Older Asiatic cultures (Kuusi), Southern Europe, Western Europe and the Americas","{'Older Asiatic cultures (Kuusi)': 'Sweetest wine makes sharpest vinegar', 'Southern Europe': 'Sweetest wine makes sharpest vinegar', 'Western Europe and the Americas': 'Sweetest wine makes sharpest vinegar'}",3,Other
1256,Crooked logs make straight fires.,3,1,3.3,"Europe (general), Islamic cultures, Older Asiatic cultures (Kuusi)","{'Europe (general)': 'Crooked logs make straight fires', 'Islamic cultures': 'Crooked logs make straight fires', 'Older Asiatic cultures (Kuusi)': 'Crooked logs make straight fires'}",3,Other
1261,Alms never make poor.,3,1,3.3,"Europe (general), Finnish and Baltic Sea cultures, Islamic cultures","{'Europe (general)': 'Alms never make poor', 'Finnish and Baltic Sea cultures': 'Alms never make poor', 'Islamic cultures': 'Alms never make poor'}",3,Prudence / Risk & Uncertainty
1262,Moderation in all things.,3,1,3.3,"Europe (general), Finnish and Baltic Sea cultures, Older Asiatic cultures (Kuusi)","{'Europe (general)': 'Moderation in all things', 'Finnish and Baltic Sea cultures': 'Moderation in all things', 'Older Asiatic cultures (Kuusi)': 'Moderation in all things'}",3,Other
1270,Keep the golden mean.,3,1,3.3,"Europe (general), Islamic cultures, Older Asiatic cultures (Kuusi)","{'Europe (general)': 'Keep the golden mean', 'Islamic cultures': 'Keep the golden mean', 'Older Asiatic cultures (Kuusi)': 'Keep the golden mean'}",3,Other
1271,"Fire is the test of gold, adversity of friendship.",3,1,3.3,"Europe (general), Finnish and Baltic Sea cultures, Older Asiatic cultures (Kuusi)","{'Europe (general)': 'Fire is the test of gold, adversity of friendship', 'Finnish and Baltic Sea cultures': 'Fire is the test of gold, adversity of friendship', 'Older Asiatic cultures (Kuusi)': 'Fire is the test of gold, adversity of friendship'}",3,Cooperation / Social Support
1277,There is nothing blessed in every respect.,3,1,3.3,"Europe (general), Older Asiatic cultures (Kuusi), Sub-Saharan Africa","{'Europe (general)': 'There is nothing blessed in every respect', 'Older Asiatic cultures (Kuusi)': 'There is nothing blessed in every respect', 'Sub-Saharan Africa': 'There is nothing blessed in every respect'}",3,Other
1281,The voice of the people is the drum of God.,3,1,3.3,"Europe (general), Islamic cultures, Older Asiatic cultures (Kuusi)","{'Europe (general)': 'The voice of the people is the drum of God', 'Islamic cultures': 'The voice of the people is the drum of God', 'Older Asiatic cultures (Kuusi)': 'The voice of the people is the drum of God'}",3,Other
1283,Borrowed garments never fit well.,3,1,3.3,"Europe (general), Finnish and Baltic Sea cultures, Sub-Saharan Africa","{'Europe (general)': 'Borrowed garments never fit well', 'Finnish and Baltic Sea cultures': 'Borrowed garments never fit well', 'Sub-Saharan Africa': 'Borrowed garments never fit well'}",3,Prudence / Risk & Uncertainty
1316,Black sheep occur in every family.,3,1,3.3,"Europe (general), Finnish and Baltic Sea cultures, Older Asiatic cultures (Kuusi)","{'Europe (general)': 'Black sheep occur in every family', 'Finnish and Baltic Sea cultures': 'Black sheep occur in every family', 'Older Asiatic cultures (Kuusi)': 'Black sheep occur in every family'}",3,Family / Kinship / Obligation
1319,The left hand doesn't know what the right hand is doing.,3,1,3.3,"Europe (general), Finnish and Baltic Sea cultures, Older Asiatic cultures (Kuusi)","{'Europe (general)': ""The left hand doesn't know what the right hand is doing"", 'Finnish and Baltic Sea cultures': ""The left hand doesn't know what the right hand is doing"", 'Older Asiatic cultures (Kuusi)': ""The left hand doesn't know what the right hand is doing""}",3,Other
1321,You cannot know wine by the barrel.,3,1,3.3,"Europe (general), Finnish and Baltic Sea cultures, Older Asiatic cultures (Kuusi)","{'Europe (general)': 'You cannot know wine by the barrel', 'Finnish and Baltic Sea cultures': 'You cannot know wine by the barrel', 'Older Asiatic cultures (Kuusi)': 'You cannot know wine by the barrel'}",3,Other
1325,He that is born to be hanged shall never be drowned.,3,1,3.3,"Europe (general), Finnish and Baltic Sea cultures, Islamic cultures","{'Europe (general)': 'He that is born to be hanged shall never be drowned', 'Finnish and Baltic Sea cultures': 'He that is born to be hanged shall never be drowned', 'Islamic cultures': 'He that is born to be hanged shall never be drowned'}",3,Prudence / Risk & Uncertainty
1328,Even a fly has its spleen.,3,1,3.3,"Europe (general), Finnish and Baltic Sea cultures, Older Asiatic cultures (Kuusi)","{'Europe (general)': 'Even a fly has its spleen', 'Finnish and Baltic Sea cultures': 'Even a fly has its spleen', 'Older Asiatic cultures (Kuusi)': 'Even a fly has its spleen'}",3,Other
1332,The husband is the head of the wife.,3,1,3.3,"Europe (general), Finnish and Baltic Sea cultures, Older Asiatic cultures (Kuusi)","{'Europe (general)': 'The husband is the head of the wife', 'Finnish and Baltic Sea cultures': 'The husband is the head of the wife', 'Older Asiatic cultures (Kuusi)': 'The husband is the head of the wife'}",3,Other
1337,Old oxen have stiff horns.,3,1,3.3,"Europe (general), Finnish and Baltic Sea cultures, Older Asiatic cultures (Kuusi)","{'Europe (general)': 'Old oxen have stiff horns', 'Finnish and Baltic Sea cultures': 'Old oxen have stiff horns', 'Older Asiatic cultures (Kuusi)': 'Old oxen have stiff horns'}",3,Other
1339,The ass was invited to a wedding to carry wood or water.,3,1,3.3,"Europe (general), Finnish and Baltic Sea cultures, Islamic cultures","{'Europe (general)': 'The ass was invited to a wedding to carry wood or water', 'Finnish and Baltic Sea cultures': 'The ass was invited to a wedding to carry wood or water', 'Islamic cultures': 'The ass was invited to a wedding to carry wood or water'}",3,Other
1343,One knows a man by his trade even if it is drinking beer.,3,1,3.3,"Older Asiatic cultures (Kuusi), Sub-Saharan Africa, Western Europe and the Americas","{'Older Asiatic cultures (Kuusi)': 'One knows a man by his trade even if it is drinking beer', 'Sub-Saharan Africa': 'One knows a man by his trade even if it is drinking beer', 'Western Europe and the Americas': 'One knows a man by his trade even if it is drinking beer'}",3,Family / Kinship / Obligation
1345,Every man has his own style like his own nose.,3,1,3.3,"Europe (general), Finnish and Baltic Sea cultures, Older Asiatic cultures (Kuusi)","{'Europe (general)': 'Every man has his own style like his own nose', 'Finnish and Baltic Sea cultures': 'Every man has his own style like his own nose', 'Older Asiatic cultures (Kuusi)': 'Every man has his own style like his own nose'}",3,Other
1352,He who has no friend has God.,3,1,3.3,"Finnish and Baltic Sea cultures, Islamic cultures, Sub-Saharan Africa","{'Finnish and Baltic Sea cultures': 'He who has no friend has God', 'Islamic cultures': 'He who has no friend has God', 'Sub-Saharan Africa': 'He who has no friend has God'}",3,Cooperation / Social Support
1355,"Gold is proved in the fire, and acceptable men in the furnace of humiliation.",3,1,3.3,"Europe (general), Islamic cultures, Older Asiatic cultures (Kuusi)","{'Europe (general)': 'Gold is proved in the fire, and acceptable men in the furnace of humiliation', 'Islamic cultures': 'Gold is proved in the fire, and acceptable men in the furnace of humiliation', 'Older Asiatic cultures (Kuusi)': 'Gold is proved in the fire, and acceptable men in the furnace of humiliation'}",3,Other
1356,He that has a great nose thinks everybody is speaking of it.,3,1,3.3,"Europe (general), Finnish and Baltic Sea cultures, Islamic cultures","{'Europe (general)': 'He that has a great nose thinks everybody is speaking of it', 'Finnish and Baltic Sea cultures': 'He that has a great nose thinks everybody is speaking of it', 'Islamic cultures': 'He that has a great nose thinks everybody is speaking of it'}",3,Family / Kinship / Obligation
1358,The fear of the Lord is the beginning of wisdom.,3,1,3.3,"Europe (general), Finnish and Baltic Sea cultures, Islamic cultures","{'Europe (general)': 'The fear of the Lord is the beginning of wisdom', 'Finnish and Baltic Sea cultures': 'The fear of the Lord is the beginning of wisdom', 'Islamic cultures': 'The fear of the Lord is the beginning of wisdom'}",3,Knowledge / Speech / Silence
1367,The lion is known by his claws.,3,1,3.3,"Europe (general), Finnish and Baltic Sea cultures, Sub-Saharan Africa","{'Europe (general)': 'The lion is known by his claws', 'Finnish and Baltic Sea cultures': 'The lion is known by his claws', 'Sub-Saharan Africa': 'The lion is known by his claws'}",3,Other
1368,The bear that is hungry never dances.,3,1,3.3,"Finnish and Baltic Sea cultures, Sub-Saharan Africa, Western Europe and the Americas","{'Finnish and Baltic Sea cultures': 'The bear that is hungry never dances', 'Sub-Saharan Africa': 'The bear that is hungry never dances', 'Western Europe and the Americas': 'The bear that is hungry never dances'}",3,Prudence / Risk & Uncertainty
1369,You cannot be lost on a straight road.,3,1,3.3,"Europe (general), Finnish and Baltic Sea cultures, Older Asiatic cultures (Kuusi)","{'Europe (general)': 'You cannot be lost on a straight road', 'Finnish and Baltic Sea cultures': 'You cannot be lost on a straight road', 'Older Asiatic cultures (Kuusi)': 'You cannot be lost on a straight road'}",3,Other
1381,Eat of your own and call yourself mine.,3,1,3.3,"Europe (general), Finnish and Baltic Sea cultures, Sub-Saharan Africa","{'Europe (general)': 'Eat of your own and call yourself mine', 'Finnish and Baltic Sea cultures': 'Eat of your own and call yourself mine', 'Sub-Saharan Africa': 'Eat of your own and call yourself mine'}",3,Other
1383,A saint's words and a cat's claws.,3,1,3.3,"Europe (general), Finnish and Baltic Sea cultures, Islamic cultures","{'Europe (general)': ""A saint's words and a cat's claws"", 'Finnish and Baltic Sea cultures': ""A saint's words and a cat's claws"", 'Islamic cultures': ""A saint's words and a cat's claws""}",3,Knowledge / Speech / Silence
1387,The proof of the pudding is in the eating.,3,1,3.3,"Europe (general), Islamic cultures, Older Asiatic cultures (Kuusi)","{'Europe (general)': 'The proof of the pudding is in the eating', 'Islamic cultures': 'The proof of the pudding is in the eating', 'Older Asiatic cultures (Kuusi)': 'The proof of the pudding is in the eating'}",3,Other
1388,Hate is always picking a quarrel.,3,1,3.3,"Eastern Europe, Older Asiatic cultures (Kuusi), Western Europe and the Americas","{'Eastern Europe': 'Hate is always picking a quarrel', 'Older Asiatic cultures (Kuusi)': 'Hate is always picking a quarrel', 'Western Europe and the Americas': 'Hate is always picking a quarrel'}",3,Family / Kinship / Obligation
1401,People who live in glass houses should not throw stones.,3,1,3.3,"Europe (general), Finnish and Baltic Sea cultures, Islamic cultures","{'Europe (general)': 'People who live in glass houses should not throw stones', 'Finnish and Baltic Sea cultures': 'People who live in glass houses should not throw stones', 'Islamic cultures': 'People who live in glass houses should not throw stones'}",3,Family / Kinship / Obligation
1406,An honest death is preferable to a dishonest life.,3,1,3.3,"Europe (general), Islamic cultures, Older Asiatic cultures (Kuusi)","{'Europe (general)': 'An honest death is preferable to a dishonest life', 'Islamic cultures': 'An honest death is preferable to a dishonest life', 'Older Asiatic cultures (Kuusi)': 'An honest death is preferable to a dishonest life'}",3,Trust / Honesty / Deception
1416,Old habits die hard.,3,1,3.3,"Europe (general), Finnish and Baltic Sea cultures, Older Asiatic cultures (Kuusi)","{'Europe (general)': 'Old habits die hard', 'Finnish and Baltic Sea cultures': 'Old habits die hard', 'Older Asiatic cultures (Kuusi)': 'Old habits die hard'}",3,Other
1417,Loss of honour is loss of life.,3,1,3.3,"Europe (general), Finnish and Baltic Sea cultures, Older Asiatic cultures (Kuusi)","{'Europe (general)': 'Loss of honour is loss of life', 'Finnish and Baltic Sea cultures': 'Loss of honour is loss of life', 'Older Asiatic cultures (Kuusi)': 'Loss of honour is loss of life'}",3,Other
1427,God suits the back to the burden.,3,1,3.3,"Europe (general), Finnish and Baltic Sea cultures, Islamic cultures","{'Europe (general)': 'God suits the back to the burden', 'Finnish and Baltic Sea cultures': 'God suits the back to the burden', 'Islamic cultures': 'God suits the back to the burden'}",3,Other
1430,Punishment is lame but it comes.,3,1,3.3,"Europe (general), Older Asiatic cultures (Kuusi), Sub-Saharan Africa","{'Europe (general)': 'Punishment is lame but it comes', 'Older Asiatic cultures (Kuusi)': 'Punishment is lame but it comes', 'Sub-Saharan Africa': 'Punishment is lame but it comes'}",3,Other
1432,It is an ill bird that fouls its own nest.,3,1,3.3,"Europe (general), Finnish and Baltic Sea cultures, Sub-Saharan Africa","{'Europe (general)': 'It is an ill bird that fouls its own nest', 'Finnish and Baltic Sea cultures': 'It is an ill bird that fouls its own nest', 'Sub-Saharan Africa': 'It is an ill bird that fouls its own nest'}",3,Other
1437,"What must be, must be.",3,1,3.3,"Europe (general), Finnish and Baltic Sea cultures, Older Asiatic cultures (Kuusi)","{'Europe (general)': 'What must be, must be', 'Finnish and Baltic Sea cultures': 'What must be, must be', 'Older Asiatic cultures (Kuusi)': 'What must be, must be'}",3,Other
1439,It is not the healthy that need a doctor.,3,1,3.3,"Europe (general), Finnish and Baltic Sea cultures, Older Asiatic cultures (Kuusi)","{'Europe (general)': 'It is not the healthy that need a doctor', 'Finnish and Baltic Sea cultures': 'It is not the healthy that need a doctor', 'Older Asiatic cultures (Kuusi)': 'It is not the healthy that need a doctor'}",3,Other
1441,Crying will not mend matters.,3,1,3.3,"Europe (general), Finnish and Baltic Sea cultures, Older Asiatic cultures (Kuusi)","{'Europe (general)': 'Crying will not mend matters', 'Finnish and Baltic Sea cultures': 'Crying will not mend matters', 'Older Asiatic cultures (Kuusi)': 'Crying will not mend matters'}",3,Other
1442,There is a limit to everything.,3,1,3.3,"Europe (general), Finnish and Baltic Sea cultures, Older Asiatic cultures (Kuusi)","{'Europe (general)': 'There is a limit to everything', 'Finnish and Baltic Sea cultures': 'There is a limit to everything', 'Older Asiatic cultures (Kuusi)': 'There is a limit to everything'}",3,Other
1450,"The more you stroke the cat's tail, the more he raises his back.",3,1,3.3,"Europe (general), Finnish and Baltic Sea cultures, Pacific area","{'Europe (general)': ""The more you stroke the cat's tail, the more he raises his back"", 'Finnish and Baltic Sea cultures': ""The more you stroke the cat's tail, the more he raises his back"", 'Pacific area': ""The more you stroke the cat's tail, the more he raises his back""}",3,Other
1453,"A snow year, a rich year.",3,1,3.3,"Europe (general), Finnish and Baltic Sea cultures, Older Asiatic cultures (Kuusi)","{'Europe (general)': 'A snow year, a rich year', 'Finnish and Baltic Sea cultures': 'A snow year, a rich year', 'Older Asiatic cultures (Kuusi)': 'A snow year, a rich year'}",3,Other
1456,Listeners never hear any good of themselves.,3,1,3.3,"Europe (general), Finnish and Baltic Sea cultures, Older Asiatic cultures (Kuusi)","{'Europe (general)': 'Listeners never hear any good of themselves', 'Finnish and Baltic Sea cultures': 'Listeners never hear any good of themselves', 'Older Asiatic cultures (Kuusi)': 'Listeners never hear any good of themselves'}",3,Prudence / Risk & Uncertainty
1461,"The bigger they are, the harder they fall.",3,1,3.3,"Eastern Europe, Finnish and Baltic Sea cultures, Western Europe and the Americas","{'Eastern Europe': 'The bigger they are, the harder they fall', 'Finnish and Baltic Sea cultures': 'The bigger they are, the harder they fall', 'Western Europe and the Americas': 'The bigger they are, the harder they fall'}",3,Other
1468,A clean hand wants no washing.,3,1,3.3,"Europe (general), Finnish and Baltic Sea cultures, Sub-Saharan Africa","{'Europe (general)': 'A clean hand wants no washing', 'Finnish and Baltic Sea cultures': 'A clean hand wants no washing', 'Sub-Saharan Africa': 'A clean hand wants no washing'}",3,Other
1469,Love makes all equal.,3,1,3.3,"Southern Europe, Sub-Saharan Africa, Western Europe and the Americas","{'Southern Europe': 'Love makes all equal', 'Sub-Saharan Africa': 'Love makes all equal', 'Western Europe and the Americas': 'Love makes all equal'}",3,Other
1470,It is easier to pull down than to build.,3,1,3.3,"Europe (general), Finnish and Baltic Sea cultures, Older Asiatic cultures (Kuusi)","{'Europe (general)': 'It is easier to pull down than to build', 'Finnish and Baltic Sea cultures': 'It is easier to pull down than to build', 'Older Asiatic cultures (Kuusi)': 'It is easier to pull down than to build'}",3,Other
1472,A good example is the best sermon.,3,1,3.3,"Europe (general), Finnish and Baltic Sea cultures, Older Asiatic cultures (Kuusi)","{'Europe (general)': 'A good example is the best sermon', 'Finnish and Baltic Sea cultures': 'A good example is the best sermon', 'Older Asiatic cultures (Kuusi)': 'A good example is the best sermon'}",3,Other
1474,Every bird thinks its own nest charming.,3,1,3.3,"Europe (general), Finnish and Baltic Sea cultures, Islamic cultures","{'Europe (general)': 'Every bird thinks its own nest charming', 'Finnish and Baltic Sea cultures': 'Every bird thinks its own nest charming', 'Islamic cultures': 'Every bird thinks its own nest charming'}",3,Other
1489,Fortune never turns the key to the poor.,3,1,3.3,"Finnish and Baltic Sea cultures, Sub-Saharan Africa, Western Europe and the Americas","{'Finnish and Baltic Sea cultures': 'Fortune never turns the key to the poor', 'Sub-Saharan Africa': 'Fortune never turns the key to the poor', 'Western Europe and the Americas': 'Fortune never turns the key to the poor'}",3,Prudence / Risk & Uncertainty
1491,It is hard to kick against the pricks.,3,1,3.3,"Europe (general), Finnish and Baltic Sea cultures, Islamic cultures","{'Europe (general)': 'It is hard to kick against the pricks', 'Finnish and Baltic Sea cultures': 'It is hard to kick against the pricks', 'Islamic cultures': 'It is hard to kick against the pricks'}",3,Other
1494,"Whom God loves, his bitch brings forth pigs.",3,1,3.3,"Eastern Europe, Finnish and Baltic Sea cultures, Western Europe and the Americas","{'Eastern Europe': 'Whom God loves, his bitch brings forth pigs', 'Finnish and Baltic Sea cultures': 'Whom God loves, his bitch brings forth pigs', 'Western Europe and the Americas': 'Whom God loves, his bitch brings forth pigs'}",3,Other
1496,My home is my castle.,3,1,3.3,"Europe (general), Finnish and Baltic Sea cultures, Older Asiatic cultures (Kuusi)","{'Europe (general)': 'My home is my castle', 'Finnish and Baltic Sea cultures': 'My home is my castle', 'Older Asiatic cultures (Kuusi)': 'My home is my castle'}",3,Family / Kinship / Obligation
1499,Small is beautiful.,3,1,3.3,"Eastern Europe, Finnish and Baltic Sea cultures, Western Europe and the Americas","{'Eastern Europe': 'Small is beautiful', 'Finnish and Baltic Sea cultures': 'Small is beautiful', 'Western Europe and the Americas': 'Small is beautiful'}",3,Other
1502,A faithful friend is a strong defence.,3,1,3.3,"Older Asiatic cultures (Kuusi), Southern Europe, Western Europe and the Americas","{'Older Asiatic cultures (Kuusi)': 'A faithful friend is a strong defence', 'Southern Europe': 'A faithful friend is a strong defence', 'Western Europe and the Americas': 'A faithful friend is a strong defence'}",3,Cooperation / Social Support
1512,We are all Adam's children.,3,1,3.3,"Europe (general), Older Asiatic cultures (Kuusi), Pacific area","{'Europe (general)': ""We are all Adam's children"", 'Older Asiatic cultures (Kuusi)': ""We are all Adam's children"", 'Pacific area': ""We are all Adam's children""}",3,Family / Kinship / Obligation
1514,How agree the kettle and the earthen pot together?,3,1,3.3,"Europe (general), Finnish and Baltic Sea cultures, Older Asiatic cultures (Kuusi)","{'Europe (general)': 'How agree the kettle and the earthen pot together?', 'Finnish and Baltic Sea cultures': 'How agree the kettle and the earthen pot together?', 'Older Asiatic cultures (Kuusi)': 'How agree the kettle and the earthen pot together?'}",3,Cooperation / Social Support
1519,To kill two birds at one shot.,3,1,3.3,"Europe (general), Islamic cultures, Older Asiatic cultures (Kuusi)","{'Europe (general)': 'To kill two birds at one shot', 'Islamic cultures': 'To kill two birds at one shot', 'Older Asiatic cultures (Kuusi)': 'To kill two birds at one shot'}",3,Other
1522,"Give a thing and take a thing, that's an old man's plaything.",3,1,3.3,"Europe (general), Finnish and Baltic Sea cultures, Islamic cultures","{'Europe (general)': ""Give a thing and take a thing, that's an old man's plaything"", 'Finnish and Baltic Sea cultures': ""Give a thing and take a thing, that's an old man's plaything"", 'Islamic cultures': ""Give a thing and take a thing, that's an old man's plaything""}",3,Other
1549,To each foot its own shoe.,3,1,3.3,"Europe (general), Finnish and Baltic Sea cultures, Older Asiatic cultures (Kuusi)","{'Europe (general)': 'To each foot its own shoe', 'Finnish and Baltic Sea cultures': 'To each foot its own shoe', 'Older Asiatic cultures (Kuusi)': 'To each foot its own shoe'}",3,Other
1552,Care killed the cat.,3,1,3.3,"Europe (general), Finnish and Baltic Sea cultures, Older Asiatic cultures (Kuusi)","{'Europe (general)': 'Care killed the cat', 'Finnish and Baltic Sea cultures': 'Care killed the cat', 'Older Asiatic cultures (Kuusi)': 'Care killed the cat'}",3,Other
1554,Every ass loves to hear himself to bray.,3,1,3.3,"Europe (general), Finnish and Baltic Sea cultures, Older Asiatic cultures (Kuusi)","{'Europe (general)': 'Every ass loves to hear himself to bray', 'Finnish and Baltic Sea cultures': 'Every ass loves to hear himself to bray', 'Older Asiatic cultures (Kuusi)': 'Every ass loves to hear himself to bray'}",3,Other
1563,"Red hair, devil's hair.",3,1,3.3,"Europe (general), Finnish and Baltic Sea cultures, Islamic cultures","{'Europe (general)': ""Red hair, devil's hair"", 'Finnish and Baltic Sea cultures': ""Red hair, devil's hair"", 'Islamic cultures': ""Red hair, devil's hair""}",3,Other
1564,Extremes are dangerous.,3,1,3.3,"Europe (general), Islamic cultures, Older Asiatic cultures (Kuusi)","{'Europe (general)': 'Extremes are dangerous', 'Islamic cultures': 'Extremes are dangerous', 'Older Asiatic cultures (Kuusi)': 'Extremes are dangerous'}",3,Prudence / Risk & Uncertainty
1566,The heart is weeping and the mouth is smiling.,3,1,3.3,"Europe (general), Finnish and Baltic Sea cultures, Sub-Saharan Africa","{'Europe (general)': 'The heart is weeping and the mouth is smiling', 'Finnish and Baltic Sea cultures': 'The heart is weeping and the mouth is smiling', 'Sub-Saharan Africa': 'The heart is weeping and the mouth is smiling'}",3,Other
1569,The thief thinks all men are like himself.,3,1,3.3,"Europe (general), Finnish and Baltic Sea cultures, Older Asiatic cultures (Kuusi)","{'Europe (general)': 'The thief thinks all men are like himself', 'Finnish and Baltic Sea cultures': 'The thief thinks all men are like himself', 'Older Asiatic cultures (Kuusi)': 'The thief thinks all men are like himself'}",3,Trust / Honesty / Deception
1570,"Out of nothing, nothing is made.",3,1,3.3,"Eastern Europe, Finnish and Baltic Sea cultures, Western Europe and the Americas","{'Eastern Europe': 'Out of nothing, nothing is made', 'Finnish and Baltic Sea cultures': 'Out of nothing, nothing is made', 'Western Europe and the Americas': 'Out of nothing, nothing is made'}",3,Other
1575,Heat breaks no bones.,3,1,3.3,"Eastern Europe, Finnish and Baltic Sea cultures, Western Europe and the Americas","{'Eastern Europe': 'Heat breaks no bones', 'Finnish and Baltic Sea cultures': 'Heat breaks no bones', 'Western Europe and the Americas': 'Heat breaks no bones'}",3,Other
1582,A faithful friend is hard to find.,3,1,3.3,"Europe (general), Islamic cultures, Older Asiatic cultures (Kuusi)","{'Europe (general)': 'A faithful friend is hard to find', 'Islamic cultures': 'A faithful friend is hard to find', 'Older Asiatic cultures (Kuusi)': 'A faithful friend is hard to find'}",3,Cooperation / Social Support
1585,Let things take their course.,3,1,3.3,"Europe (general), Finnish and Baltic Sea cultures, Islamic cultures","{'Europe (general)': 'Let things take their course', 'Finnish and Baltic Sea cultures': 'Let things take their course', 'Islamic cultures': 'Let things take their course'}",3,Other
1591,Where there's muck there's money.,3,1,3.3,"Finnish and Baltic Sea cultures, Northern Europe, Western Europe and the Americas","{'Finnish and Baltic Sea cultures': ""Where there's muck there's money"", 'Northern Europe': ""Where there's muck there's money"", 'Western Europe and the Americas': ""Where there's muck there's money""}",3,Other
1595,A ragged colt may make a good horse.,3,1,3.3,"Europe (general), Finnish and Baltic Sea cultures, Older Asiatic cultures (Kuusi)","{'Europe (general)': 'A ragged colt may make a good horse', 'Finnish and Baltic Sea cultures': 'A ragged colt may make a good horse', 'Older Asiatic cultures (Kuusi)': 'A ragged colt may make a good horse'}",3,Other
1598,Variety is the spice of life.,3,1,3.3,"Europe (general), Islamic cultures, Older Asiatic cultures (Kuusi)","{'Europe (general)': 'Variety is the spice of life', 'Islamic cultures': 'Variety is the spice of life', 'Older Asiatic cultures (Kuusi)': 'Variety is the spice of life'}",3,Other
1602,"Live not to eat, but eat to live.",3,1,3.3,"Europe (general), Finnish and Baltic Sea cultures, Islamic cultures","{'Europe (general)': 'Live not to eat, but eat to live', 'Finnish and Baltic Sea cultures': 'Live not to eat, but eat to live', 'Islamic cultures': 'Live not to eat, but eat to live'}",3,Other
1603,A bird is known by its flight.,3,1,3.3,"Eastern Europe, Finnish and Baltic Sea cultures, Northern Europe","{'Eastern Europe': 'A bird is known by its flight', 'Finnish and Baltic Sea cultures': 'A bird is known by its flight', 'Northern Europe': 'A bird is known by its flight'}",3,Other
5,Boys will be boys.,2,2,2.6,"Europe (general), Global type (Kuusi)","{'Europe (general)': 'Boys will be men', 'Global type (Kuusi)': 'Boys will be boys'}",2,Other
14,Fortune is blind.,2,2,2.6,"Europe (general), Global type (Kuusi)","{'Europe (general)': 'Fortune is blind', 'Global type (Kuusi)': 'Love is blind'}",2,Fate / Fortune / Opportunity
20,After supper the reckoning.,2,2,2.6,"Older Asiatic cultures (Kuusi), Western Europe and the Americas","{'Older Asiatic cultures (Kuusi)': 'After the feast comes the reckoning', 'Western Europe and the Americas': 'After the feast comes the reckoning'}",3,Other
21,Everyone should sweep before his own door.,2,2,2.6,"Global type (Kuusi), Sub-Saharan Africa","{'Global type (Kuusi)': 'Sweep before your own door', 'Sub-Saharan Africa': 'Everyone should sweep before his own door'}",2,Other
44,A bad beginning makes a worse ending.,2,2,2.6,"Europe (general), Global type (Kuusi)","{'Europe (general)': 'A bad beginning makes a worse ending', 'Global type (Kuusi)': 'A good beginning makes a good ending'}",2,Other
46,You cannot make an omelette without breaking eggs.,2,1,2.3,"Europe (general), Pacific area","{'Europe (general)': 'You cannot make an omelette without breaking eggs', 'Pacific area': 'You cannot make an omelette without breaking eggs'}",2,Family / Kinship / Obligation
51,Every cloud has a silver lining.,2,1,2.3,"Islamic cultures, Western Europe and the Americas","{'Islamic cultures': 'Every cloud has a silver lining', 'Western Europe and the Americas': 'Every cloud has a silver lining'}",2,Other
54,Honour and ease are seldom bedfellows.,2,1,2.3,"Europe (general), Islamic cultures","{'Europe (general)': 'Honour and ease are seldom bedfellows', 'Islamic cultures': 'Honour and ease are seldom bedfellows'}",2,Other
57,"Every day has its night, every weal its woe.",2,1,2.3,"Finnish and Baltic Sea cultures, Western Europe and the Americas","{'Finnish and Baltic Sea cultures': 'Every day has its night, every weal its woe', 'Western Europe and the Americas': 'Every day has its night, every weal its woe'}",2,Other
61,The end is the most difficult of all.,2,1,2.3,"Europe (general), Islamic cultures","{'Europe (general)': 'The end is the most difficult of all', 'Islamic cultures': 'The end is the most difficult of all'}",2,Other
68,Take heed of enemies reconciled and of meat twice boiled.,2,1,2.3,"Europe (general), Sub-Saharan Africa","{'Europe (general)': 'Take heed of enemies reconciled and of meat twice boiled', 'Sub-Saharan Africa': 'Take heed of enemies reconciled and of meat twice boiled'}",2,Other
69,He that says 'A' must also say 'B.,2,1,2.3,"Europe (general), Finnish and Baltic Sea cultures","{'Europe (general)': ""He that says 'A' must also say 'B'"", 'Finnish and Baltic Sea cultures': ""He that says 'A' must also say 'B'""}",2,Other
79,Time will bring an answer.,2,1,2.3,"Europe (general), Finnish and Baltic Sea cultures","{'Europe (general)': 'Time will bring an answer', 'Finnish and Baltic Sea cultures': 'Time will bring an answer'}",2,Effort / Time / Persistence
87,Avoid boil your fish till they are hooked.,2,1,2.3,"Europe (general), Finnish and Baltic Sea cultures","{'Europe (general)': 'Dont boil your fish till they are hooked', 'Finnish and Baltic Sea cultures': 'Dont boil your fish till they are hooked'}",2,Prudence / Risk & Uncertainty
88,Who can do more can do less.,2,1,2.3,"Europe (general), Finnish and Baltic Sea cultures","{'Europe (general)': 'Who can do more can do less', 'Finnish and Baltic Sea cultures': 'Who can do more can do less'}",2,Other
92,"The last will be first, and the first last.",2,1,2.3,"Europe (general), Pacific area","{'Europe (general)': 'The last will be first, and the first last', 'Pacific area': 'The last will be first, and the first last'}",2,Other
100,Time flies.,2,1,2.3,"Europe (general), Older Asiatic cultures (Kuusi)","{'Europe (general)': 'Time flies', 'Older Asiatic cultures (Kuusi)': 'Time flies'}",2,Effort / Time / Persistence
108,Work produces virtue and virtue honour.,2,1,2.3,"Europe (general), Finnish and Baltic Sea cultures","{'Europe (general)': 'Work produces virtue and virtue honour', 'Finnish and Baltic Sea cultures': 'Work produces virtue and virtue honour'}",2,Effort / Time / Persistence
113,"New lords, new laws.",2,1,2.3,"Europe (general), Older Asiatic cultures (Kuusi)","{'Europe (general)': 'New lords, new laws', 'Older Asiatic cultures (Kuusi)': 'New lords, new laws'}",2,Other
136,Gardener's dog neither eats cabbage himself nor lets anybody else.,2,1,2.3,"Europe (general), Finnish and Baltic Sea cultures","{'Europe (general)': ""Gardener's dog neither eats cabbage himself nor lets anybody else"", 'Finnish and Baltic Sea cultures': ""Gardener's dog neither eats cabbage himself nor lets anybody else""}",2,Other
140,Work is the spice of life.,2,1,2.3,"Europe (general), Finnish and Baltic Sea cultures","{'Europe (general)': 'Work is the spice of life', 'Finnish and Baltic Sea cultures': 'Work is the spice of life'}",2,Effort / Time / Persistence
142,Nature does not make leaps.,2,1,2.3,"Southern Europe, Western Europe and the Americas","{'Southern Europe': 'Nature does not make leaps', 'Western Europe and the Americas': 'Nature does not make leaps'}",2,Other
147,"As the call, so the echo.",2,1,2.3,"Europe (general), Finnish and Baltic Sea cultures","{'Europe (general)': 'As the call, so the echo', 'Finnish and Baltic Sea cultures': 'As the call, so the echo'}",2,Other
155,Too much knowledge makes the head bald.,2,1,2.3,"Europe (general), Finnish and Baltic Sea cultures","{'Europe (general)': 'Too much knowledge makes the head bald', 'Finnish and Baltic Sea cultures': 'Too much knowledge makes the head bald'}",2,Knowledge / Speech / Silence
156,Without hope the heart would break.,2,1,2.3,"Southern Europe, Western Europe and the Americas","{'Southern Europe': 'Without hope the heart would break', 'Western Europe and the Americas': 'Without hope the heart would break'}",2,Other
157,It's the first impression that counts.,2,1,2.3,"Older Asiatic cultures (Kuusi), Western Europe and the Americas","{'Older Asiatic cultures (Kuusi)': ""It's the first impression that counts"", 'Western Europe and the Americas': ""It's the first impression that counts""}",2,Other
158,"The nearer the bone, the sweeter the meat.",2,1,2.3,"Europe (general), Finnish and Baltic Sea cultures","{'Europe (general)': 'The nearer the bone, the sweeter the meat', 'Finnish and Baltic Sea cultures': 'The nearer the bone, the sweeter the meat'}",2,Other
160,Pick and choose and take the worst.,2,1,2.3,"Europe (general), Finnish and Baltic Sea cultures","{'Europe (general)': 'Pick and choose and take the worst', 'Finnish and Baltic Sea cultures': 'Pick and choose and take the worst'}",2,Other
162,Early up and never the nearer.,2,1,2.3,"Europe (general), Finnish and Baltic Sea cultures","{'Europe (general)': 'Early up and never the nearer', 'Finnish and Baltic Sea cultures': 'Early up and never the nearer'}",2,Prudence / Risk & Uncertainty
165,"Such a beginning, such an end.",2,1,2.3,"Europe (general), Finnish and Baltic Sea cultures","{'Europe (general)': 'Such a beginning, such an end', 'Finnish and Baltic Sea cultures': 'Such a beginning, such an end'}",2,Other
167,Fear has a thousand eyes.,2,1,2.3,"Europe (general), Finnish and Baltic Sea cultures","{'Europe (general)': 'Fear has a thousand eyes', 'Finnish and Baltic Sea cultures': 'Fear has a thousand eyes'}",2,Other
175,Live and let live.,2,1,2.3,"Europe (general), Finnish and Baltic Sea cultures","{'Europe (general)': 'Live and let live', 'Finnish and Baltic Sea cultures': 'Live and let live'}",2,Other
177,Keep a thing seven years and you will find use for it.,2,1,2.3,"Europe (general), Finnish and Baltic Sea cultures","{'Europe (general)': 'Keep a thing seven years and you will find use for it', 'Finnish and Baltic Sea cultures': 'Keep a thing seven years and you will find use for it'}",2,Other
178,Hard work never hurt anybody.,2,1,2.3,"Europe (general), Finnish and Baltic Sea cultures","{'Europe (general)': 'Hard work never hurt anybody', 'Finnish and Baltic Sea cultures': 'Hard work never hurt anybody'}",2,Prudence / Risk & Uncertainty
197,The days follow each other but are not alike.,2,1,2.3,"Europe (general), Sub-Saharan Africa","{'Europe (general)': 'The days follow each other but are not alike', 'Sub-Saharan Africa': 'The days follow each other but are not alike'}",2,Other
204,"Like a hog, he does no good till he dies.",2,1,2.3,"Europe (general), Finnish and Baltic Sea cultures","{'Europe (general)': 'Like a hog, he does no good till he dies', 'Finnish and Baltic Sea cultures': 'Like a hog, he does no good till he dies'}",2,Other
213,Dead folks are past fooling.,2,1,2.3,"Europe (general), Finnish and Baltic Sea cultures","{'Europe (general)': 'Dead folks are past fooling', 'Finnish and Baltic Sea cultures': 'Dead folks are past fooling'}",2,Other
215,A middle course is safest.,2,1,2.3,"Europe (general), Finnish and Baltic Sea cultures","{'Europe (general)': 'A middle course is safest', 'Finnish and Baltic Sea cultures': 'A middle course is safest'}",2,Other
223,It is easy to swim if another holds up your chin.,2,1,2.3,"Finnish and Baltic Sea cultures, Western Europe and the Americas","{'Finnish and Baltic Sea cultures': 'It is easy to swim if another holds up your chin', 'Western Europe and the Americas': 'It is easy to swim if another holds up your chin'}",2,Other
225,Saving is the first getting.,2,1,2.3,"Europe (general), Older Asiatic cultures (Kuusi)","{'Europe (general)': 'Saving is the first getting', 'Older Asiatic cultures (Kuusi)': 'Saving is the first getting'}",2,Other
234,Ignorance is bliss.,2,1,2.3,"Europe (general), Older Asiatic cultures (Kuusi)","{'Europe (general)': 'Ignorance is bliss', 'Older Asiatic cultures (Kuusi)': 'Ignorance is bliss'}",2,Other
244,Avoid look back.,2,1,2.3,"Finnish and Baltic Sea cultures, Western Europe and the Americas","{'Finnish and Baltic Sea cultures': 'Never look back', 'Western Europe and the Americas': 'Never look back'}",2,Prudence / Risk & Uncertainty
248,A fair exhange is no robbery.,2,1,2.3,"Islamic cultures, Western Europe and the Americas","{'Islamic cultures': 'A fair exhange is no robbery', 'Western Europe and the Americas': 'A fair exhange is no robbery'}",2,Other
259,Time discloses all.,2,1,2.3,"Europe (general), Finnish and Baltic Sea cultures","{'Europe (general)': 'Time discloses all', 'Finnish and Baltic Sea cultures': 'Time discloses all'}",2,Effort / Time / Persistence
264,Punctuality is the politeness of kings.,2,1,2.3,"Southern Europe, Western Europe and the Americas","{'Southern Europe': 'Punctuality is the politeness of kings', 'Western Europe and the Americas': 'Punctuality is the politeness of kings'}",2,Family / Kinship / Obligation
271,Avoid take out of one pocket to put in the other.,2,1,2.3,"Europe (general), Islamic cultures","{'Europe (general)': ""Don't take out of one pocket to put in the other"", 'Islamic cultures': ""Don't take out of one pocket to put in the other""}",2,Prudence / Risk & Uncertainty
272,Much is expected where much is given.,2,1,2.3,"Europe (general), Finnish and Baltic Sea cultures","{'Europe (general)': 'Much is expected where much is given', 'Finnish and Baltic Sea cultures': 'Much is expected where much is given'}",2,Other
286,Standing pools gather filth.,2,1,2.3,"Europe (general), Finnish and Baltic Sea cultures","{'Europe (general)': 'Standing pools gather filth', 'Finnish and Baltic Sea cultures': 'Standing pools gather filth'}",2,Other
288,A good liar needs a good memory.,2,1,2.3,"Europe (general), Islamic cultures","{'Europe (general)': 'A good liar needs a good memory', 'Islamic cultures': 'A good liar needs a good memory'}",2,Other
296,The shepherd who praises the wolf hates the sheep.,2,1,2.3,"Europe (general), Islamic cultures","{'Europe (general)': 'The shepherd who praises the wolf hates the sheep', 'Islamic cultures': 'The shepherd who praises the wolf hates the sheep'}",2,Trust / Honesty / Deception
298,Every man is his own enemy.,2,1,2.3,"Northern Europe, Western Europe and the Americas","{'Northern Europe': 'Every man is his own enemy', 'Western Europe and the Americas': 'Every man is his own enemy'}",2,Other
299,"All by kindness, nothing by force.",2,1,2.3,"Sub-Saharan Africa, Western Europe and the Americas","{'Sub-Saharan Africa': 'All by kindness, nothing by force', 'Western Europe and the Americas': 'All by kindness, nothing by force'}",2,Family / Kinship / Obligation
304,"Courage lost, all lost.",2,1,2.3,"Older Asiatic cultures (Kuusi), Western Europe and the Americas","{'Older Asiatic cultures (Kuusi)': 'Courage lost, all lost', 'Western Europe and the Americas': 'Courage lost, all lost'}",2,Other
305,Hasty judgement leads to repentance.,2,1,2.3,"Islamic cultures, Western Europe and the Americas","{'Islamic cultures': 'Hasty judgement leads to repentance', 'Western Europe and the Americas': 'Hasty judgement leads to repentance'}",2,Other
316,"If fortune favours, then beware of being exalted; if fortune thunders, beware of being overwhelmed.",2,1,2.3,"Europe (general), Islamic cultures","{'Europe (general)': 'If fortune favours, beware of being exalted; if fortune thunders, beware of being overwhelmed', 'Islamic cultures': 'If fortune favours, beware of being exalted; if fortune thunders, beware of being overwhelmed'}",2,Prudence / Risk & Uncertainty
321,"Giving is dead nowadays, and restoring very sick.",2,1,2.3,"Europe (general), Finnish and Baltic Sea cultures","{'Europe (general)': 'Giving is dead nowadays, and restoring very sick', 'Finnish and Baltic Sea cultures': 'Giving is dead nowadays, and restoring very sick'}",2,Other
326,I fear the man of one book.,2,1,2.3,"Southern Europe, Western Europe and the Americas","{'Southern Europe': 'I fear the man of one book', 'Western Europe and the Americas': 'I fear the man of one book'}",2,Knowledge / Speech / Silence
334,A little fire is quickly trodden out.,2,1,2.3,"Europe (general), Sub-Saharan Africa","{'Europe (general)': 'A little fire is quickly trodden out', 'Sub-Saharan Africa': 'A little fire is quickly trodden out'}",2,Other
337,A cat in gloves catches no mice.,2,1,2.3,"Europe (general), Finnish and Baltic Sea cultures","{'Europe (general)': 'A cat in gloves catches no mice', 'Finnish and Baltic Sea cultures': 'A cat in gloves catches no mice'}",2,Other
340,No day without a line.,2,1,2.3,"Europe (general), Finnish and Baltic Sea cultures","{'Europe (general)': 'No day without a line', 'Finnish and Baltic Sea cultures': 'No day without a line'}",2,Other
343,Divide and conquer.,2,1,2.3,"Europe (general), Islamic cultures","{'Europe (general)': 'Divide and conquer', 'Islamic cultures': 'Divide and conquer'}",2,Other
353,He that has no silver in his purse should have silver on his tongue.,2,1,2.3,"Southern Europe, Western Europe and the Americas","{'Southern Europe': 'He that has no silver in his purse should have silver on his tongue', 'Western Europe and the Americas': 'He that has no silver in his purse should have silver on his tongue'}",2,Knowledge / Speech / Silence
356,"If the shepherd is angry with his flock, then he appoints a blind sheep as leader.",2,1,2.3,"Islamic cultures, Western Europe and the Americas","{'Islamic cultures': 'When the shepherd is angry with his flock, he appoints a blind sheep as leader', 'Western Europe and the Americas': 'When the shepherd is angry with his flock, he appoints a blind sheep as leader'}",2,Other
359,"Love does much, but money does everything.",2,1,2.3,"Southern Europe, Western Europe and the Americas","{'Southern Europe': 'Love does much, but money does everything', 'Western Europe and the Americas': 'Love does much, but money does everything'}",2,Other
364,"The more the merrier, the fewer the better cheer.",2,1,2.3,"Finnish and Baltic Sea cultures, Northern Europe","{'Finnish and Baltic Sea cultures': 'The more the merrier, the fewer the better cheer', 'Northern Europe': 'The more the merrier, the fewer the better cheer'}",2,Other
365,Make hay while the sun shines.,2,1,2.3,"Europe (general), Finnish and Baltic Sea cultures","{'Europe (general)': 'Make hay while the sun shines', 'Finnish and Baltic Sea cultures': 'Make hay while the sun shines'}",2,Other
366,Time undermines us.,2,1,2.3,"Europe (general), Finnish and Baltic Sea cultures","{'Europe (general)': 'Time undermines us', 'Finnish and Baltic Sea cultures': 'Time undermines us'}",2,Effort / Time / Persistence
369,Horseplay is fool's play.,2,1,2.3,"Southern Europe, Western Europe and the Americas","{'Southern Europe': ""Horseplay is fool's play"", 'Western Europe and the Americas': ""Horseplay is fool's play""}",2,Other
376,Everything is worth its price.,2,1,2.3,"Europe (general), Finnish and Baltic Sea cultures","{'Europe (general)': 'Everything is worth its price', 'Finnish and Baltic Sea cultures': 'Everything is worth its price'}",2,Other
387,He who is not with me is against me.,2,1,2.3,"Southern Europe, Western Europe and the Americas","{'Southern Europe': 'He who is not with me is against me', 'Western Europe and the Americas': 'He who is not with me is against me'}",2,Other
389,Fools grow without watering.,2,1,2.3,"Europe (general), Finnish and Baltic Sea cultures","{'Europe (general)': 'Fools grow without watering', 'Finnish and Baltic Sea cultures': 'Fools grow without watering'}",2,Other
394,If you make a jest you must take a jest.,2,1,2.3,"Europe (general), Islamic cultures","{'Europe (general)': 'If you make a jest you must take a jest', 'Islamic cultures': 'If you make a jest you must take a jest'}",2,Other
395,"There is a time to weep, and a time to laugh.",2,1,2.3,"Europe (general), Older Asiatic cultures (Kuusi)","{'Europe (general)': 'There is a time to weep, and a time to laugh', 'Older Asiatic cultures (Kuusi)': 'There is a time to weep, and a time to laugh'}",2,Effort / Time / Persistence
396,"If God wishes to destroy, then he first deprives of reason.",2,1,2.3,"Europe (general), Islamic cultures","{'Europe (general)': 'When God wishes to destroy, he first deprives of reason', 'Islamic cultures': 'When God wishes to destroy, he first deprives of reason'}",2,Family / Kinship / Obligation
397,"No way so smooth, but it has some rub.",2,1,2.3,"Europe (general), Finnish and Baltic Sea cultures","{'Europe (general)': 'No way so smooth, but it has some rub', 'Finnish and Baltic Sea cultures': 'No way so smooth, but it has some rub'}",2,Other
399,"Beyers want a hundred eyes, sellers none.",2,1,2.3,"Europe (general), Older Asiatic cultures (Kuusi)","{'Europe (general)': 'Beyers want a hundred eyes, sellers none', 'Older Asiatic cultures (Kuusi)': 'Beyers want a hundred eyes, sellers none'}",2,Other
403,To do good to an ungrateful man is to throw rose-water in the sea.,2,1,2.3,"Europe (general), Finnish and Baltic Sea cultures","{'Europe (general)': 'To do good to an ungrateful man is to throw rose-water in the sea', 'Finnish and Baltic Sea cultures': 'To do good to an ungrateful man is to throw rose-water in the sea'}",2,Other
405,"He that has ears to hear, let him hear.",2,1,2.3,"Southern Europe, Western Europe and the Americas","{'Southern Europe': 'He that has ears to hear, let him hear', 'Western Europe and the Americas': 'He that has ears to hear, let him hear'}",2,Other
409,Broken friendships may be soldered but never sound.,2,1,2.3,"Europe (general), Sub-Saharan Africa","{'Europe (general)': 'Broken friendships may be soldered but never sound', 'Sub-Saharan Africa': 'Broken friendships may be soldered but never sound'}",2,Cooperation / Social Support
410,A broken sack will hold no corn.,2,1,2.3,"Europe (general), Finnish and Baltic Sea cultures","{'Europe (general)': 'A broken sack will hold no corn', 'Finnish and Baltic Sea cultures': 'A broken sack will hold no corn'}",2,Other
424,The law is not concerned with trifles.,2,1,2.3,"Southern Europe, Western Europe and the Americas","{'Southern Europe': 'The law is not concerned with trifles', 'Western Europe and the Americas': 'The law is not concerned with trifles'}",2,Other
431,The night is a cloak for sinners.,2,1,2.3,"Europe (general), Finnish and Baltic Sea cultures","{'Europe (general)': 'The night is a cloak for sinners', 'Finnish and Baltic Sea cultures': 'The night is a cloak for sinners'}",2,Other
434,"He that leaves the highway to cut short, commonly goes about.",2,1,2.3,"Europe (general), Finnish and Baltic Sea cultures","{'Europe (general)': 'He that leaves the highway to cut short, commonly goes about', 'Finnish and Baltic Sea cultures': 'He that leaves the highway to cut short, commonly goes about'}",2,Other
436,"So many servants, so many enemies.",2,1,2.3,"Southern Europe, Western Europe and the Americas","{'Southern Europe': 'So many servants, so many enemies', 'Western Europe and the Americas': 'So many servants, so many enemies'}",2,Other
438,What goes up must come down.,2,1,2.3,"Europe (general), Older Asiatic cultures (Kuusi)","{'Europe (general)': 'What goes up must come down', 'Older Asiatic cultures (Kuusi)': 'What goes up must come down'}",2,Other
440,Flies haunt lean horses.,2,1,2.3,"Europe (general), Islamic cultures","{'Europe (general)': 'Flies haunt lean horses', 'Islamic cultures': 'Flies haunt lean horses'}",2,Trust / Honesty / Deception
445,The stomach is an eye easily blinded.,2,1,2.3,"Finnish and Baltic Sea cultures, Sub-Saharan Africa","{'Finnish and Baltic Sea cultures': 'The stomach is an eye easily blinded', 'Sub-Saharan Africa': 'The stomach is an eye easily blinded'}",2,Other
449,A house divided against itself cannot stand.,2,1,2.3,"Europe (general), Older Asiatic cultures (Kuusi)","{'Europe (general)': 'A house divided against itself cannot stand', 'Older Asiatic cultures (Kuusi)': 'A house divided against itself cannot stand'}",2,Family / Kinship / Obligation
459,He that will eat the kernel must crack the nut.,2,1,2.3,"Europe (general), Older Asiatic cultures (Kuusi)","{'Europe (general)': 'He that will eat the kernel must crack the nut', 'Older Asiatic cultures (Kuusi)': 'He that will eat the kernel must crack the nut'}",2,Other
469,Paper won't blush.,2,1,2.3,"Europe (general), Finnish and Baltic Sea cultures","{'Europe (general)': ""Paper won't blush"", 'Finnish and Baltic Sea cultures': ""Paper won't blush""}",2,Other
470,Idle folks lack no excuses.,2,1,2.3,"Europe (general), Finnish and Baltic Sea cultures","{'Europe (general)': 'Idle folks lack no excuses', 'Finnish and Baltic Sea cultures': 'Idle folks lack no excuses'}",2,Other
471,Beggars are no choosers.,2,1,2.3,"Europe (general), Islamic cultures","{'Europe (general)': 'Beggars are no choosers', 'Islamic cultures': 'Beggars are no choosers'}",2,Other
481,About the dead nothing except good.,2,1,2.3,"Europe (general), Sub-Saharan Africa","{'Europe (general)': 'About the dead nothing except good', 'Sub-Saharan Africa': 'About the dead nothing except good'}",2,Other
482,"If the mountain does not come to Mahomet, then Mahomet must go to the mountain.",2,1,2.3,"Europe (general), Islamic cultures","{'Europe (general)': 'If the mountain does not come to Mahomet, Mahomet must go to the mountain', 'Islamic cultures': 'If the mountain does not come to Mahomet, Mahomet must go to the mountain'}",2,Family / Kinship / Obligation
485,"The butcher look'd for his knife, when he had it in his mouth.",2,1,2.3,"Europe (general), Finnish and Baltic Sea cultures","{'Europe (general)': ""The butcher look'd for his knife, when he had it in his mouth"", 'Finnish and Baltic Sea cultures': ""The butcher look'd for his knife, when he had it in his mouth""}",2,Other
486,Avoid fish for strawberries in the bottom of the sea.,2,1,2.3,"Europe (general), Finnish and Baltic Sea cultures","{'Europe (general)': ""Don't fish for strawberries in the bottom of the sea"", 'Finnish and Baltic Sea cultures': ""Don't fish for strawberries in the bottom of the sea""}",2,Prudence / Risk & Uncertainty
490,Suspiction always haunts the guilty mind.,2,1,2.3,"Europe (general), Finnish and Baltic Sea cultures","{'Europe (general)': 'Suspiction always haunts the guilty mind', 'Finnish and Baltic Sea cultures': 'Suspiction always haunts the guilty mind'}",2,Other
495,Cats hide their claws.,2,1,2.3,"Older Asiatic cultures (Kuusi), Western Europe and the Americas","{'Older Asiatic cultures (Kuusi)': 'Cats hide their claws', 'Western Europe and the Americas': 'Cats hide their claws'}",2,Other
506,He that buys what he does not want must often sell what he does want.,2,1,2.3,"Europe (general), Finnish and Baltic Sea cultures","{'Europe (general)': 'He that buys what he does not want must often sell what he does want', 'Finnish and Baltic Sea cultures': 'He that buys what he does not want must often sell what he does want'}",2,Other
507,"If the mutton is going, then it is good to take a slice.",2,1,2.3,"Europe (general), Finnish and Baltic Sea cultures","{'Europe (general)': 'When the mutton is going, it is good to take a slice', 'Finnish and Baltic Sea cultures': 'When the mutton is going, it is good to take a slice'}",2,Other
510,"Who has bitter in his mouth, spits not all sweet.",2,1,2.3,"Europe (general), Older Asiatic cultures (Kuusi)","{'Europe (general)': 'Who has bitter in his mouth, spits not all sweet', 'Older Asiatic cultures (Kuusi)': 'Who has bitter in his mouth, spits not all sweet'}",2,Other
516,"Self do, self have.",2,1,2.3,"Europe (general), Finnish and Baltic Sea cultures","{'Europe (general)': 'Self do, self have', 'Finnish and Baltic Sea cultures': 'Self do, self have'}",2,Other
522,Love lives in cottages as well as in courts.,2,1,2.3,"Europe (general), Finnish and Baltic Sea cultures","{'Europe (general)': 'Love lives in cottages as well as in courts', 'Finnish and Baltic Sea cultures': 'Love lives in cottages as well as in courts'}",2,Other
524,A wife isn't a kantele to hang on the wall.,2,1,2.3,"Europe (general), Finnish and Baltic Sea cultures","{'Europe (general)': ""A wife isn't a kantele to hang on the wall"", 'Finnish and Baltic Sea cultures': ""A wife isn't a kantele to hang on the wall""}",2,Other
526,He that tells a secret is another's servant.,2,1,2.3,"Europe (general), Sub-Saharan Africa","{'Europe (general)': ""He that tells a secret is another's servant"", 'Sub-Saharan Africa': ""He that tells a secret is another's servant""}",2,Other
527,Rats desert a sinking ship.,2,1,2.3,"Europe (general), Pacific area","{'Europe (general)': 'Rats desert a sinking ship', 'Pacific area': 'Rats desert a sinking ship'}",2,Family / Kinship / Obligation
538,Avoid keep all your eggs in one basket.,2,1,2.3,"Europe (general), Older Asiatic cultures (Kuusi)","{'Europe (general)': 'Do not keep all your eggs in one basket', 'Older Asiatic cultures (Kuusi)': 'Do not keep all your eggs in one basket'}",2,Prudence / Risk & Uncertainty
546,Ask and have is sometimes dear buying.,2,1,2.3,"Europe (general), Finnish and Baltic Sea cultures","{'Europe (general)': 'Ask and have is sometimes dear buying', 'Finnish and Baltic Sea cultures': 'Ask and have is sometimes dear buying'}",2,Effort / Time / Persistence
547,A friend is not so soon gotten as lost.,2,1,2.3,"Europe (general), Islamic cultures","{'Europe (general)': 'A friend is not so soon gotten as lost', 'Islamic cultures': 'A friend is not so soon gotten as lost'}",2,Cooperation / Social Support
550,He who pays the piper calls the tune.,2,1,2.3,"Europe (general), Islamic cultures","{'Europe (general)': 'He who pays the piper calls the tune', 'Islamic cultures': 'He who pays the piper calls the tune'}",2,Other
551,You cannot see the wood for the trees.,2,1,2.3,"Europe (general), Islamic cultures","{'Europe (general)': 'You cannot see the wood for the trees', 'Islamic cultures': 'You cannot see the wood for the trees'}",2,Family / Kinship / Obligation
555,Winter weather and women's thoughts change often.,2,1,2.3,"Older Asiatic cultures (Kuusi), Western Europe and the Americas","{'Older Asiatic cultures (Kuusi)': ""Winter weather and women's thoughts change often"", 'Western Europe and the Americas': ""Winter weather and women's thoughts change often""}",2,Other
561,The world's coin is ingratitude.,2,1,2.3,"Europe (general), Finnish and Baltic Sea cultures","{'Europe (general)': ""The world's coin is ingratitude"", 'Finnish and Baltic Sea cultures': ""The world's coin is ingratitude""}",2,Other
562,A man without money is a bow without an arrow.,2,1,2.3,"Europe (general), Older Asiatic cultures (Kuusi)","{'Europe (general)': 'A man without money is a bow without an arrow', 'Older Asiatic cultures (Kuusi)': 'A man without money is a bow without an arrow'}",2,Other
563,After a gatherer comes a scatterer.,2,1,2.3,"Europe (general), Finnish and Baltic Sea cultures","{'Europe (general)': 'After a gatherer comes a scatterer', 'Finnish and Baltic Sea cultures': 'After a gatherer comes a scatterer'}",2,Other
570,Kings go mad and the people suffer for it.,2,1,2.3,"Europe (general), Older Asiatic cultures (Kuusi)","{'Europe (general)': 'Kings go mad and the people suffer for it', 'Older Asiatic cultures (Kuusi)': 'Kings go mad and the people suffer for it'}",2,Family / Kinship / Obligation
577,He must rise early that would please everybody.,2,1,2.3,"Europe (general), Older Asiatic cultures (Kuusi)","{'Europe (general)': 'He must rise early that would please everybody', 'Older Asiatic cultures (Kuusi)': 'He must rise early that would please everybody'}",2,Effort / Time / Persistence
578,He who says what he likes shall hear what he does not.,2,1,2.3,"Europe (general), Islamic cultures","{'Europe (general)': 'He who says what he likes shall hear what he does not', 'Islamic cultures': 'He who says what he likes shall hear what he does not'}",2,Other
580,Anger without power is folly.,2,1,2.3,"Europe (general), Islamic cultures","{'Europe (general)': 'Anger without power is folly', 'Islamic cultures': 'Anger without power is folly'}",2,Other
581,"For want of a wise man, a fool is set in the chair.",2,1,2.3,"Europe (general), Older Asiatic cultures (Kuusi)","{'Europe (general)': 'For want of a wise man, a fool is set in the chair', 'Older Asiatic cultures (Kuusi)': 'For want of a wise man, a fool is set in the chair'}",2,Other
587,"Keep your eyes open, a sale is a sale.",2,1,2.3,"Europe (general), Finnish and Baltic Sea cultures","{'Europe (general)': 'Keep your eyes open, a sale is a sale', 'Finnish and Baltic Sea cultures': 'Keep your eyes open, a sale is a sale'}",2,Other
593,No one gets rich if he is honest.,2,1,2.3,"Europe (general), Finnish and Baltic Sea cultures","{'Europe (general)': 'No one gets rich if he is honest', 'Finnish and Baltic Sea cultures': 'No one gets rich if he is honest'}",2,Trust / Honesty / Deception
602,No vice but hath its patron.,2,1,2.3,"Southern Europe, Western Europe and the Americas","{'Southern Europe': 'No vice but hath its patron', 'Western Europe and the Americas': 'No vice but hath its patron'}",2,Other
605,Great honours are great burdens.,2,1,2.3,"Europe (general), Finnish and Baltic Sea cultures","{'Europe (general)': 'Great honours are great burdens', 'Finnish and Baltic Sea cultures': 'Great honours are great burdens'}",2,Other
607,A good horse should be seldom spurred.,2,1,2.3,"Europe (general), Finnish and Baltic Sea cultures","{'Europe (general)': 'A good horse should be seldom spurred', 'Finnish and Baltic Sea cultures': 'A good horse should be seldom spurred'}",2,Other
608,As a tree falls so it shall lie.,2,1,2.3,"Europe (general), Finnish and Baltic Sea cultures","{'Europe (general)': 'As a tree falls so it shall lie', 'Finnish and Baltic Sea cultures': 'As a tree falls so it shall lie'}",2,Trust / Honesty / Deception
618,Seven shepherds spoil a flock.,2,1,2.3,"Islamic cultures, Western Europe and the Americas","{'Islamic cultures': 'Seven shepherds spoil a flock', 'Western Europe and the Americas': 'Seven shepherds spoil a flock'}",2,Other
619,A tethered sheep soon starves.,2,1,2.3,"Europe (general), Finnish and Baltic Sea cultures","{'Europe (general)': 'A tethered sheep soon starves', 'Finnish and Baltic Sea cultures': 'A tethered sheep soon starves'}",2,Fate / Fortune / Opportunity
624,Extremes meet.,2,1,2.3,"Eastern Europe, Western Europe and the Americas","{'Eastern Europe': 'Extremes meet', 'Western Europe and the Americas': 'Extremes meet'}",2,Other
631,Good workmen are seldom rich.,2,1,2.3,"Finnish and Baltic Sea cultures, Western Europe and the Americas","{'Finnish and Baltic Sea cultures': 'Good workmen are seldom rich', 'Western Europe and the Americas': 'Good workmen are seldom rich'}",2,Effort / Time / Persistence
638,Things most excellent are ever most envied.,2,1,2.3,"Europe (general), Finnish and Baltic Sea cultures","{'Europe (general)': 'Things most excellent are ever most envied', 'Finnish and Baltic Sea cultures': 'Things most excellent are ever most envied'}",2,Other
645,"A candle, by consuming itself, gives light to others.",2,1,2.3,"Islamic cultures, Older Asiatic cultures (Kuusi)","{'Islamic cultures': 'A candle, by consuming itself, gives light to others', 'Older Asiatic cultures (Kuusi)': 'A candle, by consuming itself, gives light to others'}",2,Other
654,A man can only die once.,2,1,2.3,"Europe (general), Finnish and Baltic Sea cultures","{'Europe (general)': 'A man can only die once', 'Finnish and Baltic Sea cultures': 'A man can only die once'}",2,Other
658,Shame take him that shame thinketh.,2,1,2.3,"Europe (general), Older Asiatic cultures (Kuusi)","{'Europe (general)': 'Shame take him that shame thinketh', 'Older Asiatic cultures (Kuusi)': 'Shame take him that shame thinketh'}",2,Other
662,Those that eat cherries with great persons shall have their eyes splinted out with the stones.,2,1,2.3,"Europe (general), Finnish and Baltic Sea cultures","{'Europe (general)': 'Those that eat cherries with great persons shall have their eyes splinted out with the stones', 'Finnish and Baltic Sea cultures': 'Those that eat cherries with great persons shall have their eyes splinted out with the stones'}",2,Family / Kinship / Obligation
672,To accept a favour is to sell one's liberty.,2,1,2.3,"Southern Europe, Western Europe and the Americas","{'Southern Europe': ""To accept a favour is to sell one's liberty"", 'Western Europe and the Americas': ""To accept a favour is to sell one's liberty""}",2,Other
673,Honey is not for the ass's mouth.,2,1,2.3,"Southern Europe, Western Europe and the Americas","{'Southern Europe': ""Honey is not for the ass's mouth"", 'Western Europe and the Americas': ""Honey is not for the ass's mouth""}",2,Other
678,Travellers on horseback know nothing of the toil of those who travel on foot.,2,1,2.3,"Older Asiatic cultures (Kuusi), Western Europe and the Americas","{'Older Asiatic cultures (Kuusi)': 'Travellers on horseback know nothing of the toil of those who travel on foot', 'Western Europe and the Americas': 'Travellers on horseback know nothing of the toil of those who travel on foot'}",2,Other
680,Love is swift of foot.,2,1,2.3,"Europe (general), Older Asiatic cultures (Kuusi)","{'Europe (general)': 'Love is swift of foot', 'Older Asiatic cultures (Kuusi)': 'Love is swift of foot'}",2,Other
681,A sleeping man is not hungry.,2,1,2.3,"Southern Europe, Western Europe and the Americas","{'Southern Europe': 'A sleeping man is not hungry', 'Western Europe and the Americas': 'A sleeping man is not hungry'}",2,Other
684,No one can be judge in his own cause.,2,1,2.3,"Europe (general), Older Asiatic cultures (Kuusi)","{'Europe (general)': 'No one can be judge in his own cause', 'Older Asiatic cultures (Kuusi)': 'No one can be judge in his own cause'}",2,Other
690,Findings are keepings.,2,1,2.3,"Finnish and Baltic Sea cultures, Western Europe and the Americas","{'Finnish and Baltic Sea cultures': 'Findings are keepings', 'Western Europe and the Americas': 'Findings are keepings'}",2,Other
692,Speak the truth and shame the devil.,2,1,2.3,"Finnish and Baltic Sea cultures, Western Europe and the Americas","{'Finnish and Baltic Sea cultures': 'Speak the truth and shame the devil', 'Western Europe and the Americas': 'Speak the truth and shame the devil'}",2,Trust / Honesty / Deception
701,An oak is not felled at one stroke.,2,1,2.3,"Europe (general), Finnish and Baltic Sea cultures","{'Europe (general)': 'An oak is not felled at one stroke', 'Finnish and Baltic Sea cultures': 'An oak is not felled at one stroke'}",2,Other
718,He must have a long spoon that sups with the devil.,2,1,2.3,"Europe (general), Islamic cultures","{'Europe (general)': 'He must have a long spoon that sups with the devil', 'Islamic cultures': 'He must have a long spoon that sups with the devil'}",2,Other
723,Offenders never pardon.,2,1,2.3,"Sub-Saharan Africa, Western Europe and the Americas","{'Sub-Saharan Africa': 'Offenders never pardon', 'Western Europe and the Americas': 'Offenders never pardon'}",2,Prudence / Risk & Uncertainty
724,"God makes and apparel shapes, but it's money that finishes the man.",2,1,2.3,"Europe (general), Older Asiatic cultures (Kuusi)","{'Europe (general)': ""God makes and apparel shapes, but it's money that finishes the man"", 'Older Asiatic cultures (Kuusi)': ""God makes and apparel shapes, but it's money that finishes the man""}",2,Other
725,Self-praise is no recommendation.,2,1,2.3,"Europe (general), Finnish and Baltic Sea cultures","{'Europe (general)': 'Self-praise is no recommendation', 'Finnish and Baltic Sea cultures': 'Self-praise is no recommendation'}",2,Other
726,A lie begets a lie.,2,1,2.3,"Older Asiatic cultures (Kuusi), Western Europe and the Americas","{'Older Asiatic cultures (Kuusi)': 'A lie begets a lie', 'Western Europe and the Americas': 'A lie begets a lie'}",2,Trust / Honesty / Deception
728,"No accuser, no judge.",2,1,2.3,"Europe (general), Finnish and Baltic Sea cultures","{'Europe (general)': 'No accuser, no judge', 'Finnish and Baltic Sea cultures': 'No accuser, no judge'}",2,Other
729,"Like hen, like chicken.",2,1,2.3,"Finnish and Baltic Sea cultures, Western Europe and the Americas","{'Finnish and Baltic Sea cultures': 'Like hen, like chicken', 'Western Europe and the Americas': 'Like hen, like chicken'}",2,Other
730,Every pedlar praises his own needles.,2,1,2.3,"Europe (general), Finnish and Baltic Sea cultures","{'Europe (general)': 'Every pedlar praises his own needles', 'Finnish and Baltic Sea cultures': 'Every pedlar praises his own needles'}",2,Other
731,"Young men may die, old men must die.",2,1,2.3,"Europe (general), Finnish and Baltic Sea cultures","{'Europe (general)': 'Young men may die, old men must die', 'Finnish and Baltic Sea cultures': 'Young men may die, old men must die'}",2,Other
741,"Like master, like man, Like king, like people.",2,1,2.3,"Europe (general), Older Asiatic cultures (Kuusi)","{'Europe (general)': 'Like master, like man, Like king, like people', 'Older Asiatic cultures (Kuusi)': 'Like master, like man, Like king, like people'}",2,Family / Kinship / Obligation
745,The beggar is never out of his way.,2,1,2.3,"Europe (general), Finnish and Baltic Sea cultures","{'Europe (general)': 'The beggar is never out of his way', 'Finnish and Baltic Sea cultures': 'The beggar is never out of his way'}",2,Prudence / Risk & Uncertainty
750,War is death's feast.,2,1,2.3,"Europe (general), Finnish and Baltic Sea cultures","{'Europe (general)': ""War is death's feast"", 'Finnish and Baltic Sea cultures': ""War is death's feast""}",2,Other
757,He that blames would buy.,2,1,2.3,"Southern Europe, Western Europe and the Americas","{'Southern Europe': 'He that blames would buy', 'Western Europe and the Americas': 'He that blames would buy'}",2,Other
758,Truth needs no colours.,2,1,2.3,"Southern Europe, Western Europe and the Americas","{'Southern Europe': 'Truth needs no colours', 'Western Europe and the Americas': 'Truth needs no colours'}",2,Trust / Honesty / Deception
759,"An old physician, a young lawyer.",2,1,2.3,"Europe (general), Older Asiatic cultures (Kuusi)","{'Europe (general)': 'An old physician, a young lawyer', 'Older Asiatic cultures (Kuusi)': 'An old physician, a young lawyer'}",2,Other
765,Better give than take.,2,1,2.3,"Europe (general), Islamic cultures","{'Europe (general)': 'Better give than take', 'Islamic cultures': 'Better give than take'}",2,Other
769,He goes long barefoot that waits for dead man's shoes.,2,1,2.3,"Europe (general), Finnish and Baltic Sea cultures","{'Europe (general)': ""He goes long barefoot that waits for dead man's shoes"", 'Finnish and Baltic Sea cultures': ""He goes long barefoot that waits for dead man's shoes""}",2,Other
770,Courtesy costs nothing.,2,1,2.3,"Europe (general), Older Asiatic cultures (Kuusi)","{'Europe (general)': 'Courtesy costs nothing', 'Older Asiatic cultures (Kuusi)': 'Courtesy costs nothing'}",2,Other
781,Thuth always rises above falsehood as oil rises above water.,2,1,2.3,"Europe (general), Finnish and Baltic Sea cultures","{'Europe (general)': 'Thuth always rises above falsehood as oil rises above water', 'Finnish and Baltic Sea cultures': 'Thuth always rises above falsehood as oil rises above water'}",2,Trust / Honesty / Deception
788,Forbear not sowing because of birds.,2,1,2.3,"Europe (general), Finnish and Baltic Sea cultures","{'Europe (general)': 'Forbear not sowing because of birds', 'Finnish and Baltic Sea cultures': 'Forbear not sowing because of birds'}",2,Other
790,A friend to all is a friend to none.,2,1,2.3,"Europe (general), Islamic cultures","{'Europe (general)': 'A friend to all is a friend to none', 'Islamic cultures': 'A friend to all is a friend to none'}",2,Cooperation / Social Support
796,A joy that's shared is a joy made double.,2,1,2.3,"Southern Europe, Western Europe and the Americas","{'Southern Europe': ""A joy that's shared is a joy made double"", 'Western Europe and the Americas': ""A joy that's shared is a joy made double""}",2,Other
797,No news is good news.,2,1,2.3,"Southern Europe, Western Europe and the Americas","{'Southern Europe': 'No news is good news', 'Western Europe and the Americas': 'No news is good news'}",2,Other
798,The comforter's head never aches.,2,1,2.3,"Europe (general), Finnish and Baltic Sea cultures","{'Europe (general)': ""The comforter's head never aches"", 'Finnish and Baltic Sea cultures': ""The comforter's head never aches""}",2,Prudence / Risk & Uncertainty
800,One good turn deserves another.,2,1,2.3,"Europe (general), Older Asiatic cultures (Kuusi)","{'Europe (general)': 'One good turn deserves another', 'Older Asiatic cultures (Kuusi)': 'One good turn deserves another'}",2,Other
804,"Before you trust a man, eat a peck of salt with him.",2,1,2.3,"Europe (general), Finnish and Baltic Sea cultures","{'Europe (general)': 'Before you trust a man, eat a peck of salt with him', 'Finnish and Baltic Sea cultures': 'Before you trust a man, eat a peck of salt with him'}",2,Trust / Honesty / Deception
806,A hired horse tired never.,2,1,2.3,"Europe (general), Finnish and Baltic Sea cultures","{'Europe (general)': 'A hired horse tired never', 'Finnish and Baltic Sea cultures': 'A hired horse tired never'}",2,Prudence / Risk & Uncertainty
816,Fair words butter no parsnips.,2,1,2.3,"Europe (general), Finnish and Baltic Sea cultures","{'Europe (general)': 'Fair words butter no parsnips', 'Finnish and Baltic Sea cultures': 'Fair words butter no parsnips'}",2,Knowledge / Speech / Silence
817,Death and the sun are not to be looked on with a steady eye.,2,1,2.3,"Southern Europe, Western Europe and the Americas","{'Southern Europe': 'Death and the sun are not to be looked on with a steady eye', 'Western Europe and the Americas': 'Death and the sun are not to be looked on with a steady eye'}",2,Prudence / Risk & Uncertainty
819,"Man is a creature who lives not upon bread alone, but principally by catchwords.",2,1,2.3,"Europe (general), Finnish and Baltic Sea cultures","{'Europe (general)': 'Man is a creature who lives not upon bread alone, but principally by catchwords', 'Finnish and Baltic Sea cultures': 'Man is a creature who lives not upon bread alone, but principally by catchwords'}",2,Knowledge / Speech / Silence
823,He who wishes a fire must put up with the smoke.,2,1,2.3,"Europe (general), Finnish and Baltic Sea cultures","{'Europe (general)': 'He who wishes a fire must put up with the smoke', 'Finnish and Baltic Sea cultures': 'He who wishes a fire must put up with the smoke'}",2,Other
831,Take not a musket to kill a butterfly.,2,1,2.3,"Europe (general), Older Asiatic cultures (Kuusi)","{'Europe (general)': 'Take not a musket to kill a butterfly', 'Older Asiatic cultures (Kuusi)': 'Take not a musket to kill a butterfly'}",2,Other
832,"If the cap fits, then you wear it.",2,1,2.3,"Eastern Europe, Older Asiatic cultures (Kuusi)","{'Eastern Europe': 'If the cap fits, you wear it', 'Older Asiatic cultures (Kuusi)': 'If the cap fits, you wear it'}",2,Other
838,A great ship asks deep waters.,2,1,2.3,"Europe (general), Islamic cultures","{'Europe (general)': 'A great ship asks deep waters.', 'Islamic cultures': 'A great ship asks deep waters.'}",2,Other
841,The empty leech sucks sore.,2,1,2.3,"Finnish and Baltic Sea cultures, Western Europe and the Americas","{'Finnish and Baltic Sea cultures': 'The empty leech sucks sore', 'Western Europe and the Americas': 'The empty leech sucks sore'}",2,Other
850,"Truth gives a short answer, lies go round about.",2,1,2.3,"Europe (general), Older Asiatic cultures (Kuusi)","{'Europe (general)': 'Truth gives a short answer, lies go round about', 'Older Asiatic cultures (Kuusi)': 'Truth gives a short answer, lies go round about'}",2,Trust / Honesty / Deception
856,The best mirror is an old friend.,2,1,2.3,"Europe (general), Older Asiatic cultures (Kuusi)","{'Europe (general)': 'The best mirror is an old friend', 'Older Asiatic cultures (Kuusi)': 'The best mirror is an old friend'}",2,Cooperation / Social Support
861,If 'ifs' and 'ans' were pots and pans there's be no work for tinkers' hands.,2,1,2.3,"Europe (general), Finnish and Baltic Sea cultures","{'Europe (general)': ""If 'ifs' and 'ans' were pots and pans there's be no work for tinkers' hands"", 'Finnish and Baltic Sea cultures': ""If 'ifs' and 'ans' were pots and pans there's be no work for tinkers' hands""}",2,Effort / Time / Persistence
862,There are more maids than Maukin and more men than Michael.,2,1,2.3,"Finnish and Baltic Sea cultures, Western Europe and the Americas","{'Finnish and Baltic Sea cultures': 'There are more maids than Maukin and more men than Michael', 'Western Europe and the Americas': 'There are more maids than Maukin and more men than Michael'}",2,Family / Kinship / Obligation
864,Speech has been given to man so that he may disguise his thoughts.,2,1,2.3,"Europe (general), Sub-Saharan Africa","{'Europe (general)': 'Speech has been given to man so that he may disguise his thoughts', 'Sub-Saharan Africa': 'Speech has been given to man so that he may disguise his thoughts'}",2,Other
876,It is only the dead who do not return.,2,1,2.3,"Europe (general), Finnish and Baltic Sea cultures","{'Europe (general)': 'It is only the dead who do not return', 'Finnish and Baltic Sea cultures': 'It is only the dead who do not return'}",2,Other
877,Beauty and chastity seldom meet.,2,1,2.3,"Europe (general), Older Asiatic cultures (Kuusi)","{'Europe (general)': 'Beauty and chastity seldom meet', 'Older Asiatic cultures (Kuusi)': 'Beauty and chastity seldom meet'}",2,Other
885,Believe only half of what you hear.,2,1,2.3,"Europe (general), Sub-Saharan Africa","{'Europe (general)': 'Believe only half of what you hear', 'Sub-Saharan Africa': 'Believe only half of what you hear'}",2,Trust / Honesty / Deception
888,Great trees are good for nothing but shade.,2,1,2.3,"Europe (general), Older Asiatic cultures (Kuusi)","{'Europe (general)': 'Great trees are good for nothing but shade', 'Older Asiatic cultures (Kuusi)': 'Great trees are good for nothing but shade'}",2,Family / Kinship / Obligation
891,Whom the Lord loves he reproves.,2,1,2.3,"Europe (general), Finnish and Baltic Sea cultures","{'Europe (general)': 'Whom the Lord loves he reproves', 'Finnish and Baltic Sea cultures': 'Whom the Lord loves he reproves'}",2,Other
894,A little sheep always seems young.,2,1,2.3,"Europe (general), Finnish and Baltic Sea cultures","{'Europe (general)': 'A little sheep always seems young', 'Finnish and Baltic Sea cultures': 'A little sheep always seems young'}",2,Other
899,Creditors have better memories than debtors.,2,1,2.3,"Europe (general), Older Asiatic cultures (Kuusi)","{'Europe (general)': 'Creditors have better memories than debtors', 'Older Asiatic cultures (Kuusi)': 'Creditors have better memories than debtors'}",2,Other
900,"Physician, heal yourself!",2,1,2.3,"Europe (general), Islamic cultures","{'Europe (general)': 'Physician, heal yourself!', 'Islamic cultures': 'Physician, heal yourself!'}",2,Other
904,Face your troubles cheerfully.,2,1,2.3,"Eastern Europe, Western Europe and the Americas","{'Eastern Europe': 'Face your troubles cheerfully', 'Western Europe and the Americas': 'Face your troubles cheerfully'}",2,Other
907,A merry heart lives long.,2,1,2.3,"Europe (general), Finnish and Baltic Sea cultures","{'Europe (general)': 'A merry heart lives long', 'Finnish and Baltic Sea cultures': 'A merry heart lives long'}",2,Other
909,"Respect yourself, or no one else will respect you.",2,1,2.3,"Europe (general), Older Asiatic cultures (Kuusi)","{'Europe (general)': 'Respect yourself, or no one else will respect you', 'Older Asiatic cultures (Kuusi)': 'Respect yourself, or no one else will respect you'}",2,Other
917,Fat bellies make empty skulls.,2,1,2.3,"Europe (general), Older Asiatic cultures (Kuusi)","{'Europe (general)': 'Fat bellies make empty skulls', 'Older Asiatic cultures (Kuusi)': 'Fat bellies make empty skulls'}",2,Trust / Honesty / Deception
918,My country is wherever I am well.,2,1,2.3,"Europe (general), Sub-Saharan Africa","{'Europe (general)': 'My country is wherever I am well', 'Sub-Saharan Africa': 'My country is wherever I am well'}",2,Other
924,The heart never grows old.,2,1,2.3,"Southern Europe, Western Europe and the Americas","{'Southern Europe': 'The heart never grows old', 'Western Europe and the Americas': 'The heart never grows old'}",2,Prudence / Risk & Uncertainty
925,The fairest silk is soonest stained.,2,1,2.3,"Europe (general), Islamic cultures","{'Europe (general)': 'The fairest silk is soonest stained', 'Islamic cultures': 'The fairest silk is soonest stained'}",2,Other
938,It's like looking for a needle in a bottle of hay.,2,1,2.3,"Europe (general), Older Asiatic cultures (Kuusi)","{'Europe (general)': ""It's like looking for a needle in a bottle of hay"", 'Older Asiatic cultures (Kuusi)': ""It's like looking for a needle in a bottle of hay""}",2,Family / Kinship / Obligation
943,"He that has a fox for his mate, has need of a net at his girdle.",2,1,2.3,"Europe (general), Finnish and Baltic Sea cultures","{'Europe (general)': 'He that has a fox for his mate, has need of a net at his girdle', 'Finnish and Baltic Sea cultures': 'He that has a fox for his mate, has need of a net at his girdle'}",2,Trust / Honesty / Deception
945,Avoid kill the goose that lays the golden eggs.,2,1,2.3,"Europe (general), Sub-Saharan Africa","{'Europe (general)': ""Don't kill the goose that lays the golden eggs"", 'Sub-Saharan Africa': ""Don't kill the goose that lays the golden eggs""}",2,Prudence / Risk & Uncertainty
947,Need makes the naked man run.,2,1,2.3,"Europe (general), Finnish and Baltic Sea cultures","{'Europe (general)': 'Need makes the naked man run', 'Finnish and Baltic Sea cultures': 'Need makes the naked man run'}",2,Other
948,A black hen lays a white egg.,2,1,2.3,"Europe (general), Finnish and Baltic Sea cultures","{'Europe (general)': 'A black hen lays a white egg', 'Finnish and Baltic Sea cultures': 'A black hen lays a white egg'}",2,Other
954,The course of true love never did run smooth.,2,1,2.3,"Older Asiatic cultures (Kuusi), Western Europe and the Americas","{'Older Asiatic cultures (Kuusi)': 'The course of true love never did run smooth', 'Western Europe and the Americas': 'The course of true love never did run smooth'}",2,Prudence / Risk & Uncertainty
958,no man sees clear-eyed his own faults.,2,1,2.3,"Europe (general), Finnish and Baltic Sea cultures","{'Europe (general)': 'no man sees clear-eyed his own faults', 'Finnish and Baltic Sea cultures': 'no man sees clear-eyed his own faults'}",2,Other
966,A little bird told me.,2,1,2.3,"Europe (general), Islamic cultures","{'Europe (general)': 'A little bird told me', 'Islamic cultures': 'A little bird told me'}",2,Other
972,"Joy shared, joy doubled; sorrow shared, sorrow halved.",2,1,2.3,"Europe (general), Sub-Saharan Africa","{'Europe (general)': 'Joy shared, joy doubled; sorrow shared, sorrow halved', 'Sub-Saharan Africa': 'Joy shared, joy doubled; sorrow shared, sorrow halved'}",2,Other
976,Opinion governs all.,2,1,2.3,"Southern Europe, Western Europe and the Americas","{'Southern Europe': 'Opinion governs all', 'Western Europe and the Americas': 'Opinion governs all'}",2,Other
988,"Save a thief from the gallows, and he'll be the first to cut your throat.",2,1,2.3,"Europe (general), Finnish and Baltic Sea cultures","{'Europe (general)': ""Save a thief from the gallows, and he'll be the first to cut your throat"", 'Finnish and Baltic Sea cultures': ""Save a thief from the gallows, and he'll be the first to cut your throat""}",2,Trust / Honesty / Deception
991,Hunger breaks stonewalls.,2,1,2.3,"Eastern Europe, Western Europe and the Americas","{'Eastern Europe': 'Hunger breaks stonewalls', 'Western Europe and the Americas': 'Hunger breaks stonewalls'}",2,Other
995,"Pray to God, but keep the hammer going.",2,1,2.3,"Islamic cultures, Western Europe and the Americas","{'Islamic cultures': 'Pray to God, but keep the hammer going', 'Western Europe and the Americas': 'Pray to God, but keep the hammer going'}",2,Other
1005,Love's malady without a cure.,2,1,2.3,"Europe (general), Older Asiatic cultures (Kuusi)","{'Europe (general)': ""Love's malady without a cure"", 'Older Asiatic cultures (Kuusi)': ""Love's malady without a cure""}",2,Other
1013,Too much honey cloys the stomach.,2,1,2.3,"Europe (general), Finnish and Baltic Sea cultures","{'Europe (general)': 'Too much honey cloys the stomach', 'Finnish and Baltic Sea cultures': 'Too much honey cloys the stomach'}",2,Other
1014,Justice without mercy is extreme injury.,2,1,2.3,"Finnish and Baltic Sea cultures, Western Europe and the Americas","{'Finnish and Baltic Sea cultures': 'Justice without mercy is extreme injury', 'Western Europe and the Americas': 'Justice without mercy is extreme injury'}",2,Other
1015,Avoid hear one and judge two.,2,1,2.3,"Europe (general), Older Asiatic cultures (Kuusi)","{'Europe (general)': ""Don't hear one and judge two"", 'Older Asiatic cultures (Kuusi)': ""Don't hear one and judge two""}",2,Prudence / Risk & Uncertainty
1018,What can't be cured must be endured.,2,1,2.3,"Europe (general), Islamic cultures","{'Europe (general)': ""What can't be cured must be endured"", 'Islamic cultures': ""What can't be cured must be endured""}",2,Other
1021,Drunkenness reveals what soberness conceals.,2,1,2.3,"Europe (general), Finnish and Baltic Sea cultures","{'Europe (general)': 'Drunkenness reveals what soberness conceals', 'Finnish and Baltic Sea cultures': 'Drunkenness reveals what soberness conceals'}",2,Other
1026,Who goes for a day in the forest should take bread for a week.,2,1,2.3,"Europe (general), Finnish and Baltic Sea cultures","{'Europe (general)': 'Who goes for a day in the forest should take bread for a week', 'Finnish and Baltic Sea cultures': 'Who goes for a day in the forest should take bread for a week'}",2,Other
1028,One body is no body.,2,1,2.3,"Europe (general), Older Asiatic cultures (Kuusi)","{'Europe (general)': 'One body is no body', 'Older Asiatic cultures (Kuusi)': 'One body is no body'}",2,Other
1029,Mills and wives are ever wanting.,2,1,2.3,"Europe (general), Finnish and Baltic Sea cultures","{'Europe (general)': 'Mills and wives are ever wanting', 'Finnish and Baltic Sea cultures': 'Mills and wives are ever wanting'}",2,Other
1032,Gifts from enemies are dangerous.,2,1,2.3,"Southern Europe, Western Europe and the Americas","{'Southern Europe': 'Gifts from enemies are dangerous', 'Western Europe and the Americas': 'Gifts from enemies are dangerous'}",2,Prudence / Risk & Uncertainty
1037,For a morning rain leave not your journey.,2,1,2.3,"Europe (general), Finnish and Baltic Sea cultures","{'Europe (general)': 'For a morning rain leave not your journey', 'Finnish and Baltic Sea cultures': 'For a morning rain leave not your journey'}",2,Other
1041,One for all and all for one.,2,1,2.3,"Europe (general), Finnish and Baltic Sea cultures","{'Europe (general)': 'One for all and all for one', 'Finnish and Baltic Sea cultures': 'One for all and all for one'}",2,Other
1042,Winds sweep the summits.,2,1,2.3,"Europe (general), Older Asiatic cultures (Kuusi)","{'Europe (general)': 'Winds sweep the summits', 'Older Asiatic cultures (Kuusi)': 'Winds sweep the summits'}",2,Other
1050,Old wood makes the best fire.,2,1,2.3,"Europe (general), Finnish and Baltic Sea cultures","{'Europe (general)': 'Old wood makes the best fire', 'Finnish and Baltic Sea cultures': 'Old wood makes the best fire'}",2,Other
1051,"There is good in everything, even in misfortune.",2,1,2.3,"Europe (general), Finnish and Baltic Sea cultures","{'Europe (general)': 'There is good in everything, even in misfortune', 'Finnish and Baltic Sea cultures': 'There is good in everything, even in misfortune'}",2,Fate / Fortune / Opportunity
1052,You must take the bad with the good.,2,1,2.3,"Southern Europe, Western Europe and the Americas","{'Southern Europe': 'You must take the bad with the good', 'Western Europe and the Americas': 'You must take the bad with the good'}",2,Other
1054,Every man for himself.,2,1,2.3,"Europe (general), Finnish and Baltic Sea cultures","{'Europe (general)': 'Every man for himself', 'Finnish and Baltic Sea cultures': 'Every man for himself'}",2,Other
1058,Curiosity killed the cat.,2,1,2.3,"Sub-Saharan Africa, Western Europe and the Americas","{'Sub-Saharan Africa': 'Curiosity killed the cat', 'Western Europe and the Americas': 'Curiosity killed the cat'}",2,Other
1061,Better A friend's frown than a fool's smile.,2,1,2.3,"Europe (general), Islamic cultures","{'Europe (general)': ""A friend's frown is better than a fool's smile"", 'Islamic cultures': ""A friend's frown is better than a fool's smile""}",2,Cooperation / Social Support
1063,Love is never without jealousy.,2,1,2.3,"Europe (general), Older Asiatic cultures (Kuusi)","{'Europe (general)': 'Love is never without jealousy', 'Older Asiatic cultures (Kuusi)': 'Love is never without jealousy'}",2,Prudence / Risk & Uncertainty
1067,Covardly dogs bark much.,2,1,2.3,"Europe (general), Finnish and Baltic Sea cultures","{'Europe (general)': 'Covardly dogs bark much', 'Finnish and Baltic Sea cultures': 'Covardly dogs bark much'}",2,Other
1068,Life is a struggle.,2,1,2.3,"Europe (general), Islamic cultures","{'Europe (general)': 'Life is a struggle', 'Islamic cultures': 'Life is a struggle'}",2,Other
1071,There is no sin but stupidity.,2,1,2.3,"Europe (general), Finnish and Baltic Sea cultures","{'Europe (general)': 'There is no sin but stupidity', 'Finnish and Baltic Sea cultures': 'There is no sin but stupidity'}",2,Other
1077,"Sorrow for a husband is like pain in the elbow, sharp and short.",2,1,2.3,"Europe (general), Finnish and Baltic Sea cultures","{'Europe (general)': 'Sorrow for a husband is like pain in the elbow, sharp and short', 'Finnish and Baltic Sea cultures': 'Sorrow for a husband is like pain in the elbow, sharp and short'}",2,Other
1087,Better an ass that carries us than a horse that throws us.,2,1,2.3,"Southern Europe, Western Europe and the Americas","{'Southern Europe': 'Better an ass that carries us than a horse that throws us', 'Western Europe and the Americas': 'Better an ass that carries us than a horse that throws us'}",2,Other
1093,Almost' never killed a fly.,2,1,2.3,"Europe (general), Sub-Saharan Africa","{'Europe (general)': ""Almost' never killed a fly"", 'Sub-Saharan Africa': ""Almost' never killed a fly""}",2,Prudence / Risk & Uncertainty
1097,"Counsel from the old, action from the young.",2,1,2.3,"Europe (general), Finnish and Baltic Sea cultures","{'Europe (general)': 'Counsel from the old, action from the young', 'Finnish and Baltic Sea cultures': 'Counsel from the old, action from the young'}",2,Other
1118,Better buy than borrow.,2,1,2.3,"Europe (general), Older Asiatic cultures (Kuusi)","{'Europe (general)': 'Better buy than borrow', 'Older Asiatic cultures (Kuusi)': 'Better buy than borrow'}",2,Other
1122,Not every ball hits.,2,1,2.3,"Europe (general), Older Asiatic cultures (Kuusi)","{'Europe (general)': 'Not every ball hits', 'Older Asiatic cultures (Kuusi)': 'Not every ball hits'}",2,Other
1123,"Fair is not fair, but that which pleases.",2,1,2.3,"Europe (general), Islamic cultures","{'Europe (general)': 'Fair is not fair, but that which pleases', 'Islamic cultures': 'Fair is not fair, but that which pleases'}",2,Other
1127,The cow does not know what her tail is worth until she has lost it.,2,1,2.3,"Europe (general), Sub-Saharan Africa","{'Europe (general)': 'The cow does not know what her tail is worth until she has lost it', 'Sub-Saharan Africa': 'The cow does not know what her tail is worth until she has lost it'}",2,Other
1129,He that hath a beard is more than a youth; and he that hath no beard is less than a man.,2,1,2.3,"Europe (general), Finnish and Baltic Sea cultures","{'Europe (general)': 'He that hath a beard is more than a youth; and he that hath no beard is less than a man', 'Finnish and Baltic Sea cultures': 'He that hath a beard is more than a youth; and he that hath no beard is less than a man'}",2,Other
1130,"To the happy, time is swift.",2,1,2.3,"Europe (general), Older Asiatic cultures (Kuusi)","{'Europe (general)': 'To the happy, time is swift', 'Older Asiatic cultures (Kuusi)': 'To the happy, time is swift'}",2,Effort / Time / Persistence
1131,It take all sorts to make a world.,2,1,2.3,"Europe (general), Older Asiatic cultures (Kuusi)","{'Europe (general)': 'It take all sorts to make a world', 'Older Asiatic cultures (Kuusi)': 'It take all sorts to make a world'}",2,Other
1134,One rotten apple will spoil the whole barrel.,2,1,2.3,"Europe (general), Finnish and Baltic Sea cultures","{'Europe (general)': 'One rotten apple will spoil the whole barrel', 'Finnish and Baltic Sea cultures': 'One rotten apple will spoil the whole barrel'}",2,Family / Kinship / Obligation
1145,The Lord gives and the Lord takes away.,2,1,2.3,"Europe (general), Finnish and Baltic Sea cultures","{'Europe (general)': 'The Lord gives and the Lord takes away', 'Finnish and Baltic Sea cultures': 'The Lord gives and the Lord takes away'}",2,Other
1149,One day of pleasure is worth two of sorrow.,2,1,2.3,"Europe (general), Older Asiatic cultures (Kuusi)","{'Europe (general)': 'One day of pleasure is worth two of sorrow', 'Older Asiatic cultures (Kuusi)': 'One day of pleasure is worth two of sorrow'}",2,Other
1151,"Hot soup, hot swallow.",2,1,2.3,"Europe (general), Finnish and Baltic Sea cultures","{'Europe (general)': 'Hot soup, hot swallow', 'Finnish and Baltic Sea cultures': 'Hot soup, hot swallow'}",2,Other
1162,From a bad paymaster get what you can.,2,1,2.3,"Europe (general), Islamic cultures","{'Europe (general)': 'From a bad paymaster get what you can', 'Islamic cultures': 'From a bad paymaster get what you can'}",2,Other
1167,Music hath charms to soothe the savage breast.,2,1,2.3,"Europe (general), Older Asiatic cultures (Kuusi)","{'Europe (general)': 'Music hath charms to soothe the savage breast', 'Older Asiatic cultures (Kuusi)': 'Music hath charms to soothe the savage breast'}",2,Other
1173,Modesty is the beauty of women.,2,1,2.3,"Europe (general), Islamic cultures","{'Europe (general)': 'Modesty is the beauty of women', 'Islamic cultures': 'Modesty is the beauty of women'}",2,Other
1179,His reach exceeding his grasp.,2,1,2.3,"Europe (general), Finnish and Baltic Sea cultures","{'Europe (general)': 'His reach exceeding his grasp', 'Finnish and Baltic Sea cultures': 'His reach exceeding his grasp'}",2,Other
1181,Better A friend in court than a penny in the purse.,2,1,2.3,"Europe (general), Finnish and Baltic Sea cultures","{'Europe (general)': 'A friend in court is better than a penny in the purse', 'Finnish and Baltic Sea cultures': 'A friend in court is better than a penny in the purse'}",2,Cooperation / Social Support
1193,A drop of luck rather than a cask of wisdom.,2,1,2.3,"Europe (general), Islamic cultures","{'Europe (general)': 'A drop of luck rather than a cask of wisdom', 'Islamic cultures': 'A drop of luck rather than a cask of wisdom'}",2,Fate / Fortune / Opportunity
1197,"Two is company, three is none.",2,1,2.3,"Europe (general), Finnish and Baltic Sea cultures","{'Europe (general)': 'Two is company, three is none', 'Finnish and Baltic Sea cultures': 'Two is company, three is none'}",2,Other
1202,Every little helps.,2,1,2.3,"Europe (general), Finnish and Baltic Sea cultures","{'Europe (general)': 'Every little helps', 'Finnish and Baltic Sea cultures': 'Every little helps'}",2,Cooperation / Social Support
1208,A dear child is given many names.,2,1,2.3,"Europe (general), Finnish and Baltic Sea cultures","{'Europe (general)': 'A dear child is given many names', 'Finnish and Baltic Sea cultures': 'A dear child is given many names'}",2,Family / Kinship / Obligation
1211,Tone makes music.,2,1,2.3,"Southern Europe, Western Europe and the Americas","{'Southern Europe': 'Tone makes music', 'Western Europe and the Americas': 'Tone makes music'}",2,Other
1218,"There comes nothing out of the sack, but what is in it.",2,1,2.3,"Europe (general), Islamic cultures","{'Europe (general)': 'There comes nothing out of the sack, but what is in it', 'Islamic cultures': 'There comes nothing out of the sack, but what is in it'}",2,Other
1220,A man cannot live by air.,2,1,2.3,"Europe (general), Finnish and Baltic Sea cultures","{'Europe (general)': 'A man cannot live by air', 'Finnish and Baltic Sea cultures': 'A man cannot live by air'}",2,Other
1221,A long nose never spoiled a handsome face.,2,1,2.3,"Europe (general), Finnish and Baltic Sea cultures","{'Europe (general)': 'A long nose never spoiled a handsome face', 'Finnish and Baltic Sea cultures': 'A long nose never spoiled a handsome face'}",2,Prudence / Risk & Uncertainty
1222,Every sore has its salve.,2,1,2.3,"Europe (general), Islamic cultures","{'Europe (general)': 'Every sore has its salve', 'Islamic cultures': 'Every sore has its salve'}",2,Other
1225,"Cold hand, warm heart.",2,1,2.3,"Europe (general), Finnish and Baltic Sea cultures","{'Europe (general)': 'Cold hand, warm heart', 'Finnish and Baltic Sea cultures': 'Cold hand, warm heart'}",2,Other
1228,Debt is the worst kind of poverty.,2,1,2.3,"Europe (general), Older Asiatic cultures (Kuusi)","{'Europe (general)': 'Debt is the worst kind of poverty', 'Older Asiatic cultures (Kuusi)': 'Debt is the worst kind of poverty'}",2,Family / Kinship / Obligation
1230,"Hide nothing from thy minister, physician and laywer.",2,1,2.3,"Southern Europe, Western Europe and the Americas","{'Southern Europe': 'Hide nothing from thy minister, physician and laywer', 'Western Europe and the Americas': 'Hide nothing from thy minister, physician and laywer'}",2,Other
1234,"Like blood, like good, and like age make the best marriage.",2,1,2.3,"Europe (general), Finnish and Baltic Sea cultures","{'Europe (general)': 'Like blood, like good, and like age make the best marriage', 'Finnish and Baltic Sea cultures': 'Like blood, like good, and like age make the best marriage'}",2,Family / Kinship / Obligation
1235,"Put an other man's child in your bosom, and he'll creep out at your elbow.",2,1,2.3,"Southern Europe, Western Europe and the Americas","{'Southern Europe': ""Put an other man's child in your bosom, and he'll creep out at your elbow"", 'Western Europe and the Americas': ""Put an other man's child in your bosom, and he'll creep out at your elbow""}",2,Family / Kinship / Obligation
1236,It's by the mouth of the cow that the milk comes.,2,1,2.3,"Europe (general), Finnish and Baltic Sea cultures","{'Europe (general)': ""It's by the mouth of the cow that the milk comes"", 'Finnish and Baltic Sea cultures': ""It's by the mouth of the cow that the milk comes""}",2,Other
1238,Three geese and three women make up a market.,2,1,2.3,"Europe (general), Finnish and Baltic Sea cultures","{'Europe (general)': 'Three geese and three women make up a market', 'Finnish and Baltic Sea cultures': 'Three geese and three women make up a market'}",2,Other
1239,If all fools had daubles we should want fuel.,2,1,2.3,"Southern Europe, Western Europe and the Americas","{'Southern Europe': 'If all fools had daubles we should want fuel', 'Western Europe and the Americas': 'If all fools had daubles we should want fuel'}",2,Other
1250,Everything is possible for God.,2,1,2.3,"Europe (general), Finnish and Baltic Sea cultures","{'Europe (general)': 'Everything is possible for God', 'Finnish and Baltic Sea cultures': 'Everything is possible for God'}",2,Other
1254,"We are born crying, live complaining, and die disappointed.",2,1,2.3,"Europe (general), Finnish and Baltic Sea cultures","{'Europe (general)': 'We are born crying, live complaining, and die disappointed', 'Finnish and Baltic Sea cultures': 'We are born crying, live complaining, and die disappointed'}",2,Other
1260,The heart has reasons of which reason has no knowledge.,2,1,2.3,"Europe (general), Older Asiatic cultures (Kuusi)","{'Europe (general)': 'The heart has reasons of which reason has no knowledge', 'Older Asiatic cultures (Kuusi)': 'The heart has reasons of which reason has no knowledge'}",2,Family / Kinship / Obligation
1264,He is rich who is satisfied.,2,1,2.3,"Finnish and Baltic Sea cultures, Western Europe and the Americas","{'Finnish and Baltic Sea cultures': 'He is rich who is satisfied', 'Western Europe and the Americas': 'He is rich who is satisfied'}",2,Other
1275,Faith alone makes happy.,2,1,2.3,"Finnish and Baltic Sea cultures, Western Europe and the Americas","{'Finnish and Baltic Sea cultures': 'Faith alone makes happy', 'Western Europe and the Americas': 'Faith alone makes happy'}",2,Other
1276,"Men make houses, but women make homes.",2,1,2.3,"Pacific area, Western Europe and the Americas","{'Pacific area': 'Men make houses, but women make homes', 'Western Europe and the Americas': 'Men make houses, but women make homes'}",2,Family / Kinship / Obligation
1279,Those that God loves do not live long.,2,1,2.3,"Europe (general), Islamic cultures","{'Europe (general)': 'Those that God loves do not live long', 'Islamic cultures': 'Those that God loves do not live long'}",2,Other
1280,Frogs breed frogs.,2,1,2.3,"Europe (general), Islamic cultures","{'Europe (general)': 'Frogs breed frogs', 'Islamic cultures': 'Frogs breed frogs'}",2,Other
1287,Keep your thanks to feed your chickens.,2,1,2.3,"Europe (general), Finnish and Baltic Sea cultures","{'Europe (general)': 'Keep your thanks to feed your chickens', 'Finnish and Baltic Sea cultures': 'Keep your thanks to feed your chickens'}",2,Other
1288,God strikes not with both hands.,2,1,2.3,"Southern Europe, Western Europe and the Americas","{'Southern Europe': 'God strikes not with both hands', 'Western Europe and the Americas': 'God strikes not with both hands'}",2,Other
1291,Light supper makes long life.,2,1,2.3,"Europe (general), Islamic cultures","{'Europe (general)': 'Light supper makes long life', 'Islamic cultures': 'Light supper makes long life'}",2,Other
1292,A mother's love will draw up from the depths of the sea.,2,1,2.3,"Europe (general), Finnish and Baltic Sea cultures","{'Europe (general)': ""A mother's love will draw up from the depths of the sea"", 'Finnish and Baltic Sea cultures': ""A mother's love will draw up from the depths of the sea""}",2,Family / Kinship / Obligation
1296,One fool makes a hundred.,2,1,2.3,"Europe (general), Older Asiatic cultures (Kuusi)","{'Europe (general)': 'One fool makes a hundred', 'Older Asiatic cultures (Kuusi)': 'One fool makes a hundred'}",2,Other
1297,Youth once gone is gone.,2,1,2.3,"Europe (general), Older Asiatic cultures (Kuusi)","{'Europe (general)': 'Youth once gone is gone', 'Older Asiatic cultures (Kuusi)': 'Youth once gone is gone'}",2,Other
1298,Who hath no horse may ride on a staff.,2,1,2.3,"Europe (general), Finnish and Baltic Sea cultures","{'Europe (general)': 'Who hath no horse may ride on a staff', 'Finnish and Baltic Sea cultures': 'Who hath no horse may ride on a staff'}",2,Other
1310,It is hard to lift a full cup without spilling.,2,1,2.3,"Sub-Saharan Africa, Western Europe and the Americas","{'Sub-Saharan Africa': 'It is hard to lift a full cup without spilling', 'Western Europe and the Americas': 'It is hard to lift a full cup without spilling'}",2,Other
1311,It's sometimes good to hold a candle to the devil.,2,1,2.3,"Europe (general), Older Asiatic cultures (Kuusi)","{'Europe (general)': ""It's sometimes good to hold a candle to the devil"", 'Older Asiatic cultures (Kuusi)': ""It's sometimes good to hold a candle to the devil""}",2,Effort / Time / Persistence
1312,For our country it is bliss to die.,2,1,2.3,"Europe (general), Islamic cultures","{'Europe (general)': 'For our country it is bliss to die', 'Islamic cultures': 'For our country it is bliss to die'}",2,Other
1313,"No pay, no play.",2,1,2.3,"Europe (general), Older Asiatic cultures (Kuusi)","{'Europe (general)': 'No pay, no play', 'Older Asiatic cultures (Kuusi)': 'No pay, no play'}",2,Other
1314,Get a name to rise up early and you may lie all day.,2,1,2.3,"Southern Europe, Western Europe and the Americas","{'Southern Europe': 'Get a name to rise up early and you may lie all day', 'Western Europe and the Americas': 'Get a name to rise up early and you may lie all day'}",2,Effort / Time / Persistence
1336,To master one's self is the greatest mastery.,2,1,2.3,"Europe (general), Finnish and Baltic Sea cultures","{'Europe (general)': ""To master one's self is the greatest mastery"", 'Finnish and Baltic Sea cultures': ""To master one's self is the greatest mastery""}",2,Other
1347,"If you do good, then good will be done to you.",2,1,2.3,"Older Asiatic cultures (Kuusi), Western Europe and the Americas","{'Older Asiatic cultures (Kuusi)': 'If you do good, good will be done to you', 'Western Europe and the Americas': 'If you do good, good will be done to you'}",2,Other
1349,Even Homer sometimes nods.,2,1,2.3,"Europe (general), Older Asiatic cultures (Kuusi)","{'Europe (general)': 'Even Homer sometimes nods', 'Older Asiatic cultures (Kuusi)': 'Even Homer sometimes nods'}",2,Effort / Time / Persistence
1359,Black earth yields white bread.,2,1,2.3,"Southern Europe, Western Europe and the Americas","{'Southern Europe': 'Black earth yields white bread', 'Western Europe and the Americas': 'Black earth yields white bread'}",2,Other
1362,Once is no rule.,2,1,2.3,"Europe (general), Finnish and Baltic Sea cultures","{'Europe (general)': 'Once is no rule', 'Finnish and Baltic Sea cultures': 'Once is no rule'}",2,Other
1363,"For ill do well, then fear no hell.",2,1,2.3,"Europe (general), Older Asiatic cultures (Kuusi)","{'Europe (general)': 'For ill do well, then fear no hell', 'Older Asiatic cultures (Kuusi)': 'For ill do well, then fear no hell'}",2,Other
1364,Honour to whom honour is due.,2,1,2.3,"Europe (general), Finnish and Baltic Sea cultures","{'Europe (general)': 'Honour to whom honour is due', 'Finnish and Baltic Sea cultures': 'Honour to whom honour is due'}",2,Other
1365,Eggs and oaths are easily broken.,2,1,2.3,"Europe (general), Older Asiatic cultures (Kuusi)","{'Europe (general)': 'Eggs and oaths are easily broken', 'Older Asiatic cultures (Kuusi)': 'Eggs and oaths are easily broken'}",2,Other
1366,Ill company brings many a man to the gallows.,2,1,2.3,"Europe (general), Older Asiatic cultures (Kuusi)","{'Europe (general)': 'Ill company brings many a man to the gallows', 'Older Asiatic cultures (Kuusi)': 'Ill company brings many a man to the gallows'}",2,Other
1370,"It's virtue, and not birth, that makes us noble.",2,1,2.3,"Europe (general), Older Asiatic cultures (Kuusi)","{'Europe (general)': ""It's virtue, and not birth, that makes us noble"", 'Older Asiatic cultures (Kuusi)': ""It's virtue, and not birth, that makes us noble""}",2,Other
1377,Sorrow will pay no debt.,2,1,2.3,"Southern Europe, Western Europe and the Americas","{'Southern Europe': 'Sorrow will pay no debt', 'Western Europe and the Americas': 'Sorrow will pay no debt'}",2,Other
1382,"If you want peace, then prepare for war.",2,1,2.3,"Europe (general), Older Asiatic cultures (Kuusi)","{'Europe (general)': 'If you want peace, prepare for war', 'Older Asiatic cultures (Kuusi)': 'If you want peace, prepare for war'}",2,Other
1393,After night comes the day.,2,1,2.3,"Sub-Saharan Africa, Western Europe and the Americas","{'Sub-Saharan Africa': 'After night comes the day', 'Western Europe and the Americas': 'After night comes the day'}",2,Other
1402,No fine cloth can hide the clown.,2,1,2.3,"Europe (general), Finnish and Baltic Sea cultures","{'Europe (general)': 'No fine cloth can hide the clown', 'Finnish and Baltic Sea cultures': 'No fine cloth can hide the clown'}",2,Other
1404,Wedlock is a padlock.,2,1,2.3,"Islamic cultures, Western Europe and the Americas","{'Islamic cultures': 'Wedlock is a padlock', 'Western Europe and the Americas': 'Wedlock is a padlock'}",2,Other
1411,A white loaf and hard cheese never shames the master.,2,1,2.3,"Southern Europe, Western Europe and the Americas","{'Southern Europe': 'A white loaf and hard cheese never shames the master', 'Western Europe and the Americas': 'A white loaf and hard cheese never shames the master'}",2,Prudence / Risk & Uncertainty
1420,Better half an egg than an empty shell.,2,1,2.3,"Europe (general), Finnish and Baltic Sea cultures","{'Europe (general)': 'Better half an egg than an empty shell', 'Finnish and Baltic Sea cultures': 'Better half an egg than an empty shell'}",2,Other
1422,A tall man lacks wisdom.,2,1,2.3,"Europe (general), Finnish and Baltic Sea cultures","{'Europe (general)': 'A tall man lacks wisdom', 'Finnish and Baltic Sea cultures': 'A tall man lacks wisdom'}",2,Knowledge / Speech / Silence
1424,"East or west, home is best.",2,1,2.3,"Europe (general), Older Asiatic cultures (Kuusi)","{'Europe (general)': 'East or west, home is best', 'Older Asiatic cultures (Kuusi)': 'East or west, home is best'}",2,Family / Kinship / Obligation
1428,No man is content with his lot.,2,1,2.3,"Europe (general), Older Asiatic cultures (Kuusi)","{'Europe (general)': 'No man is content with his lot', 'Older Asiatic cultures (Kuusi)': 'No man is content with his lot'}",2,Other
1447,He that laughs in the morning weeps at night.,2,1,2.3,"Europe (general), Finnish and Baltic Sea cultures","{'Europe (general)': 'He that laughs in the morning weeps at night', 'Finnish and Baltic Sea cultures': 'He that laughs in the morning weeps at night'}",2,Other
1457,Death comes early to all.,2,1,2.3,"Europe (general), Finnish and Baltic Sea cultures","{'Europe (general)': 'Death comes early to all', 'Finnish and Baltic Sea cultures': 'Death comes early to all'}",2,Effort / Time / Persistence
1459,"He that knows not to hold his tongue, knows not how to talk.",2,1,2.3,"Southern Europe, Western Europe and the Americas","{'Southern Europe': 'He that knows not to hold his tongue, knows not how to talk', 'Western Europe and the Americas': 'He that knows not to hold his tongue, knows not how to talk'}",2,Knowledge / Speech / Silence
1462,Hair by hair old heads go bare.,2,1,2.3,"Europe (general), Islamic cultures","{'Europe (general)': 'Hair by hair old heads go bare', 'Islamic cultures': 'Hair by hair old heads go bare'}",2,Other
1466,From a great hight a great fall.,2,1,2.3,"Sub-Saharan Africa, Western Europe and the Americas","{'Sub-Saharan Africa': 'From a great hight a great fall', 'Western Europe and the Americas': 'From a great hight a great fall'}",2,Other
1467,Every man has his cross to bear.,2,1,2.3,"Europe (general), Finnish and Baltic Sea cultures","{'Europe (general)': 'Every man has his cross to bear', 'Finnish and Baltic Sea cultures': 'Every man has his cross to bear'}",2,Other
1471,Remember that you must die.,2,1,2.3,"Europe (general), Finnish and Baltic Sea cultures","{'Europe (general)': 'Remember that you must die', 'Finnish and Baltic Sea cultures': 'Remember that you must die'}",2,Other
1478,Fools build houses and wise men buy them.,2,1,2.3,"Europe (general), Older Asiatic cultures (Kuusi)","{'Europe (general)': 'Fools build houses and wise men buy them', 'Older Asiatic cultures (Kuusi)': 'Fools build houses and wise men buy them'}",2,Family / Kinship / Obligation
1480,The sun rises on good and bad alike.,2,1,2.3,"Europe (general), Sub-Saharan Africa","{'Europe (general)': 'The sun rises on good and bad alike', 'Sub-Saharan Africa': 'The sun rises on good and bad alike'}",2,Other
1497,A tender mother breeds a scabby daughter.,2,1,2.3,"Europe (general), Finnish and Baltic Sea cultures","{'Europe (general)': 'A tender mother breeds a scabby daughter', 'Finnish and Baltic Sea cultures': 'A tender mother breeds a scabby daughter'}",2,Family / Kinship / Obligation
1498,A man among the geese when the gander is away.,2,1,2.3,"Europe (general), Islamic cultures","{'Europe (general)': 'A man among the geese when the gander is away', 'Islamic cultures': 'A man among the geese when the gander is away'}",2,Other
1500,Better wait on the cook than the doctor.,2,1,2.3,"Europe (general), Islamic cultures","{'Europe (general)': 'Better wait on the cook than the doctor', 'Islamic cultures': 'Better wait on the cook than the doctor'}",2,Other
1503,All men cannot do all things.,2,1,2.3,"Europe (general), Finnish and Baltic Sea cultures","{'Europe (general)': 'All men cannot do all things', 'Finnish and Baltic Sea cultures': 'All men cannot do all things'}",2,Other
1506,"Let him that knows not how to pray, go to sea.",2,1,2.3,"Europe (general), Finnish and Baltic Sea cultures","{'Europe (general)': 'Let him that knows not how to pray, go to sea', 'Finnish and Baltic Sea cultures': 'Let him that knows not how to pray, go to sea'}",2,Other
1515,Between the hammer and the anvil.,2,1,2.3,"Europe (general), Finnish and Baltic Sea cultures","{'Europe (general)': 'Between the hammer and the anvil', 'Finnish and Baltic Sea cultures': 'Between the hammer and the anvil'}",2,Other
1518,"All that we know is, nothing can be known.",2,1,2.3,"Europe (general), Islamic cultures","{'Europe (general)': 'All that we know is, nothing can be known', 'Islamic cultures': 'All that we know is, nothing can be known'}",2,Other
1520,"War, hunting and love, for one pleasure bring a thousand pains.",2,1,2.3,"Europe (general), Older Asiatic cultures (Kuusi)","{'Europe (general)': 'War, hunting and love, for one pleasure bring a thousand pains', 'Older Asiatic cultures (Kuusi)': 'War, hunting and love, for one pleasure bring a thousand pains'}",2,Other
1523,"Unlucky gambler, lucky lover.",2,1,2.3,"Europe (general), Finnish and Baltic Sea cultures","{'Europe (general)': 'Unlucky gambler, lucky lover', 'Finnish and Baltic Sea cultures': 'Unlucky gambler, lucky lover'}",2,Fate / Fortune / Opportunity
1528,Old young and old long.,2,1,2.3,"Europe (general), Older Asiatic cultures (Kuusi)","{'Europe (general)': 'Old young and old long', 'Older Asiatic cultures (Kuusi)': 'Old young and old long'}",2,Other
1529,He who serves God has a good master.,2,1,2.3,"Europe (general), Global type (Kuusi)","{'Europe (general)': 'He who serves God has a good master', 'Global type (Kuusi)': 'He who serves God has a good master'}",2,Other
1538,"The bird is known by its note, the man by his words.",2,1,2.3,"Europe (general), Finnish and Baltic Sea cultures","{'Europe (general)': 'The bird is known by its note, the man by his words', 'Finnish and Baltic Sea cultures': 'The bird is known by its note, the man by his words'}",2,Knowledge / Speech / Silence
1539,Pray and work.,2,1,2.3,"Southern Europe, Western Europe and the Americas","{'Southern Europe': 'Pray and work', 'Western Europe and the Americas': 'Pray and work'}",2,Effort / Time / Persistence
1540,The cure is worse than the disease.,2,1,2.3,"Europe (general), Older Asiatic cultures (Kuusi)","{'Europe (general)': 'The cure is worse than the disease', 'Older Asiatic cultures (Kuusi)': 'The cure is worse than the disease'}",2,Other
1548,Fools make feasts and wise men eat them.,2,1,2.3,"Europe (general), Older Asiatic cultures (Kuusi)","{'Europe (general)': 'Fools make feasts and wise men eat them', 'Older Asiatic cultures (Kuusi)': 'Fools make feasts and wise men eat them'}",2,Other
1559,A woman's tears and a dog's limping are not real.,2,1,2.3,"Eastern Europe, Western Europe and the Americas","{'Eastern Europe': ""A woman's tears and a dog's limping are not real"", 'Western Europe and the Americas': ""A woman's tears and a dog's limping are not real""}",2,Other
1560,All dreams are lies.,2,1,2.3,"Europe (general), Finnish and Baltic Sea cultures","{'Europe (general)': 'All dreams are lies', 'Finnish and Baltic Sea cultures': 'All dreams are lies'}",2,Trust / Honesty / Deception
1561,Better children weep than old men.,2,1,2.3,"Europe (general), Finnish and Baltic Sea cultures","{'Europe (general)': 'Better children weep than old men', 'Finnish and Baltic Sea cultures': 'Better children weep than old men'}",2,Family / Kinship / Obligation
1562,God sends men cold as they have clothes on.,2,1,2.3,"Europe (general), Islamic cultures","{'Europe (general)': 'God sends men cold as they have clothes on', 'Islamic cultures': 'God sends men cold as they have clothes on'}",2,Other
1567,A threatened blow is seldom given.,2,1,2.3,"Finnish and Baltic Sea cultures, Western Europe and the Americas","{'Finnish and Baltic Sea cultures': 'A threatened blow is seldom given', 'Western Europe and the Americas': 'A threatened blow is seldom given'}",2,Other
1577,Health is not valued till sickness comes.,2,1,2.3,"Europe (general), Islamic cultures","{'Europe (general)': 'Health is not valued till sickness comes', 'Islamic cultures': 'Health is not valued till sickness comes'}",2,Other
1583,"Early sow, early mow.",2,1,2.3,"Europe (general), Older Asiatic cultures (Kuusi)","{'Europe (general)': 'Early sow, early mow', 'Older Asiatic cultures (Kuusi)': 'Early sow, early mow'}",2,Effort / Time / Persistence
1588,"Today gold, tomorrow dust.",2,1,2.3,"Europe (general), Finnish and Baltic Sea cultures","{'Europe (general)': 'Today gold, tomorrow dust', 'Finnish and Baltic Sea cultures': 'Today gold, tomorrow dust'}",2,Other
1589,A little bird is content with a little nest.,2,1,2.3,"Europe (general), Finnish and Baltic Sea cultures","{'Europe (general)': 'A little bird is content with a little nest', 'Finnish and Baltic Sea cultures': 'A little bird is content with a little nest'}",2,Other
1593,Appetite comes with eating.,2,1,2.3,"Europe (general), Finnish and Baltic Sea cultures","{'Europe (general)': 'Appetite comes with eating', 'Finnish and Baltic Sea cultures': 'Appetite comes with eating'}",2,Other
1599,"First love, last love.",2,1,2.3,"Europe (general), Finnish and Baltic Sea cultures","{'Europe (general)': 'First love, last love', 'Finnish and Baltic Sea cultures': 'First love, last love'}",2,Other
19,Evil words cut worse than swords.,1,2,1.6,Global type (Kuusi),{'Global type (Kuusi)': 'Words cut more than swords'},2,Knowledge / Speech / Silence
85,Better fill a glutton's belly than his eye.,1,2,1.6,Global type (Kuusi),"{'Global type (Kuusi)': ""Better fill a glutton's belly than his eye""}",2,Other
25,"If the need is highest, then help is nearest.",1,1,1.3,Global type (Kuusi),"{'Global type (Kuusi)': 'When the need is highest, help is nearest'}",1,Cooperation / Social Support
50,Who loves well is slow to forget.,1,1,1.3,Europe (general),{'Europe (general)': 'Who loves well is slow to forget'},1,Prudence / Risk & Uncertainty
71,New brooms sweep clean.,1,1,1.3,Global type (Kuusi),{'Global type (Kuusi)': 'New brooms sweep clean'},1,Other
80,New things are fair.,1,1,1.3,Europe (general),{'Europe (general)': 'New things are fair'},1,Other
84,Always keep the end in view.,1,1,1.3,Europe (general),{'Europe (general)': 'Always keep the end in view'},1,Other
91,All beginnings are hard.,1,1,1.3,Global type (Kuusi),{'Global type (Kuusi)': 'All beginnings are hard'},1,Other
94,Call no man happy before he dies.,1,1,1.3,Europe (general),{'Europe (general)': 'Call no man happy before he dies'},1,Other
97,Everything has a beginning.,1,1,1.3,Global type (Kuusi),{'Global type (Kuusi)': 'Everything has a beginning'},1,Other
99,"If one door shuts, then another will open.",1,1,1.3,Global type (Kuusi),"{'Global type (Kuusi)': 'If one door shuts, another will open'}",1,Other
101,"Marry in haste, repent at leasure.",1,1,1.3,Europe (general),"{'Europe (general)': 'Marry in haste, repent at leasure'}",1,Prudence / Risk & Uncertainty
103,"Easy come, easy go.",1,1,1.3,Global type (Kuusi),"{'Global type (Kuusi)': 'Easy come, easy go'}",1,Other
105,"He gives by halves, who hesitates to give.",1,1,1.3,Europe (general),"{'Europe (general)': 'He gives by halves, who hesitates to give'}",1,Other
107,A word is enough to the wise.,1,1,1.3,Europe (general),{'Europe (general)': 'A word is enough to the wise'},1,Knowledge / Speech / Silence
109,"Early ripe, early rotten.",1,1,1.3,Global type (Kuusi),"{'Global type (Kuusi)': 'Early ripe, early rotten'}",1,Effort / Time / Persistence
111,"If a man cheats me once, then shame on him; if he cheats me twice, shame on me.",1,1,1.3,Global type (Kuusi),"{'Global type (Kuusi)': 'If a man cheats me once, shame on him; if he cheats me twice, shame on me'}",1,Trust / Honesty / Deception
114,Between cup and the lip a morsel may slip.,1,1,1.3,Global type (Kuusi),{'Global type (Kuusi)': 'Between cup and the lip a morsel may slip'},1,Other
115,"The best step, the first step.",1,1,1.3,Western Europe and the Americas,"{'Western Europe and the Americas': 'The best step, the first step'}",1,Other
116,You must learn to obey before you command.,1,1,1.3,Europe (general),{'Europe (general)': 'You must learn to obey before you command'},1,Knowledge / Speech / Silence
117,"As the twig is bent, so it grows.",1,1,1.3,Global type (Kuusi),"{'Global type (Kuusi)': 'As the twig is bent, so it grows'}",1,Other
118,Time is a great healer.,1,1,1.3,Western Europe and the Americas,{'Western Europe and the Americas': 'Time is a great healer'},1,Effort / Time / Persistence
122,"The bitter past, more welcome is the sweet (Shakespeare).",1,1,1.3,Global type (Kuusi),"{'Global type (Kuusi)': 'The bitter past, more welcome is the sweet (Shakespeare)'}",1,Other
137,Consult with your pillow.,1,1,1.3,Europe (general),{'Europe (general)': 'Consult with your pillow'},1,Other
144,Today is yesterday's pupil.,1,1,1.3,Europe (general),"{'Europe (general)': ""Today is yesterday's pupil""}",1,Other
146,Praise day at night and life at the end.,1,1,1.3,Global type (Kuusi),{'Global type (Kuusi)': 'Praise day at night and life at the end'},1,Other
148,In doing good one does it to oneself; in doing evil one does it to oneself.,1,1,1.3,Global type (Kuusi),{'Global type (Kuusi)': 'In doing good one does it to oneself; in doing evil one does it to oneself'},1,Other
164,Put off is not put away.,1,1,1.3,Western Europe and the Americas,{'Western Europe and the Americas': 'Put off is not put away'},1,Other
166,Beware the rope's end.,1,1,1.3,Europe (general),"{'Europe (general)': ""Beware the rope's end""}",1,Prudence / Risk & Uncertainty
169,Better Prevention than cure.,1,1,1.3,Older Asiatic cultures (Kuusi),{'Older Asiatic cultures (Kuusi)': 'Prevention is better than cure'},1,Other
170,A slow fire makes sweet meat.,1,1,1.3,Global type (Kuusi),{'Global type (Kuusi)': 'A slow fire makes sweet meat'},1,Prudence / Risk & Uncertainty
173,Every man has his forte.,1,1,1.3,Global type (Kuusi),{'Global type (Kuusi)': 'Every man has his forte'},1,Other
174,"If there is life, there is hope.",1,1,1.3,Global type (Kuusi),"{'Global type (Kuusi)': ""Where there's life, there's hope""}",1,Other
181,A burned child dreads the fire.,1,1,1.3,Global type (Kuusi),{'Global type (Kuusi)': 'A burned child dreads the fire'},1,Family / Kinship / Obligation
185,He pours water into the sea.,1,1,1.3,Global type (Kuusi),{'Global type (Kuusi)': 'He pours water into the sea'},1,Other
188,The tree is known by his fruit.,1,1,1.3,Global type (Kuusi),{'Global type (Kuusi)': 'The tree is known by his fruit'},1,Family / Kinship / Obligation
189,Fields have eyes and woods have ears.,1,1,1.3,Global type (Kuusi),{'Global type (Kuusi)': 'Fields have eyes and woods have ears'},1,Other
190,An ounce of patience is worth a pound of brains.,1,1,1.3,Europe (general),{'Europe (general)': 'An ounce of patience is worth a pound of brains'},1,Effort / Time / Persistence
192,By perseverance the snail reached the ark.,1,1,1.3,Global type (Kuusi),{'Global type (Kuusi)': 'By perseverance the snail reached the ark'},1,Effort / Time / Persistence
200,Avoid count your chickens before they are hatched.,1,1,1.3,Global type (Kuusi),"{'Global type (Kuusi)': ""Don't count your chickens before they are hatched""}",1,Prudence / Risk & Uncertainty
201,It's good walking with a horse in hand.,1,1,1.3,Europe (general),"{'Europe (general)': ""It's good walking with a horse in hand""}",1,Family / Kinship / Obligation
203,Keep your fellows' counsel and your own.,1,1,1.3,Europe (general),"{'Europe (general)': ""Keep your fellows' counsel and your own""}",1,Other
205,He is no merchant that always wins.,1,1,1.3,Europe (general),{'Europe (general)': 'He is no merchant that always wins'},1,Other
212,Envious heart fretteth itself.,1,1,1.3,Global type (Kuusi),{'Global type (Kuusi)': 'Envious heart fretteth itself'},1,Other
218,Every time the sheep bleats it loses a mouthful.,1,1,1.3,Europe (general),{'Europe (general)': 'Every time the sheep bleats it loses a mouthful'},1,Effort / Time / Persistence
219,By others' faults wise men correct their own.,1,1,1.3,Global type (Kuusi),"{'Global type (Kuusi)': ""By others' faults wise men correct their own""}",1,Other
221,The road to hell is paved with good intentions.,1,1,1.3,Europe (general),{'Europe (general)': 'The road to hell is paved with good intentions'},1,Other
222,Asses carry the oats and horses eat them.,1,1,1.3,Global type (Kuusi),{'Global type (Kuusi)': 'Asses carry the oats and horses eat them'},1,Other
226,Avoid throw the rope after the bucket.,1,1,1.3,Europe (general),"{'Europe (general)': ""Don't throw the rope after the bucket""}",1,Prudence / Risk & Uncertainty
229,Business before pleasure.,1,1,1.3,Europe (general),{'Europe (general)': 'Business before pleasure'},1,Other
230,A barber learns to shave by shaving fools.,1,1,1.3,Western Europe and the Americas,{'Western Europe and the Americas': 'A barber learns to shave by shaving fools'},1,Knowledge / Speech / Silence
233,Thieves are never rogues among themselves.,1,1,1.3,Europe (general),{'Europe (general)': 'Thieves are never rogues among themselves'},1,Prudence / Risk & Uncertainty
235,Dogs that put up many hares kill none.,1,1,1.3,Global type (Kuusi),{'Global type (Kuusi)': 'Dogs that put up many hares kill none'},1,Other
236,Strike while the iron is hot.,1,1,1.3,Global type (Kuusi),{'Global type (Kuusi)': 'Strike while the iron is hot'},1,Other
243,"Other days, other ways.",1,1,1.3,Europe (general),"{'Europe (general)': 'Other days, other ways'}",1,Other
249,You cannot contract for the fish that is in the sea.,1,1,1.3,Global type (Kuusi),{'Global type (Kuusi)': 'You cannot contract for the fish that is in the sea'},1,Other
255,History repeats itself.,1,1,1.3,Europe (general),{'Europe (general)': 'History repeats itself'},1,Other
256,He that will not be counselled cannot be helped.,1,1,1.3,Europe (general),{'Europe (general)': 'He that will not be counselled cannot be helped'},1,Cooperation / Social Support
258,Slow help is no help.,1,1,1.3,Europe (general),{'Europe (general)': 'Slow help is no help'},1,Cooperation / Social Support
260,Silence gives consent.,1,1,1.3,Global type (Kuusi),{'Global type (Kuusi)': 'Silence gives consent'},1,Knowledge / Speech / Silence
261,The kettle calls the pot black arse.,1,1,1.3,Global type (Kuusi),{'Global type (Kuusi)': 'The kettle calls the pot black arse'},1,Other
263,Be slow to promise and quick to perform.,1,1,1.3,Europe (general),{'Europe (general)': 'Be slow to promise and quick to perform'},1,Prudence / Risk & Uncertainty
265,A good workman is never overpaid.,1,1,1.3,Global type (Kuusi),{'Global type (Kuusi)': 'A good workman is never overpaid'},1,Prudence / Risk & Uncertainty
267,Courtesy on one side only lasts not long.,1,1,1.3,Western Europe and the Americas,{'Western Europe and the Americas': 'Courtesy on one side only lasts not long'},1,Other
268,Drop by drop the lake is drained.,1,1,1.3,Europe (general),{'Europe (general)': 'Drop by drop the lake is drained'},1,Other
274,Avoid play with edged tools.,1,1,1.3,Islamic cultures,{'Islamic cultures': 'Do not play with edged tools'},1,Prudence / Risk & Uncertainty
275,If the blind lead the blind both shall fall into the ditch.,1,1,1.3,Global type (Kuusi),{'Global type (Kuusi)': 'If the blind lead the blind both shall fall into the ditch'},1,Other
276,"Where God bestows an office, he gives brains to fill it.",1,1,1.3,Europe (general),"{'Europe (general)': 'Where God bestows an office, he gives brains to fill it'}",1,Other
280,"Art is long, life is short.",1,1,1.3,Europe (general),"{'Europe (general)': 'Art is long, life is short'}",1,Other
281,Envy is its own torturer.,1,1,1.3,Islamic cultures,{'Islamic cultures': 'Envy is its own torturer'},1,Other
285,He complains wrongfully of the sea that suffers shipwreck twice.,1,1,1.3,Europe (general),{'Europe (general)': 'He complains wrongfully of the sea that suffers shipwreck twice'},1,Other
287,He was in Rome and did not see the pope.,1,1,1.3,Europe (general),{'Europe (general)': 'He was in Rome and did not see the pope'},1,Other
291,Better die once than live in continual fear.,1,1,1.3,Europe (general),{'Europe (general)': 'Better die once than live in continual fear'},1,Other
300,A hearty welcome is worth half a feast.,1,1,1.3,Europe (general),{'Europe (general)': 'A hearty welcome is worth half a feast'},1,Other
301,There is nothing permanent except change.,1,1,1.3,Europe (general),{'Europe (general)': 'There is nothing permanent except change'},1,Other
302,All who take the sword die by the sword.,1,1,1.3,Global type (Kuusi),{'Global type (Kuusi)': 'All who take the sword die by the sword'},1,Knowledge / Speech / Silence
303,Men leap over where the hedge is lowest.,1,1,1.3,Global type (Kuusi),{'Global type (Kuusi)': 'Men leap over where the hedge is lowest'},1,Other
307,In a calm sea every man is a pilot.,1,1,1.3,Europe (general),{'Europe (general)': 'In a calm sea every man is a pilot'},1,Other
308,Attack is the best defence.,1,1,1.3,Europe (general),{'Europe (general)': 'Attack is the best defence'},1,Other
310,It is ill speaking between a full man and a fasting.,1,1,1.3,Global type (Kuusi),{'Global type (Kuusi)': 'It is ill speaking between a full man and a fasting'},1,Family / Kinship / Obligation
311,There is no such thing as a foolish trade.,1,1,1.3,Europe (general),{'Europe (general)': 'There is no such thing as a foolish trade'},1,Other
315,Step after step the ladder is ascended.,1,1,1.3,Global type (Kuusi),{'Global type (Kuusi)': 'Step after step the ladder is ascended'},1,Other
317,Every tide has its ebb.,1,1,1.3,Global type (Kuusi),{'Global type (Kuusi)': 'Every tide has its ebb'},1,Other
319,Custom rules the law.,1,1,1.3,Europe (general),{'Europe (general)': 'Custom rules the law'},1,Other
320,The ass carries gold and eats thistles.,1,1,1.3,Europe (general),{'Europe (general)': 'The ass carries gold and eats thistles'},1,Other
322,"He that has teeth has no bread, he that has bread has no teeth.",1,1,1.3,Europe (general),"{'Europe (general)': 'He that has teeth has no bread, he that has bread has no teeth'}",1,Other
324,He's an ill cook that cannot lick his own fingers.,1,1,1.3,Global type (Kuusi),"{'Global type (Kuusi)': ""He's an ill cook that cannot lick his own fingers""}",1,Other
327,Constant dropping wears the stone.,1,1,1.3,Global type (Kuusi),{'Global type (Kuusi)': 'Constant dropping wears the stone'},1,Other
330,Avoid make the plough go before the horse.,1,1,1.3,Global type (Kuusi),"{'Global type (Kuusi)': ""Don't make the plough go before the horse""}",1,Prudence / Risk & Uncertainty
332,"A nod for a wise man, and a rod for a fool.",1,1,1.3,Western Europe and the Americas,"{'Western Europe and the Americas': 'A nod for a wise man, and a rod for a fool'}",1,Other
333,Haste causes problems.,1,1,1.3,Global type (Kuusi),{'Global type (Kuusi)': 'Haste makes waste'},1,Prudence / Risk & Uncertainty
339,"If fools went to market, then bad ware would not be sold.",1,1,1.3,Global type (Kuusi),"{'Global type (Kuusi)': 'If fools went to market, bad ware would not be sold'}",1,Other
342,Each one has to scratch for himself.,1,1,1.3,Global type (Kuusi),{'Global type (Kuusi)': 'Each one has to scratch for himself'},1,Other
349,Two kings in one kingdom do not agree well together.,1,1,1.3,Global type (Kuusi),{'Global type (Kuusi)': 'Two kings in one kingdom do not agree well together'},1,Cooperation / Social Support
355,Better never begun than never ended.,1,1,1.3,Europe (general),{'Europe (general)': 'Better never begun than never ended'},1,Prudence / Risk & Uncertainty
357,"Look before you leap, for snakes among sweet flowers do creep.",1,1,1.3,Europe (general),"{'Europe (general)': 'Look before you leap, for snakes among sweet flowers do creep'}",1,Prudence / Risk & Uncertainty
362,Speak no ill of the year before it's gone.,1,1,1.3,Western Europe and the Americas,"{'Western Europe and the Americas': ""Speak no ill of the year before it's gone""}",1,Knowledge / Speech / Silence
363,"Dress drains our cellar dry, and keeps our larder clean.",1,1,1.3,Europe (general),"{'Europe (general)': 'Dress drains our cellar dry, and keeps our larder clean'}",1,Other
371,He is a wretch that hath no money.,1,1,1.3,Sub-Saharan Africa,{'Sub-Saharan Africa': 'He is a wretch that hath no money'},1,Other
374,Avoid buy a pig in a poke.,1,1,1.3,Global type (Kuusi),{'Global type (Kuusi)': 'Never buy a pig in a poke'},1,Prudence / Risk & Uncertainty
375,A thief knows a thief and a wolf knows a wolf.,1,1,1.3,Global type (Kuusi),{'Global type (Kuusi)': 'A thief knows a thief and a wolf knows a wolf'},1,Trust / Honesty / Deception
377,None so blind as those who won't see.,1,1,1.3,Europe (general),"{'Europe (general)': ""None so blind as those who won't see""}",1,Other
378,Diligence is the mother of good fortune.,1,1,1.3,Global type (Kuusi),{'Global type (Kuusi)': 'Diligence is the mother of good fortune'},1,Effort / Time / Persistence
380,A rascal grown rich has lost all his kindred.,1,1,1.3,Global type (Kuusi),{'Global type (Kuusi)': 'A rascal grown rich has lost all his kindred'},1,Family / Kinship / Obligation
382,Ill comes upon war's back.,1,1,1.3,Europe (general),"{'Europe (general)': ""Ill comes upon war's back""}",1,Other
383,Two wrongs don't make a right.,1,1,1.3,Finnish and Baltic Sea cultures,"{'Finnish and Baltic Sea cultures': ""Two wrongs don't make a right""}",1,Other
386,Better A living dog than a dead lion.,1,1,1.3,Global type (Kuusi),{'Global type (Kuusi)': 'A living dog is better than a dead lion'},1,Other
388,Avoid recon without your host.,1,1,1.3,Europe (general),"{'Europe (general)': ""Don't recon without your host""}",1,Prudence / Risk & Uncertainty
390,There is a time to speak and a time to be silent.,1,1,1.3,Europe (general),{'Europe (general)': 'There is a time to speak and a time to be silent'},1,Effort / Time / Persistence
391,"If in doubt, then leave it out.",1,1,1.3,Europe (general),"{'Europe (general)': 'When in doubt, leave it out'}",1,Other
392,In a long journey straw weights.,1,1,1.3,Global type (Kuusi),{'Global type (Kuusi)': 'In a long journey straw weights'},1,Other
393,Who does nothing makes no mistakes.,1,1,1.3,Europe (general),{'Europe (general)': 'Who does nothing makes no mistakes'},1,Other
406,Better be sledge than anvil.,1,1,1.3,Older Asiatic cultures (Kuusi),{'Older Asiatic cultures (Kuusi)': 'Better to be sledge than anvil'},1,Other
407,Love comes in at the windows and goes out at the doors.,1,1,1.3,Global type (Kuusi),{'Global type (Kuusi)': 'Love comes in at the windows and goes out at the doors'},1,Other
408,"Words may pass, but blows fall heavy.",1,1,1.3,Global type (Kuusi),"{'Global type (Kuusi)': 'Words may pass, but blows fall heavy'}",1,Knowledge / Speech / Silence
412,Poverity has no relations.,1,1,1.3,Global type (Kuusi),{'Global type (Kuusi)': 'Poverity has no relations'},1,Other
413,The end justifies the means.,1,1,1.3,Europe (general),{'Europe (general)': 'The end justifies the means'},1,Other
414,"A lion at home, a mouse abroad.",1,1,1.3,Global type (Kuusi),"{'Global type (Kuusi)': 'A lion at home, a mouse abroad'}",1,Family / Kinship / Obligation
416,A penny spared is twice got.,1,1,1.3,Europe (general),{'Europe (general)': 'A penny spared is twice got'},1,Other
417,"It is not the places that grace men, but men the places.",1,1,1.3,Europe (general),"{'Europe (general)': 'It is not the places that grace men, but men the places'}",1,Other
423,Better ask than go astray.,1,1,1.3,Global type (Kuusi),{'Global type (Kuusi)': 'Better ask than go astray'},1,Other
425,One good turn asks another.,1,1,1.3,Global type (Kuusi),{'Global type (Kuusi)': 'One good turn asks another'},1,Other
426,Bid me and do it yourself.,1,1,1.3,Global type (Kuusi),{'Global type (Kuusi)': 'Bid me and do it yourself'},1,Other
451,He who is ashamed to eat is ashamed to live.,1,1,1.3,Europe (general),{'Europe (general)': 'He who is ashamed to eat is ashamed to live'},1,Other
455,A criminal always returns to the scene of his crime.,1,1,1.3,Western Europe and the Americas,{'Western Europe and the Americas': 'A criminal always returns to the scene of his crime'},1,Other
456,It is safer to commend the dead than the living.,1,1,1.3,Western Europe and the Americas,{'Western Europe and the Americas': 'It is safer to commend the dead than the living'},1,Other
458,Avoid give advice unasked.,1,1,1.3,Europe (general),{'Europe (general)': 'Never give advice unasked'},1,Prudence / Risk & Uncertainty
464,For a fleeing enemy make a silver bridge.,1,1,1.3,Europe (general),{'Europe (general)': 'For a fleeing enemy make a silver bridge'},1,Other
466,"He that hath many irons in the fire, some will cool.",1,1,1.3,Global type (Kuusi),"{'Global type (Kuusi)': 'He that hath many irons in the fire, some will cool'}",1,Other
467,Nothing is certain but death.,1,1,1.3,Europe (general),{'Europe (general)': 'Nothing is certain but death'},1,Other
472,Wisdom is neither inheritance nor legacy.,1,1,1.3,Global type (Kuusi),{'Global type (Kuusi)': 'Wisdom is neither inheritance nor legacy'},1,Knowledge / Speech / Silence
475,Possession is eleven points of the law.,1,1,1.3,Western Europe and the Americas,{'Western Europe and the Americas': 'Possession is eleven points of the law'},1,Other
476,"If youth only knew, then if age only could.",1,1,1.3,Europe (general),"{'Europe (general)': 'If youth only knew, if age only could'}",1,Other
477,"Eye for eye, tooth for tooth.",1,1,1.3,Global type (Kuusi),"{'Global type (Kuusi)': 'Eye for eye, tooth for tooth'}",1,Other
483,Avoid throw out the baby with the bathwater.,1,1,1.3,Europe (general),"{'Europe (general)': ""Don't throw out the baby with the bathwater""}",1,Prudence / Risk & Uncertainty
487,"There is a time to be born, and a time to die.",1,1,1.3,Islamic cultures,"{'Islamic cultures': 'There is a time to be born, and a time to die'}",1,Effort / Time / Persistence
491,A great ceremony for a small saint.,1,1,1.3,Europe (general),{'Europe (general)': 'A great ceremony for a small saint'},1,Other
494,Blood is thicker than water.,1,1,1.3,Global type (Kuusi),{'Global type (Kuusi)': 'Blood is thicker than water'},1,Family / Kinship / Obligation
500,Avoid change horses in midstream.,1,1,1.3,Western Europe and the Americas,"{'Western Europe and the Americas': ""Don't change horses in midstream""}",1,Prudence / Risk & Uncertainty
501,A married man turns his staff into a stake.,1,1,1.3,Global type (Kuusi),{'Global type (Kuusi)': 'A married man turns his staff into a stake'},1,Other
503,"The more laws, the more offenders.",1,1,1.3,Europe (general),"{'Europe (general)': 'The more laws, the more offenders'}",1,Other
505,He that bringeth a present findeth the door open.,1,1,1.3,Europe (general),{'Europe (general)': 'He that bringeth a present findeth the door open'},1,Other
514,"Be swift to hear, slow to speak.",1,1,1.3,Global type (Kuusi),"{'Global type (Kuusi)': 'Be swift to hear, slow to speak'}",1,Prudence / Risk & Uncertainty
515,Set a beggar on horseback and he'll ride to the devil.,1,1,1.3,Europe (general),"{'Europe (general)': ""Set a beggar on horseback and he'll ride to the devil""}",1,Other
517,Better the devil you know than the devil you don't.,1,1,1.3,Europe (general),"{'Europe (general)': ""Better the devil you know than the devil you don't""}",1,Other
518,"If the head is sick, then the whole body is sick.",1,1,1.3,Europe (general),"{'Europe (general)': 'When the head is sick, the whole body is sick'}",1,Other
519,Better spare at the brim than at the bottom.,1,1,1.3,Europe (general),{'Europe (general)': 'Better spare at the brim than at the bottom'},1,Other
523,You give the wolf the wether to keep.,1,1,1.3,Global type (Kuusi),{'Global type (Kuusi)': 'You give the wolf the wether to keep'},1,Trust / Honesty / Deception
529,He that steals honey schould beware of the sting.,1,1,1.3,Global type (Kuusi),{'Global type (Kuusi)': 'He that steals honey schould beware of the sting'},1,Prudence / Risk & Uncertainty
530,"Laws are like cobwebs which may catch flies, but let wasps and hornets through.",1,1,1.3,Europe (general),"{'Europe (general)': 'Laws are like cobwebs which may catch flies, but let wasps and hornets through'}",1,Trust / Honesty / Deception
534,The fish is killed by its mouth.,1,1,1.3,Global type (Kuusi),{'Global type (Kuusi)': 'The fish is killed by its mouth'},1,Other
535,Love should not be all on one side.,1,1,1.3,Global type (Kuusi),{'Global type (Kuusi)': 'Love should not be all on one side'},1,Other
536,Pain is felt by its owner.,1,1,1.3,Global type (Kuusi),{'Global type (Kuusi)': 'Pain is felt by its owner'},1,Other
537,Between two stools is the fall.,1,1,1.3,Global type (Kuusi),{'Global type (Kuusi)': 'Between two stools is the fall'},1,Other
539,The Moor has done his duty let him go.,1,1,1.3,Global type (Kuusi),{'Global type (Kuusi)': 'The Moor has done his duty let him go'},1,Other
542,Everyone thinks his own fart smells sweet.,1,1,1.3,Global type (Kuusi),{'Global type (Kuusi)': 'Everyone thinks his own fart smells sweet'},1,Other
544,"If it should rain porridge, then he would want his dish.",1,1,1.3,Global type (Kuusi),"{'Global type (Kuusi)': 'If it should rain porridge, he would want his dish'}",1,Other
545,"As enough, and you may lower the price as you list.",1,1,1.3,Older Asiatic cultures (Kuusi),"{'Older Asiatic cultures (Kuusi)': 'As enough, and you may lower the price as you list'}",1,Other
548,Easier said than done.,1,1,1.3,Global type (Kuusi),{'Global type (Kuusi)': 'Easier said than done'},1,Other
549,Frightening of a bird is not the way to catch it.,1,1,1.3,Europe (general),{'Europe (general)': 'Frightening of a bird is not the way to catch it'},1,Other
553,He covers me with his wings and bites me with his bill.,1,1,1.3,Islamic cultures,{'Islamic cultures': 'He covers me with his wings and bites me with his bill'},1,Other
559,Jest not with the eye nor religion.,1,1,1.3,Europe (general),{'Europe (general)': 'Jest not with the eye nor religion'},1,Other
560,Iron sharpen iron.,1,1,1.3,Europe (general),{'Europe (general)': 'Iron sharpen iron'},1,Other
565,A curst dog must be tied short.,1,1,1.3,Western Europe and the Americas,{'Western Europe and the Americas': 'A curst dog must be tied short'},1,Other
566,"The older the goose, the harder to pluck.",1,1,1.3,Europe (general),"{'Europe (general)': 'The older the goose, the harder to pluck'}",1,Fate / Fortune / Opportunity
571,Avoid cut off your nose to spite your face.,1,1,1.3,Western Europe and the Americas,{'Western Europe and the Americas': 'Do not cut off your nose to spite your face'},1,Prudence / Risk & Uncertainty
574,What is told in the ear of a man is often heard a hundred miles away.,1,1,1.3,Global type (Kuusi),{'Global type (Kuusi)': 'What is told in the ear of a man is often heard a hundred miles away'},1,Other
576,The new love oft chaseth out the old.,1,1,1.3,Europe (general),{'Europe (general)': 'The new love oft chaseth out the old'},1,Other
585,Learned fools are the greatest fools.,1,1,1.3,Western Europe and the Americas,{'Western Europe and the Americas': 'Learned fools are the greatest fools'},1,Knowledge / Speech / Silence
590,Wise fear begets care.,1,1,1.3,Global type (Kuusi),{'Global type (Kuusi)': 'Wise fear begets care'},1,Other
595,Avoid go between the tree and the bark.,1,1,1.3,Global type (Kuusi),"{'Global type (Kuusi)': ""Don't go between the tree and the bark""}",1,Prudence / Risk & Uncertainty
596,Love is full of fear.,1,1,1.3,Europe (general),{'Europe (general)': 'Love is full of fear'},1,Other
597,Nightingales will not sing in a cage.,1,1,1.3,Europe (general),{'Europe (general)': 'Nightingales will not sing in a cage'},1,Other
599,Envy never dies.,1,1,1.3,Europe (general),{'Europe (general)': 'Envy never dies'},1,Prudence / Risk & Uncertainty
600,He falls himself that digs another's pit.,1,1,1.3,Global type (Kuusi),"{'Global type (Kuusi)': ""He falls himself that digs another's pit""}",1,Other
601,"Geese with geese, and women with women.",1,1,1.3,Global type (Kuusi),"{'Global type (Kuusi)': 'Geese with geese, and women with women'}",1,Other
603,It is as good to be in the dark as without light.,1,1,1.3,Global type (Kuusi),{'Global type (Kuusi)': 'It is as good to be in the dark as without light'},1,Other
610,Shoemakers' wives are worst shod.,1,1,1.3,Global type (Kuusi),"{'Global type (Kuusi)': ""Shoemakers' wives are worst shod""}",1,Other
611,No man can serve two masters.,1,1,1.3,Global type (Kuusi),{'Global type (Kuusi)': 'No man can serve two masters'},1,Other
614,"What the good-wife spares, the cat eats.",1,1,1.3,Global type (Kuusi),"{'Global type (Kuusi)': 'What the good-wife spares, the cat eats'}",1,Other
615,"Fast bind, safe bind.",1,1,1.3,Europe (general),"{'Europe (general)': 'Fast bind, safe bind'}",1,Other
616,"Speech is silver, silence is gold.",1,1,1.3,Global type (Kuusi),"{'Global type (Kuusi)': 'Speech is silver, silence is gold'}",1,Knowledge / Speech / Silence
617,He who is on horseback will not spare his own father alive.,1,1,1.3,Global type (Kuusi),{'Global type (Kuusi)': 'He who is on horseback will not spare his own father alive'},1,Family / Kinship / Obligation
620,A little pot is soon hot.,1,1,1.3,Europe (general),{'Europe (general)': 'A little pot is soon hot'},1,Other
628,A rolling stone gathers no moss.,1,1,1.3,Global type (Kuusi),{'Global type (Kuusi)': 'A rolling stone gathers no moss'},1,Other
629,Friends scatter as soon as they have drained our wine-jar.,1,1,1.3,Global type (Kuusi),{'Global type (Kuusi)': 'Friends scatter as soon as they have drained our wine-jar'},1,Cooperation / Social Support
633,Failure teaches success.,1,1,1.3,Global type (Kuusi),{'Global type (Kuusi)': 'Failure teaches success'},1,Other
636,"Kings may love treason, but the traitor hate.",1,1,1.3,Europe (general),"{'Europe (general)': 'Kings may love treason, but the traitor hate'}",1,Family / Kinship / Obligation
637,Still waters run deep.,1,1,1.3,Global type (Kuusi),{'Global type (Kuusi)': 'Still waters run deep'},1,Other
639,Hunger makes hard beans sweet.,1,1,1.3,Global type (Kuusi),{'Global type (Kuusi)': 'Hunger makes hard beans sweet'},1,Other
642,Better A good friend than a near relation.,1,1,1.3,Global type (Kuusi),{'Global type (Kuusi)': 'A good friend is better than a near relation'},1,Cooperation / Social Support
649,Honour the tree that gives you shelter.,1,1,1.3,Global type (Kuusi),{'Global type (Kuusi)': 'Honour the tree that gives you shelter'},1,Family / Kinship / Obligation
653,Every bird must hatch its own eggs.,1,1,1.3,Global type (Kuusi),{'Global type (Kuusi)': 'Every bird must hatch its own eggs'},1,Other
655,Better have a bad ass than be your own ass.,1,1,1.3,Europe (general),{'Europe (general)': 'Better have a bad ass than to be your own ass'},1,Other
657,One eyewitness is worth ten earwitnesses.,1,1,1.3,Global type (Kuusi),{'Global type (Kuusi)': 'One eyewitness is worth ten earwitnesses'},1,Other
659,A fair wife and a frontier castle breed quarrels.,1,1,1.3,Europe (general),{'Europe (general)': 'A fair wife and a frontier castle breed quarrels'},1,Other
660,Confession is the first step to repentance.,1,1,1.3,Global type (Kuusi),{'Global type (Kuusi)': 'Confession is the first step to repentance'},1,Other
663,It is a good doctor who follows his own advice.,1,1,1.3,Global type (Kuusi),{'Global type (Kuusi)': 'It is a good doctor who follows his own advice'},1,Other
665,When the cat is away the mice play.,1,1,1.3,Global type (Kuusi),{'Global type (Kuusi)': 'When the cat is away the mice play'},1,Other
667,"Much coin, much care.",1,1,1.3,Europe (general),"{'Europe (general)': 'Much coin, much care'}",1,Other
671,To dance to a person's pipe.,1,1,1.3,Global type (Kuusi),"{'Global type (Kuusi)': ""To dance to a person's pipe""}",1,Family / Kinship / Obligation
682,Walls have ears.,1,1,1.3,Global type (Kuusi),{'Global type (Kuusi)': 'Walls have ears'},1,Other
683,Avoid hit a man when he is down.,1,1,1.3,Global type (Kuusi),"{'Global type (Kuusi)': ""Don't hit a man when he is down""}",1,Prudence / Risk & Uncertainty
686,"If the fox preaches, then take care of your geese.",1,1,1.3,Europe (general),"{'Europe (general)': 'When the fox preaches, take care of your geese'}",1,Trust / Honesty / Deception
687,Proverbs are the wisdom of the streets.,1,1,1.3,Europe (general),{'Europe (general)': 'Proverbs are the wisdom of the streets'},1,Family / Kinship / Obligation
693,Better be first in a village than second at Rome.,1,1,1.3,Europe (general),{'Europe (general)': 'Better be first in a village than second at Rome'},1,Other
694,The hare always returns to her form.,1,1,1.3,Europe (general),{'Europe (general)': 'The hare always returns to her form'},1,Other
696,Good laws proceed from bad manners.,1,1,1.3,Europe (general),{'Europe (general)': 'Good laws proceed from bad manners'},1,Other
699,Many do kiss the hand they wish to see cut off.,1,1,1.3,Global type (Kuusi),{'Global type (Kuusi)': 'Many do kiss the hand they wish to see cut off'},1,Other
703,A good shepherd shears his sheep and does not skin them.,1,1,1.3,Europe (general),{'Europe (general)': 'A good shepherd shears his sheep and does not skin them'},1,Family / Kinship / Obligation
705,Take a man by his word and a cow by her horn.,1,1,1.3,Global type (Kuusi),{'Global type (Kuusi)': 'Take a man by his word and a cow by her horn'},1,Knowledge / Speech / Silence
708,Better trust in God than in his saints.,1,1,1.3,Europe (general),{'Europe (general)': 'Better to trust in God than in his saints'},1,Trust / Honesty / Deception
716,Between friends all is common.,1,1,1.3,Global type (Kuusi),{'Global type (Kuusi)': 'Between friends all is common'},1,Cooperation / Social Support
719,Better slip with foot than with tongue.,1,1,1.3,Global type (Kuusi),{'Global type (Kuusi)': 'Better slip with foot than with tongue'},1,Knowledge / Speech / Silence
720,The common horse is worst shod.,1,1,1.3,Europe (general),{'Europe (general)': 'The common horse is worst shod'},1,Other
721,Avoid let sunset find you still nursing your anger.,1,1,1.3,Europe (general),{'Europe (general)': 'Do not let sunset find you still nursing your anger'},1,Prudence / Risk & Uncertainty
733,A king's favour is no inheritance.,1,1,1.3,Europe (general),"{'Europe (general)': ""A king's favour is no inheritance""}",1,Family / Kinship / Obligation
738,He that knows nothing doubts nothing.,1,1,1.3,Europe (general),{'Europe (general)': 'He that knows nothing doubts nothing'},1,Other
739,Every cock sings in his own manner.,1,1,1.3,Global type (Kuusi),{'Global type (Kuusi)': 'Every cock sings in his own manner'},1,Other
740,Keep your mouth shut and your eyes open.,1,1,1.3,Global type (Kuusi),{'Global type (Kuusi)': 'Keep your mouth shut and your eyes open'},1,Other
742,"If baby doesn't cry, then mother doesn't know what baby wants.",1,1,1.3,Global type (Kuusi),"{'Global type (Kuusi)': ""If baby doesn't cry, mother doesn't know what baby wants""}",1,Family / Kinship / Obligation
743,He that marries for wealth does sell his liberty.,1,1,1.3,Europe (general),{'Europe (general)': 'He that marries for wealth does sell his liberty'},1,Other
744,One beggar grieves that another goes by the gate.,1,1,1.3,Global type (Kuusi),{'Global type (Kuusi)': 'One beggar grieves that another goes by the gate'},1,Other
748,There are more foolish byers than foolish sellers.,1,1,1.3,Western Europe and the Americas,{'Western Europe and the Americas': 'There are more foolish byers than foolish sellers'},1,Other
749,Money is the only monarch.,1,1,1.3,Europe (general),{'Europe (general)': 'Money is the only monarch'},1,Other
762,"Plato is a friend, but a greater friend is truth.",1,1,1.3,Eastern Europe,"{'Eastern Europe': 'Plato is a friend, but a greater friend is truth'}",1,Cooperation / Social Support
768,Better Dry bread at home than roast meat abroad.,1,1,1.3,Global type (Kuusi),{'Global type (Kuusi)': 'Dry bread at home is better than roast meat abroad'},1,Family / Kinship / Obligation
778,Better Liberty than gold.,1,1,1.3,Western Europe and the Americas,{'Western Europe and the Americas': 'Liberty is better than gold'},1,Other
786,First things first.,1,1,1.3,Eastern Europe,{'Eastern Europe': 'First things first'},1,Other
793,Better be the head of a dog than the tail of a lion.,1,1,1.3,Global type (Kuusi),{'Global type (Kuusi)': 'Better be the head of a dog than the tail of a lion'},1,Other
801,There is a remedy for everything but death.,1,1,1.3,Global type (Kuusi),{'Global type (Kuusi)': 'There is a remedy for everything but death'},1,Other
802,A house without woman and firelight is like a body without soul or sprite (B.Franklin).,1,1,1.3,Global type (Kuusi),{'Global type (Kuusi)': 'A house without woman and firelight is like a body without soul or sprite (B.Franklin)'},1,Family / Kinship / Obligation
807,An evening red and a morning grey are sure signs of a fair day.,1,1,1.3,Finnish and Baltic Sea cultures,{'Finnish and Baltic Sea cultures': 'An evening red and a morning grey are sure signs of a fair day'},1,Other
810,An apple a day keeps the doctor away.,1,1,1.3,Western Europe and the Americas,{'Western Europe and the Americas': 'An apple a day keeps the doctor away'},1,Family / Kinship / Obligation
811,Evil comes to us by ells and goes away by inches.,1,1,1.3,Europe (general),{'Europe (general)': 'Evil comes to us by ells and goes away by inches'},1,Other
818,A friend in need is a friend indeed.,1,1,1.3,Global type (Kuusi),{'Global type (Kuusi)': 'A friend in need is a friend indeed'},1,Cooperation / Social Support
820,Birds of a feather flock together.,1,1,1.3,Global type (Kuusi),{'Global type (Kuusi)': 'Birds of a feather flock together'},1,Cooperation / Social Support
821,The prince that is feared of many must fear many.,1,1,1.3,Europe (general),{'Europe (general)': 'The prince that is feared of many must fear many'},1,Other
833,Union is strenght.,1,1,1.3,Global type (Kuusi),{'Global type (Kuusi)': 'Union is strenght'},1,Cooperation / Social Support
834,To lose a goose and get a feather.,1,1,1.3,Older Asiatic cultures (Kuusi),{'Older Asiatic cultures (Kuusi)': 'To lose a goose and get a feather'},1,Other
835,Everyone knows best where the shoe pinches.,1,1,1.3,Global type (Kuusi),{'Global type (Kuusi)': 'Everyone knows best where the shoe pinches'},1,Other
836,Give not counsel or salt till you are asked.,1,1,1.3,Europe (general),{'Europe (general)': 'Give not counsel or salt till you are asked'},1,Other
840,The day will dawn even without the rooster.,1,1,1.3,Global type (Kuusi),{'Global type (Kuusi)': 'The day will dawn even without the rooster'},1,Other
844,The chain is no stronger than its weakest link.,1,1,1.3,Europe (general),{'Europe (general)': 'The chain is no stronger than its weakest link'},1,Other
848,"Marry your son when you will, but your daughter, when you can.",1,1,1.3,Europe (general),"{'Europe (general)': 'Marry your son when you will, but your daughter, when you can'}",1,Family / Kinship / Obligation
849,Two of a trade never agree.,1,1,1.3,Europe (general),{'Europe (general)': 'Two of a trade never agree'},1,Prudence / Risk & Uncertainty
851,"Man proposes, God disposes.",1,1,1.3,Global type (Kuusi),"{'Global type (Kuusi)': 'Man proposes, God disposes'}",1,Other
852,It's no use pumping a dry well.,1,1,1.3,Global type (Kuusi),"{'Global type (Kuusi)': ""It's no use pumping a dry well""}",1,Other
853,Hunger drives the wolf out of the woods.,1,1,1.3,Global type (Kuusi),{'Global type (Kuusi)': 'Hunger drives the wolf out of the woods'},1,Trust / Honesty / Deception
854,"The spirit is willing, but the flesh is weak.",1,1,1.3,Western Europe and the Americas,"{'Western Europe and the Americas': 'The spirit is willing, but the flesh is weak'}",1,Other
860,"Where the carcass is, the ravens will gather.",1,1,1.3,Global type (Kuusi),"{'Global type (Kuusi)': 'Where the carcass is, the ravens will gather'}",1,Other
863,A leopard cannot change his spots.,1,1,1.3,Global type (Kuusi),{'Global type (Kuusi)': 'A leopard cannot change his spots'},1,Other
865,A bird in the hand is worth two in the bush.,1,1,1.3,Global type (Kuusi),{'Global type (Kuusi)': 'A bird in the hand is worth two in the bush'},1,Other
866,Not even Hercules could contend against two.,1,1,1.3,Global type (Kuusi),{'Global type (Kuusi)': 'Not even Hercules could contend against two'},1,Other
867,Avoid is a long term.,1,1,1.3,Western Europe and the Americas,{'Western Europe and the Americas': 'Never is a long term'},1,Prudence / Risk & Uncertainty
868,It is hard for an empty bag to stand upright.,1,1,1.3,Global type (Kuusi),{'Global type (Kuusi)': 'It is hard for an empty bag to stand upright'},1,Other
871,Better lose much than lose more.,1,1,1.3,Europe (general),{'Europe (general)': 'Better lose much than lose more'},1,Other
873,Jest with an ass and he will flap you in the face with his tail.,1,1,1.3,Global type (Kuusi),{'Global type (Kuusi)': 'Jest with an ass and he will flap you in the face with his tail'},1,Other
879,Tall oaks from little acorns grow.,1,1,1.3,Global type (Kuusi),{'Global type (Kuusi)': 'Tall oaks from little acorns grow'},1,Other
880,That which is evil is soon learnt.,1,1,1.3,Europe (general),{'Europe (general)': 'That which is evil is soon learnt'},1,Knowledge / Speech / Silence
886,Knavery may serve a turn but honesty never fails.,1,1,1.3,Global type (Kuusi),{'Global type (Kuusi)': 'Knavery may serve a turn but honesty never fails'},1,Prudence / Risk & Uncertainty
890,The exception proves the rule.,1,1,1.3,Europe (general),{'Europe (general)': 'The exception proves the rule'},1,Other
895,There's many a good tune played on an old fiddle.,1,1,1.3,Europe (general),"{'Europe (general)': ""There's many a good tune played on an old fiddle""}",1,Other
896,My clock strikes once only.,1,1,1.3,Global type (Kuusi),{'Global type (Kuusi)': 'My clock strikes once only'},1,Other
898,Dead men tell no tales.,1,1,1.3,Global type (Kuusi),{'Global type (Kuusi)': 'Dead men tell no tales'},1,Other
901,Jupiter laughs at the perjuries of lovers.,1,1,1.3,Europe (general),{'Europe (general)': 'Jupiter laughs at the perjuries of lovers'},1,Other
902,Avoid teach your grandmother to suck eggs.,1,1,1.3,Global type (Kuusi),"{'Global type (Kuusi)': ""Don't teach your grandmother to suck eggs""}",1,Prudence / Risk & Uncertainty
906,To pull the nuts from the fire with the dog's foot.,1,1,1.3,Global type (Kuusi),"{'Global type (Kuusi)': ""To pull the nuts from the fire with the dog's foot""}",1,Other
908,"April weather, rain and sunshine both together.",1,1,1.3,Older Asiatic cultures (Kuusi),"{'Older Asiatic cultures (Kuusi)': 'April weather, rain and sunshine both together'}",1,Cooperation / Social Support
910,Every mother thinks her own gosling a swan.,1,1,1.3,Global type (Kuusi),{'Global type (Kuusi)': 'Every mother thinks her own gosling a swan'},1,Family / Kinship / Obligation
911,He who lives long knows what pain is.,1,1,1.3,Global type (Kuusi),{'Global type (Kuusi)': 'He who lives long knows what pain is'},1,Other
920,Kit after kind.,1,1,1.3,Global type (Kuusi),{'Global type (Kuusi)': 'Kit after kind'},1,Family / Kinship / Obligation
921,Tit for tat.,1,1,1.3,Global type (Kuusi),{'Global type (Kuusi)': 'Tit for tat'},1,Other
922,The wrath of brothers is fierce and devilish.,1,1,1.3,Europe (general),{'Europe (general)': 'The wrath of brothers is fierce and devilish'},1,Other
933,Mischiefs come by the pound but go away by ounces.,1,1,1.3,Global type (Kuusi),{'Global type (Kuusi)': 'Mischiefs come by the pound but go away by ounces'},1,Other
935,April snow breeds grass.,1,1,1.3,Europe (general),{'Europe (general)': 'April snow breeds grass'},1,Other
936,"Who marries does well, who marries not does better.",1,1,1.3,Europe (general),"{'Europe (general)': 'Who marries does well, who marries not does better'}",1,Other
940,A burden of one's own choice is not felt.,1,1,1.3,Global type (Kuusi),"{'Global type (Kuusi)': ""A burden of one's own choice is not felt""}",1,Other
944,Long jesting was never good.,1,1,1.3,Global type (Kuusi),{'Global type (Kuusi)': 'Long jesting was never good'},1,Prudence / Risk & Uncertainty
946,To bite off more than one can chew.,1,1,1.3,Global type (Kuusi),{'Global type (Kuusi)': 'To bite off more than one can chew'},1,Other
950,Honour follows him who flees from it.,1,1,1.3,Western Europe and the Americas,{'Western Europe and the Americas': 'Honour follows him who flees from it'},1,Other
952,For every Jack there is somewhere a Jill.,1,1,1.3,Global type (Kuusi),{'Global type (Kuusi)': 'For every Jack there is somewhere a Jill'},1,Other
953,Comparisons are odious.,1,1,1.3,Europe (general),{'Europe (general)': 'Comparisons are odious'},1,Family / Kinship / Obligation
955,With foxes you must play the fox.,1,1,1.3,Europe (general),{'Europe (general)': 'With foxes you must play the fox'},1,Trust / Honesty / Deception
956,"See all, say nothing, hold yourself content.",1,1,1.3,Western Europe and the Americas,"{'Western Europe and the Americas': 'See all, say nothing, hold yourself content'}",1,Other
959,He that lies down with dogs must rise up with fleas.,1,1,1.3,Global type (Kuusi),{'Global type (Kuusi)': 'He that lies down with dogs must rise up with fleas'},1,Trust / Honesty / Deception
961,"Sow thin, shear thin.",1,1,1.3,Western Europe and the Americas,"{'Western Europe and the Americas': 'Sow thin, shear thin'}",1,Other
962,You cannot make velvet of a sows ear.,1,1,1.3,Global type (Kuusi),{'Global type (Kuusi)': 'You cannot make velvet of a sows ear'},1,Other
963,It's no use crying over spilt milk.,1,1,1.3,Global type (Kuusi),"{'Global type (Kuusi)': ""It's no use crying over spilt milk""}",1,Other
968,"If love cools, then our faults are seen.",1,1,1.3,Europe (general),"{'Europe (general)': 'When love cools, our faults are seen'}",1,Other
971,"Good riding at two anchors, men have told, for if the one fails, the other may hold.",1,1,1.3,Europe (general),"{'Europe (general)': 'Good riding at two anchors, men have told, for if the one fails, the other may hold'}",1,Other
973,Many are called but few are chosen.,1,1,1.3,Europe (general),{'Europe (general)': 'Many are called but few are chosen'},1,Other
975,"If the sky falls, then we shall catch larks.",1,1,1.3,Europe (general),"{'Europe (general)': 'If the sky falls, we shall catch larks'}",1,Other
978,"Fields require three things: a fair weather, sound seed and good husbandman.",1,1,1.3,Europe (general),"{'Europe (general)': 'Fields require three things: a fair weather, sound seed and good husbandman'}",1,Other
980,Catch the bear before you sell the skin.,1,1,1.3,Global type (Kuusi),{'Global type (Kuusi)': 'Catch the bear before you sell the skin'},1,Family / Kinship / Obligation
983,Large streams from little fountains flow.,1,1,1.3,Global type (Kuusi),{'Global type (Kuusi)': 'Large streams from little fountains flow'},1,Other
986,"Physicians' faults are covered with earth, and rich men's with money.",1,1,1.3,Europe (general),"{'Europe (general)': ""Physicians' faults are covered with earth, and rich men's with money""}",1,Other
987,Every miller is ready to convey water to his own mill.,1,1,1.3,Global type (Kuusi),{'Global type (Kuusi)': 'Every miller is ready to convey water to his own mill'},1,Other
989,He that sows the wind will reap the whirlwind.,1,1,1.3,Global type (Kuusi),{'Global type (Kuusi)': 'He that sows the wind will reap the whirlwind'},1,Other
992,"One sows, another mows.",1,1,1.3,Europe (general),"{'Europe (general)': 'One sows, another mows'}",1,Other
994,God heals and the doctor takes the fee.,1,1,1.3,Europe (general),{'Europe (general)': 'God heals and the doctor takes the fee'},1,Other
996,The best horse stumbles.,1,1,1.3,Global type (Kuusi),{'Global type (Kuusi)': 'The best horse stumbles'},1,Other
997,A joke never gains an enemy but often loses a friend.,1,1,1.3,Western Europe and the Americas,{'Western Europe and the Americas': 'A joke never gains an enemy but often loses a friend'},1,Cooperation / Social Support
998,He jests at scars that never felt a wound.,1,1,1.3,Global type (Kuusi),{'Global type (Kuusi)': 'He jests at scars that never felt a wound'},1,Prudence / Risk & Uncertainty
1000,Every hair casts its shadow.,1,1,1.3,Europe (general),{'Europe (general)': 'Every hair casts its shadow'},1,Other
1001,His name will live forever.,1,1,1.3,Global type (Kuusi),{'Global type (Kuusi)': 'His name will live forever'},1,Other
1003,Nature draws more than ten oxen.,1,1,1.3,Europe (general),{'Europe (general)': 'Nature draws more than ten oxen'},1,Other
1006,To warm a snake in your bosom.,1,1,1.3,Global type (Kuusi),{'Global type (Kuusi)': 'To warm a snake in your bosom'},1,Other
1009,A drowning man plucks at a straw.,1,1,1.3,Global type (Kuusi),{'Global type (Kuusi)': 'A drowning man plucks at a straw'},1,Fate / Fortune / Opportunity
1012,What you can do alone by yourself expect not from another.,1,1,1.3,Europe (general),{'Europe (general)': 'What you can do alone by yourself expect not from another'},1,Other
1020,A handsome hostess is bad for the purse.,1,1,1.3,Western Europe and the Americas,{'Western Europe and the Americas': 'A handsome hostess is bad for the purse'},1,Other
1023,I gran dolori sono muti.,1,1,1.3,Europe (general),{'Europe (general)': 'I gran dolori sono muti'},1,Family / Kinship / Obligation
1031,Every ape thinks her puppie the fairest.,1,1,1.3,Global type (Kuusi),{'Global type (Kuusi)': 'Every ape thinks her puppie the fairest'},1,Other
1034,"If in Rome, then do as the Romans do.",1,1,1.3,Global type (Kuusi),"{'Global type (Kuusi)': 'When in Rome, do as the Romans do'}",1,Other
1035,Sorrows remembered sweeten present joy.,1,1,1.3,Europe (general),{'Europe (general)': 'Sorrows remembered sweeten present joy'},1,Other
1038,Greediness bursts the bag.,1,1,1.3,Europe (general),{'Europe (general)': 'Greediness bursts the bag'},1,Other
1045,Fair words and foul deeds.,1,1,1.3,Europe (general),{'Europe (general)': 'Fair words and foul deeds'},1,Knowledge / Speech / Silence
1056,An old man is not to be laughed at.,1,1,1.3,Global type (Kuusi),{'Global type (Kuusi)': 'An old man is not to be laughed at'},1,Other
1060,"The higher the ape goes, the more he shows his tail.",1,1,1.3,Western Europe and the Americas,"{'Western Europe and the Americas': 'The higher the ape goes, the more he shows his tail'}",1,Other
1062,A fool's tongue runs before his wit.,1,1,1.3,Global type (Kuusi),"{'Global type (Kuusi)': ""A fool's tongue runs before his wit""}",1,Knowledge / Speech / Silence
1064,A pot oft sent to the well is broken at last.,1,1,1.3,Global type (Kuusi),{'Global type (Kuusi)': 'A pot oft sent to the well is broken at last'},1,Other
1065,The things passed off like water from a duck's back.,1,1,1.3,Global type (Kuusi),"{'Global type (Kuusi)': ""The things passed off like water from a duck's back""}",1,Other
1069,Good words fill no sack.,1,1,1.3,Global type (Kuusi),{'Global type (Kuusi)': 'Good words fill no sack'},1,Knowledge / Speech / Silence
1072,"Evil gotten, evil spent.",1,1,1.3,Global type (Kuusi),"{'Global type (Kuusi)': 'Evil gotten, evil spent'}",1,Other
1079,Lawmakers should not be lawbreakers.,1,1,1.3,Europe (general),{'Europe (general)': 'Lawmakers should not be lawbreakers'},1,Other
1081,The beauty is only a skin deep (...but a skin deep; within is filth an putrefaction).,1,1,1.3,Global type (Kuusi),{'Global type (Kuusi)': 'The beauty is only a skin deep (...but a skin deep; within is filth an putrefaction)'},1,Family / Kinship / Obligation
1083,A man's enemies are they of his own household Bib:Math.10:36.,1,1,1.3,Global type (Kuusi),"{'Global type (Kuusi)': ""A man's enemies are they of his own household Bib:Math.10:36""}",1,Family / Kinship / Obligation
1084,The eye of the master will do more work than both his hands.,1,1,1.3,Global type (Kuusi),{'Global type (Kuusi)': 'The eye of the master will do more work than both his hands'},1,Effort / Time / Persistence
1089,Many kiss the child for the nurse's sake.,1,1,1.3,Global type (Kuusi),"{'Global type (Kuusi)': ""Many kiss the child for the nurse's sake""}",1,Family / Kinship / Obligation
1091,Once you have put your hand to the plough there is no turning back.,1,1,1.3,Europe (general),{'Europe (general)': 'Once you have put your hand to the plough there is no turning back'},1,Other
1101,Beauty opens all doors.,1,1,1.3,Global type (Kuusi),{'Global type (Kuusi)': 'Beauty opens all doors'},1,Other
1104,He cannot speak well who cannot hold his tongue.,1,1,1.3,Europe (general),{'Europe (general)': 'He cannot speak well who cannot hold his tongue'},1,Knowledge / Speech / Silence
1106,Every heart has his own ache.,1,1,1.3,Global type (Kuusi),{'Global type (Kuusi)': 'Every heart has his own ache'},1,Other
1114,All that glitters is not gold.,1,1,1.3,Global type (Kuusi),{'Global type (Kuusi)': 'All that glitters is not gold'},1,Other
1117,Contraries are cured by contraries.,1,1,1.3,Europe (general),{'Europe (general)': 'Contraries are cured by contraries'},1,Other
1126,Beware of a silent dog and still water.,1,1,1.3,Global type (Kuusi),{'Global type (Kuusi)': 'Beware of a silent dog and still water'},1,Prudence / Risk & Uncertainty
1132,Keep smiling.,1,1,1.3,Europe (general),{'Europe (general)': 'Keep smiling'},1,Other
1133,"The greater the tree, the harder the fall.",1,1,1.3,Europe (general),"{'Europe (general)': 'The greater the tree, the harder the fall'}",1,Family / Kinship / Obligation
1136,Good folks do not marry in May.,1,1,1.3,Europe (general),{'Europe (general)': 'Good folks do not marry in May'},1,Other
1137,What is sauce for the goose is sauce for the gander.,1,1,1.3,Global type (Kuusi),{'Global type (Kuusi)': 'What is sauce for the goose is sauce for the gander'},1,Other
1138,What a man desires he easily believes.,1,1,1.3,Europe (general),{'Europe (general)': 'What a man desires he easily believes'},1,Trust / Honesty / Deception
1146,"Three things drive a man out of his house: smoke,rain and a scolding wife.",1,1,1.3,Global type (Kuusi),"{'Global type (Kuusi)': 'Three things drive a man out of his house: smoke,rain and a scolding wife'}",1,Family / Kinship / Obligation
1150,Among evils choose the least.,1,1,1.3,Europe (general),{'Europe (general)': 'Among evils choose the least'},1,Other
1158,A rainbow in the morning is the shepherd's warning; a rainbow at night is the shepherd's delight.,1,1,1.3,Older Asiatic cultures (Kuusi),"{'Older Asiatic cultures (Kuusi)': ""A rainbow in the morning is the shepherd's warning; a rainbow at night is the shepherd's delight""}",1,Other
1168,It happens in an hour that happens not in seven years.,1,1,1.3,Europe (general),{'Europe (general)': 'It happens in an hour that happens not in seven years'},1,Other
1169,"As you sow, you shall mow.",1,1,1.3,Global type (Kuusi),"{'Global type (Kuusi)': 'As you sow, you shall mow'}",1,Other
1170,The apple doesn't roll far from the apple tree.,1,1,1.3,Global type (Kuusi),"{'Global type (Kuusi)': ""The apple doesn't roll far from the apple tree""}",1,Family / Kinship / Obligation
1178,"The fox seldom preys near home, nor does Satan meddle with his own.",1,1,1.3,Islamic cultures,"{'Islamic cultures': 'The fox seldom preys near home, nor does Satan meddle with his own'}",1,Trust / Honesty / Deception
1182,Empty barrels make the most noise.,1,1,1.3,Global type (Kuusi),{'Global type (Kuusi)': 'Empty barrels make the most noise'},1,Other
1184,The absent party is always to blame.,1,1,1.3,Europe (general),{'Europe (general)': 'The absent party is always to blame'},1,Other
1189,"He that serves a community is controlled by everyone, rewarded by none.",1,1,1.3,Europe (general),"{'Europe (general)': 'He that serves a community is controlled by everyone, rewarded by none'}",1,Cooperation / Social Support
1192,Fortune favors fools.,1,1,1.3,Europe (general),{'Europe (general)': 'Fortune favors fools'},1,Fate / Fortune / Opportunity
1196,No man is an island.,1,1,1.3,Western Europe and the Americas,{'Western Europe and the Americas': 'No man is an island'},1,Other
1199,Every horse thinks his own pack heaviest.,1,1,1.3,Europe (general),{'Europe (general)': 'Every horse thinks his own pack heaviest'},1,Other
1200,The best cloth may have a moth in it.,1,1,1.3,Global type (Kuusi),{'Global type (Kuusi)': 'The best cloth may have a moth in it'},1,Other
1201,"Short pleasure, long pains.",1,1,1.3,Older Asiatic cultures (Kuusi),"{'Older Asiatic cultures (Kuusi)': 'Short pleasure, long pains'}",1,Other
1205,The last drop makes the cup run over.,1,1,1.3,Europe (general),{'Europe (general)': 'The last drop makes the cup run over'},1,Other
1207,A little more breaks the horse's back.,1,1,1.3,Global type (Kuusi),"{'Global type (Kuusi)': ""A little more breaks the horse's back""}",1,Other
1210,Bitter pills may have sweet effects.,1,1,1.3,Global type (Kuusi),{'Global type (Kuusi)': 'Bitter pills may have sweet effects'},1,Other
1215,There is but one step from the sublime to the ridiculous.,1,1,1.3,Europe (general),{'Europe (general)': 'There is but one step from the sublime to the ridiculous'},1,Other
1219,Men worship the rising not the setting sun.,1,1,1.3,Europe (general),{'Europe (general)': 'Men worship the rising not the setting sun'},1,Other
1223,An ass is beautiful to an ass and a pig to a pig.,1,1,1.3,Europe (general),{'Europe (general)': 'An ass is beautiful to an ass and a pig to a pig'},1,Other
1226,Any port in a storm.,1,1,1.3,Europe (general),{'Europe (general)': 'Any port in a storm'},1,Other
1243,Great minds think alike.,1,1,1.3,Europe (general),{'Europe (general)': 'Great minds think alike'},1,Other
1245,"Take a vine of a good soil, and a daughter of a good mother.",1,1,1.3,Global type (Kuusi),"{'Global type (Kuusi)': 'Take a vine of a good soil, and a daughter of a good mother'}",1,Family / Kinship / Obligation
1251,All the keys hang not at one man's gridle.,1,1,1.3,Europe (general),"{'Europe (general)': ""All the keys hang not at one man's gridle""}",1,Other
1253,It is soon apparent which trees will bear fruit.,1,1,1.3,Global type (Kuusi),{'Global type (Kuusi)': 'It is soon apparent which trees will bear fruit'},1,Family / Kinship / Obligation
1257,Breed up a crow and he will tear out your eyes.,1,1,1.3,Europe (general),{'Europe (general)': 'Breed up a crow and he will tear out your eyes'},1,Other
1259,First try then trust.,1,1,1.3,Eastern Europe,{'Eastern Europe': 'First try then trust'},1,Trust / Honesty / Deception
1265,The wolf must die in his own skin.,1,1,1.3,Europe (general),{'Europe (general)': 'The wolf must die in his own skin'},1,Trust / Honesty / Deception
1267,To err is human.,1,1,1.3,Global type (Kuusi),{'Global type (Kuusi)': 'To err is human'},1,Other
1268,"Honey is sweet, but the bee has a sting.",1,1,1.3,Europe (general),"{'Europe (general)': 'Honey is sweet, but the bee has a sting'}",1,Other
1269,None knows the weight of another's burden.,1,1,1.3,Global type (Kuusi),"{'Global type (Kuusi)': ""None knows the weight of another's burden""}",1,Other
1273,A promise is a debt.,1,1,1.3,Global type (Kuusi),{'Global type (Kuusi)': 'A promise is a debt'},1,Other
1274,All are not friends that speak us fair.,1,1,1.3,Older Asiatic cultures (Kuusi),{'Older Asiatic cultures (Kuusi)': 'All are not friends that speak us fair'},1,Cooperation / Social Support
1286,Borrowing brings sorrowing.,1,1,1.3,Europe (general),{'Europe (general)': 'Borrowing brings sorrowing'},1,Other
1289,In wine is truth.,1,1,1.3,Global type (Kuusi),{'Global type (Kuusi)': 'In wine is truth'},1,Trust / Honesty / Deception
1290,"Praise the sea, but keep on land.",1,1,1.3,Europe (general),"{'Europe (general)': 'Praise the sea, but keep on land'}",1,Other
1300,Better be envied than pitied.,1,1,1.3,Europe (general),{'Europe (general)': 'Better be envied than pitied'},1,Other
1301,Better A little than none.,1,1,1.3,Global type (Kuusi),{'Global type (Kuusi)': 'A little is better than none'},1,Other
1303,A cock crows best on his dunghill.,1,1,1.3,Global type (Kuusi),{'Global type (Kuusi)': 'A cock crows best on his dunghill'},1,Other
1304,He is not free that draws his chain.,1,1,1.3,Western Europe and the Americas,{'Western Europe and the Americas': 'He is not free that draws his chain'},1,Other
1306,Fortune gains the bride.,1,1,1.3,Europe (general),{'Europe (general)': 'Fortune gains the bride'},1,Fate / Fortune / Opportunity
1308,One hand washes another.,1,1,1.3,Global type (Kuusi),{'Global type (Kuusi)': 'One hand washes another'},1,Other
1309,The fated will happen.,1,1,1.3,Global type (Kuusi),{'Global type (Kuusi)': 'The fated will happen'},1,Fate / Fortune / Opportunity
1315,An old ox makes a straight furrow.,1,1,1.3,Global type (Kuusi),{'Global type (Kuusi)': 'An old ox makes a straight furrow'},1,Other
1318,Remove an old tree and it will die.,1,1,1.3,Europe (general),{'Europe (general)': 'Remove an old tree and it will die'},1,Family / Kinship / Obligation
1320,They who would be young when they are old must be old when they are young.,1,1,1.3,Western Europe and the Americas,{'Western Europe and the Americas': 'They who would be young when they are old must be old when they are young'},1,Other
1323,Crime does not pay.,1,1,1.3,Europe (general),{'Europe (general)': 'Crime does not pay'},1,Other
1327,A small spark may make a great fire.,1,1,1.3,Global type (Kuusi),{'Global type (Kuusi)': 'A small spark may make a great fire'},1,Other
1329,Wine is old men's milk.,1,1,1.3,Europe (general),"{'Europe (general)': ""Wine is old men's milk""}",1,Other
1330,You can't flay the same ox twice.,1,1,1.3,Global type (Kuusi),"{'Global type (Kuusi)': ""You can't flay the same ox twice""}",1,Other
1331,Familiarity breeds contempt.,1,1,1.3,Global type (Kuusi),{'Global type (Kuusi)': 'Familiarity breeds contempt'},1,Other
1333,He would fall on his back and break his nose.,1,1,1.3,Global type (Kuusi),{'Global type (Kuusi)': 'He would fall on his back and break his nose'},1,Other
1338,Love is not complete without a quarrel.,1,1,1.3,Europe (general),{'Europe (general)': 'Love is not complete without a quarrel'},1,Other
1342,God helps those who help themselves.,1,1,1.3,Global type (Kuusi),{'Global type (Kuusi)': 'God helps those who help themselves'},1,Cooperation / Social Support
1344,Fine feathers make fine birds.,1,1,1.3,Global type (Kuusi),{'Global type (Kuusi)': 'Fine feathers make fine birds'},1,Other
1346,Better Smoke of a man's own house than the fire of another's.,1,1,1.3,Europe (general),"{'Europe (general)': ""Smoke of a man's own house is better than the fire of another's""}",1,Family / Kinship / Obligation
1357,"Ants, fighting together, will vanquish the lion.",1,1,1.3,Global type (Kuusi),"{'Global type (Kuusi)': 'Ants, fighting together, will vanquish the lion'}",1,Cooperation / Social Support
1371,"If you have no enemies, then it is a sign that fortune has forgot you.",1,1,1.3,Europe (general),"{'Europe (general)': 'If you have no enemies, it is a sign that fortune has forgot you'}",1,Fate / Fortune / Opportunity
1372,Good company is a good coach.,1,1,1.3,Europe (general),{'Europe (general)': 'Good company is a good coach'},1,Other
1373,The wolf eats counted and uncounted sheep.,1,1,1.3,Global type (Kuusi),{'Global type (Kuusi)': 'The wolf eats counted and uncounted sheep'},1,Trust / Honesty / Deception
1374,One hand will not clasp.,1,1,1.3,Global type (Kuusi),{'Global type (Kuusi)': 'One hand will not clasp'},1,Other
1375,People want to be deceived.,1,1,1.3,Europe (general),{'Europe (general)': 'People want to be deceived'},1,Other
1378,Perfect love casts out fear.,1,1,1.3,Europe (general),{'Europe (general)': 'Perfect love casts out fear'},1,Other
1379,Beat the dog before the lion.,1,1,1.3,Global type (Kuusi),{'Global type (Kuusi)': 'Beat the dog before the lion'},1,Other
1380,A woman's chief weapon is the tongue and she will not let it rust.,1,1,1.3,Europe (general),"{'Europe (general)': ""A woman's chief weapon is the tongue and she will not let it rust""}",1,Knowledge / Speech / Silence
1386,Not all truths are proper to be told.,1,1,1.3,Europe (general),{'Europe (general)': 'Not all truths are proper to be told'},1,Trust / Honesty / Deception
1389,To weep is to make less the depth of grief.,1,1,1.3,Europe (general),{'Europe (general)': 'To weep is to make less the depth of grief'},1,Other
1390,A man is known by the company he keeps.,1,1,1.3,Global type (Kuusi),{'Global type (Kuusi)': 'A man is known by the company he keeps'},1,Other
1392,Every reed will not make a pipe.,1,1,1.3,Western Europe and the Americas,{'Western Europe and the Americas': 'Every reed will not make a pipe'},1,Other
1396,A beggar's purse is bottomless.,1,1,1.3,Europe (general),"{'Europe (general)': ""A beggar's purse is bottomless""}",1,Other
1397,Avoid set the wolf to keep the sheep.,1,1,1.3,Global type (Kuusi),"{'Global type (Kuusi)': ""Don't set the wolf to keep the sheep""}",1,Prudence / Risk & Uncertainty
1398,Every man to his trade.,1,1,1.3,Global type (Kuusi),{'Global type (Kuusi)': 'Every man to his trade'},1,Other
1400,Barking dogs seldom bite.,1,1,1.3,Global type (Kuusi),{'Global type (Kuusi)': 'Barking dogs seldom bite'},1,Family / Kinship / Obligation
1405,"As you make your bed, so must you lie.",1,1,1.3,Global type (Kuusi),"{'Global type (Kuusi)': 'As you make your bed, so must you lie'}",1,Trust / Honesty / Deception
1407,"If the beard were all, then the goat might preach.",1,1,1.3,Global type (Kuusi),"{'Global type (Kuusi)': 'If the beard were all, the goat might preach'}",1,Other
1408,A good conscience is a soft pillow.,1,1,1.3,Global type (Kuusi),{'Global type (Kuusi)': 'A good conscience is a soft pillow'},1,Other
1409,Better is the enemy of good.,1,1,1.3,Europe (general),{'Europe (general)': 'Better is the enemy of good'},1,Other
1410,"Once a thief, always a thief.",1,1,1.3,Europe (general),"{'Europe (general)': 'Once a thief, always a thief'}",1,Trust / Honesty / Deception
1412,Vengeance does not spoil with keeping.,1,1,1.3,Europe (general),{'Europe (general)': 'Vengeance does not spoil with keeping'},1,Other
1415,You must take the world as you find it.,1,1,1.3,Europe (general),{'Europe (general)': 'You must take the world as you find it'},1,Other
1418,Mild physician-putrid wounds.,1,1,1.3,Europe (general),{'Europe (general)': 'Mild physician—putrid wounds'},1,Other
1419,Avoid spoil the ship for a halfpennyworth of tar.,1,1,1.3,Western Europe and the Americas,"{'Western Europe and the Americas': ""Don't spoil the ship for a halfpennyworth of tar""}",1,Prudence / Risk & Uncertainty
1421,"Who spits against the wind, it falls in his face.",1,1,1.3,Europe (general),"{'Europe (general)': 'Who spits against the wind, it falls in his face'}",1,Other
1425,Make a virtue of necessity.,1,1,1.3,Europe (general),{'Europe (general)': 'Make a virtue of necessity'},1,Other
1426,Life without a friend is death without a witness.,1,1,1.3,Global type (Kuusi),{'Global type (Kuusi)': 'Life without a friend is death without a witness'},1,Cooperation / Social Support
1431,A man's best fortune or his worst is his wife.,1,1,1.3,Global type (Kuusi),"{'Global type (Kuusi)': ""A man's best fortune or his worst is his wife""}",1,Fate / Fortune / Opportunity
1433,It's like drawing blood from a stone.,1,1,1.3,Global type (Kuusi),"{'Global type (Kuusi)': ""It's like drawing blood from a stone""}",1,Family / Kinship / Obligation
1435,All rivers run into the sea.,1,1,1.3,Europe (general),{'Europe (general)': 'All rivers run into the sea'},1,Other
1436,Better one-eyed than stone-blind.,1,1,1.3,Global type (Kuusi),{'Global type (Kuusi)': 'Better one-eyed than stone-blind'},1,Other
1446,"As the wind blows, you must set your sails.",1,1,1.3,Europe (general),"{'Europe (general)': 'As the wind blows, you must set your sails'}",1,Other
1448,Best fishing in troubled waters.,1,1,1.3,Global type (Kuusi),{'Global type (Kuusi)': 'Best fishing in troubled waters'},1,Other
1449,Love is stronger than death.,1,1,1.3,Europe (general),{'Europe (general)': 'Love is stronger than death'},1,Other
1451,Talk of the wolf and his tail appears.,1,1,1.3,Global type (Kuusi),{'Global type (Kuusi)': 'Talk of the wolf and his tail appears'},1,Trust / Honesty / Deception
1458,Deep calls to deep.,1,1,1.3,Global type (Kuusi),{'Global type (Kuusi)': 'Deep calls to deep'},1,Other
1460,Avoid look a gift horse in the mouth.,1,1,1.3,Global type (Kuusi),{'Global type (Kuusi)': 'Do not look a gift horse in the mouth'},1,Prudence / Risk & Uncertainty
1463,An ape is never so like an ape as when he wears a doctor's cape.,1,1,1.3,Global type (Kuusi),"{'Global type (Kuusi)': ""An ape is never so like an ape as when he wears a doctor's cape""}",1,Prudence / Risk & Uncertainty
1464,There is no smoke without fire.,1,1,1.3,Global type (Kuusi),{'Global type (Kuusi)': 'There is no smoke without fire'},1,Other
1465,Wood burns most bright when joined with other wood.,1,1,1.3,Global type (Kuusi),{'Global type (Kuusi)': 'Wood burns most bright when joined with other wood'},1,Other
1473,"All the world's a stage, and all the men and women merely players.",1,1,1.3,Global type (Kuusi),"{'Global type (Kuusi)': ""All the world's a stage, and all the men and women merely players""}",1,Other
1475,You can't get figs from thistles.,1,1,1.3,Global type (Kuusi),"{'Global type (Kuusi)': ""You can't get figs from thistles""}",1,Other
1476,Better A bad bush than no shelter.,1,1,1.3,Eastern Europe,{'Eastern Europe': 'A bad bush is better than no shelter'},1,Other
1477,Life is not a bed of roses.,1,1,1.3,Europe (general),{'Europe (general)': 'Life is not a bed of roses'},1,Other
1479,All roads lead to Rome.,1,1,1.3,Global type (Kuusi),{'Global type (Kuusi)': 'All roads lead to Rome'},1,Other
1482,The dogs bark but the caravan goes on.,1,1,1.3,Global type (Kuusi),{'Global type (Kuusi)': 'The dogs bark but the caravan goes on'},1,Other
1485,Let not your tongue cut your throat.,1,1,1.3,Global type (Kuusi),{'Global type (Kuusi)': 'Let not your tongue cut your throat'},1,Knowledge / Speech / Silence
1487,Spare the rod and spoil the child.,1,1,1.3,Global type (Kuusi),{'Global type (Kuusi)': 'Spare the rod and spoil the child'},1,Family / Kinship / Obligation
1488,Many a true word is spoken in jest.,1,1,1.3,Global type (Kuusi),{'Global type (Kuusi)': 'Many a true word is spoken in jest'},1,Knowledge / Speech / Silence
1490,A voluntary burden is no burden.,1,1,1.3,Europe (general),{'Europe (general)': 'A voluntary burden is no burden.'},1,Other
1495,In the kingdom of the blind the one-eyed is king.,1,1,1.3,Global type (Kuusi),{'Global type (Kuusi)': 'In the kingdom of the blind the one-eyed is king'},1,Family / Kinship / Obligation
1501,After joy comes sorrow.,1,1,1.3,Global type (Kuusi),{'Global type (Kuusi)': 'After joy comes sorrow'},1,Other
1504,Sheep follow sheep.,1,1,1.3,Global type (Kuusi),{'Global type (Kuusi)': 'Sheep follow sheep'},1,Other
1505,"He's the rock, the oak, not to be wind-shaken (Shakespeare).",1,1,1.3,Global type (Kuusi),"{'Global type (Kuusi)': ""He's the rock, the oak, not to be wind-shaken (Shakespeare)""}",1,Other
1507,There is the sea - and who shall drain it dry? (Aischylos).,1,1,1.3,Global type (Kuusi),{'Global type (Kuusi)': 'There is the sea - and who shall drain it dry? (Aischylos)'},1,Other
1511,Catch not a shadow and lose the substance.,1,1,1.3,Europe (general),{'Europe (general)': 'Catch not a shadow and lose the substance'},1,Other
1516,It is true that all men say.,1,1,1.3,Europe (general),{'Europe (general)': 'It is true that all men say'},1,Other
1521,To give a thing and take a thing is fit for the devil's darling.,1,1,1.3,Global type (Kuusi),"{'Global type (Kuusi)': ""To give a thing and take a thing is fit for the devil's darling""}",1,Other
1524,Where there is no shame there is no honour.,1,1,1.3,Europe (general),{'Europe (general)': 'Where there is no shame there is no honour'},1,Other
1525,The eye is the mirror of the soul.,1,1,1.3,Global type (Kuusi),{'Global type (Kuusi)': 'The eye is the mirror of the soul'},1,Other
1526,Happy Tommy Crump ne'er sees his own hump.,1,1,1.3,Global type (Kuusi),"{'Global type (Kuusi)': ""Happy Tommy Crump ne'er sees his own hump""}",1,Other
1527,He dances merrily whom fortune pipes to.,1,1,1.3,Europe (general),{'Europe (general)': 'He dances merrily whom fortune pipes to'},1,Fate / Fortune / Opportunity
1530,It's a small world.,1,1,1.3,Global type (Kuusi),"{'Global type (Kuusi)': ""It's a small world""}",1,Other
1531,Crows do not pick out crow's eyes.,1,1,1.3,Global type (Kuusi),"{'Global type (Kuusi)': ""Crows do not pick out crow's eyes""}",1,Other
1532,Misfortunes never come alone.,1,1,1.3,Global type (Kuusi),{'Global type (Kuusi)': 'Misfortunes never come alone'},1,Prudence / Risk & Uncertainty
1533,There is no little enemy.,1,1,1.3,Europe (general),{'Europe (general)': 'There is no little enemy'},1,Other
1535,"If you have not a capon, then feed on onion.",1,1,1.3,Europe (general),"{'Europe (general)': 'If you have not a capon, feed on onion'}",1,Other
1542,He that steals an egg will steal an ox.,1,1,1.3,Global type (Kuusi),{'Global type (Kuusi)': 'He that steals an egg will steal an ox'},1,Other
1543,Avoid cast your pearls before swine.,1,1,1.3,Global type (Kuusi),{'Global type (Kuusi)': 'Do not cast your pearls before swine'},1,Prudence / Risk & Uncertainty
1544,"Whom fortune wishes to destroy, she first makes mad.",1,1,1.3,Western Europe and the Americas,"{'Western Europe and the Americas': 'Whom fortune wishes to destroy, she first makes mad'}",1,Fate / Fortune / Opportunity
1545,"The cat and dog may kiss, yet are none the better friends.",1,1,1.3,Global type (Kuusi),"{'Global type (Kuusi)': 'The cat and dog may kiss, yet are none the better friends'}",1,Cooperation / Social Support
1546,A bad workman quarrels with his tools.,1,1,1.3,Global type (Kuusi),{'Global type (Kuusi)': 'A bad workman quarrels with his tools'},1,Effort / Time / Persistence
1547,Better be than seem good.,1,1,1.3,Europe (general),{'Europe (general)': 'Better to be than to seem good'},1,Other
1550,Where there is butter there are flies.,1,1,1.3,Global type (Kuusi),{'Global type (Kuusi)': 'Where there is butter there are flies'},1,Trust / Honesty / Deception
1553,Choose a wife rather by your ear than your eye.,1,1,1.3,Europe (general),{'Europe (general)': 'Choose a wife rather by your ear than your eye'},1,Other
1556,Nothing is so certain as the unexpected.,1,1,1.3,Europe (general),{'Europe (general)': 'Nothing is so certain as the unexpected'},1,Other
1558,Nature is content with little.,1,1,1.3,Europe (general),{'Europe (general)': 'Nature is content with little'},1,Other
1571,Building upon the sand.,1,1,1.3,Global type (Kuusi),{'Global type (Kuusi)': 'Building upon the sand'},1,Other
1573,Behind the cross there is the devil.,1,1,1.3,Europe (general),{'Europe (general)': 'Behind the cross there is the devil'},1,Other
1576,Good fortune comes to some people while they are asleep.,1,1,1.3,Europe (general),{'Europe (general)': 'Good fortune comes to some people while they are asleep'},1,Fate / Fortune / Opportunity
1581,To leap out of the frying pan into the fire.,1,1,1.3,Global type (Kuusi),{'Global type (Kuusi)': 'To leap out of the frying pan into the fire'},1,Other
1584,Wishers and woulders are never good householders.,1,1,1.3,Global type (Kuusi),{'Global type (Kuusi)': 'Wishers and woulders are never good householders'},1,Prudence / Risk & Uncertainty
1587,"A woman, a dog and a walnut-tree, the more you beat them the better they'll be.",1,1,1.3,Europe (general),"{'Europe (general)': ""A woman, a dog and a walnut-tree, the more you beat them the better they'll be""}",1,Family / Kinship / Obligation
1596,Every bird think its own nest best.,1,1,1.3,Global type (Kuusi),{'Global type (Kuusi)': 'Every bird think its own nest best'},1,Other
1597,There is no hair so small but has its shadow.,1,1,1.3,Finnish and Baltic Sea cultures,{'Finnish and Baltic Sea cultures': 'There is no hair so small but has its shadow'},1,Other
1605,Self-praise is no praise.,1,1,1.3,Global type (Kuusi),{'Global type (Kuusi)': 'Self-praise is no praise'},1,Other
